# Blender 5.0.0
# www.blender.org
mtllib Masjid1.mtl
o Plane
v 0.006445 0.779214 0.157932
v 0.007341 0.780985 0.158258
v 0.037061 0.782469 0.169062
v 0.037061 0.779354 0.169062
v 0.005587 0.777565 0.157621
v -0.003945 0.813343 0.154156
v -0.005643 0.815278 0.153538
v 0.036724 0.777377 0.168939
v 0.004525 0.775841 0.157234
v -0.006747 0.816553 0.153137
v 0.035992 0.774861 0.168673
v 0.003363 0.774364 0.156812
v 0.035147 0.771925 0.168366
v 0.002420 0.772923 0.156469
v 0.034246 0.769170 0.168039
v 0.001012 0.771261 0.155957
v -0.002395 0.811895 0.154719
v 0.033008 0.766474 0.167588
v 0.002705 0.818795 0.156573
v 0.006110 0.817587 0.157811
v -0.000828 0.769810 0.155288
v -0.000926 0.810598 0.155253
v 0.031487 0.764018 0.167036
v -0.000457 0.819485 0.155423
v -0.002615 0.768503 0.154639
v 0.000208 0.809515 0.155665
v 0.029517 0.761441 0.166319
v -0.005450 0.767149 0.153608
v 0.001190 0.808489 0.156022
v 0.027434 0.759345 0.165562
v -0.008589 0.766570 0.152467
v 0.001926 0.807509 0.156290
v 0.025181 0.757488 0.164743
v -0.012484 0.766536 0.151051
v 0.002883 0.806152 0.156637
v 0.022197 0.755690 0.163659
v 0.009272 0.816552 0.158960
v -0.015538 0.766834 0.149941
v 0.003720 0.805030 0.156942
v 0.018875 0.753953 0.162451
v 0.012272 0.815344 0.160051
v -0.018540 0.767497 0.148850
v 0.004737 0.803511 0.157312
v 0.015722 0.752216 0.161305
v 0.014867 0.814050 0.160994
v -0.021503 0.768302 0.147773
v 0.005464 0.802250 0.157576
v 0.011049 0.750359 0.159606
v 0.017380 0.812670 0.161907
v -0.025271 0.769912 0.146403
v 0.006312 0.800492 0.157884
v 0.007052 0.749220 0.158153
v 0.020056 0.811031 0.162880
v -0.027417 0.771010 0.145623
v 0.007305 0.798518 0.158245
v 0.001309 0.748621 0.156065
v 0.022407 0.809306 0.163735
v -0.029762 0.772510 0.144770
v 0.007931 0.796582 0.158473
v -0.003027 0.748681 0.154489
v 0.024920 0.807494 0.164648
v -0.031793 0.773774 0.144032
v 0.008381 0.794662 0.158636
v -0.007193 0.748861 0.152975
v 0.026947 0.805423 0.165385
v -0.032997 0.774637 0.143594
v 0.008765 0.792948 0.158776
v -0.011641 0.749400 0.151358
v 0.028731 0.803439 0.166034
v 0.008979 0.791044 0.158853
v -0.017440 0.751796 0.149250
v 0.030920 0.800765 0.166829
v 0.009049 0.789151 0.158879
v -0.020987 0.754432 0.147960
v 0.032866 0.797659 0.167537
v 0.008886 0.787344 0.158820
v -0.024591 0.757428 0.146650
v 0.034406 0.794295 0.168097
v 0.008671 0.786000 0.158742
v -0.027913 0.760962 0.145443
v 0.035541 0.791276 0.168509
v 0.008369 0.784458 0.158632
v -0.030277 0.764137 0.144583
v 0.036273 0.788580 0.168776
v 0.007886 0.782679 0.158456
v 0.036780 0.785584 0.168960
v -0.000095 0.816867 0.150025
v 0.003518 0.815744 0.151339
v 0.006785 0.814850 0.152526
v 0.009811 0.813821 0.153627
v 0.012383 0.812733 0.154561
v 0.014881 0.811566 0.155469
v 0.017488 0.810187 0.156417
v 0.019932 0.808619 0.157306
v 0.022513 0.807008 0.158244
v 0.024659 0.805074 0.159024
v 0.026548 0.803237 0.159711
v 0.028835 0.800722 0.160542
v 0.030869 0.797786 0.161281
v 0.032481 0.794615 0.161867
v 0.033706 0.791726 0.162313
v 0.034526 0.789139 0.162611
v 0.035111 0.786261 0.162824
v 0.035461 0.783274 0.162951
v 0.035525 0.780293 0.162974
v 0.035243 0.778378 0.162871
v 0.034570 0.775972 0.162627
v 0.033772 0.773168 0.162337
v 0.032904 0.770539 0.162021
v 0.031690 0.767957 0.161580
v 0.030193 0.765623 0.161036
v 0.028254 0.763192 0.160331
v 0.026189 0.761229 0.159580
v 0.023961 0.759519 0.158770
v 0.021005 0.757872 0.157696
v 0.017735 0.756299 0.156507
v 0.014647 0.754748 0.155384
v 0.010116 0.753116 0.153737
v 0.006164 0.752175 0.152301
v 0.000634 0.751803 0.150291
v -0.003593 0.752079 0.148754
v -0.007616 0.752472 0.147291
v -0.011862 0.753226 0.145748
v -0.017409 0.755832 0.143731
v -0.020932 0.758868 0.142451
v -0.024441 0.762168 0.141175
v -0.027669 0.766022 0.140002
v -0.029872 0.769425 0.139201
v -0.000727 0.816601 0.149796
v 0.000964 0.814666 0.150411
v 0.002555 0.813162 0.150989
v 0.004095 0.811765 0.151548
v 0.005309 0.810544 0.151990
v 0.006360 0.809365 0.152372
v 0.007174 0.808184 0.152668
v 0.008139 0.806715 0.153019
v 0.009009 0.805438 0.153335
v 0.010011 0.803813 0.153699
v 0.010721 0.802428 0.153957
v 0.011554 0.800531 0.154260
v 0.012534 0.798402 0.154616
v 0.013137 0.796285 0.154836
v 0.013546 0.794240 0.154984
v 0.013887 0.792417 0.155108
v 0.014055 0.790396 0.155169
v 0.014080 0.788374 0.155178
v 0.013865 0.786435 0.155100
v 0.013612 0.785027 0.155008
v 0.013269 0.783373 0.154884
v 0.012744 0.781463 0.154693
v 0.012162 0.779648 0.154481
v 0.011229 0.777771 0.154142
v 0.010340 0.776008 0.153819
v 0.009239 0.774148 0.153419
v 0.008048 0.772549 0.152986
v 0.007089 0.770961 0.152637
v 0.005668 0.769144 0.152120
v 0.003794 0.767519 0.151439
v 0.001967 0.766010 0.150775
v -0.000983 0.764410 0.149703
v -0.004147 0.763613 0.148552
v -0.008256 0.763350 0.147059
v -0.011419 0.763433 0.145909
v -0.014577 0.763904 0.144761
v -0.017778 0.764566 0.143597
v -0.021845 0.766093 0.142119
v -0.024115 0.767072 0.141294
v -0.026621 0.768525 0.140383
v -0.028816 0.769807 0.139585
v -0.030225 0.770787 0.139073
v -0.003646 0.816867 0.159793
v -0.000033 0.815744 0.161107
v -0.007446 0.818906 0.152883
v 0.003234 0.814850 0.162294
v 0.006260 0.813821 0.163395
v 0.008832 0.812733 0.164330
v 0.011330 0.811566 0.165238
v 0.013937 0.810187 0.166185
v 0.016381 0.808619 0.167074
v 0.018962 0.807008 0.168012
v 0.021108 0.805074 0.168792
v 0.022997 0.803237 0.169479
v 0.025284 0.800722 0.170310
v 0.027318 0.797786 0.171050
v 0.028930 0.794615 0.171635
v 0.030155 0.791726 0.172081
v 0.030975 0.789139 0.172379
v 0.031560 0.786261 0.172592
v 0.031910 0.783274 0.172719
v 0.031974 0.780293 0.172742
v 0.031692 0.778378 0.172640
v 0.031019 0.775972 0.172395
v 0.030221 0.773168 0.172105
v 0.029353 0.770539 0.171790
v 0.028139 0.767957 0.171348
v 0.026642 0.765623 0.170804
v 0.024703 0.763192 0.170099
v 0.022638 0.761229 0.169348
v 0.020410 0.759519 0.168538
v 0.017454 0.757872 0.167464
v 0.014184 0.756299 0.166275
v 0.011096 0.754748 0.165152
v 0.006565 0.753116 0.163505
v 0.002613 0.752175 0.162069
v -0.002917 0.751803 0.160059
v -0.007144 0.752079 0.158522
v -0.011167 0.752472 0.157059
v -0.015413 0.753226 0.155516
v -0.020960 0.755832 0.153500
v -0.024483 0.758868 0.152219
v -0.027992 0.762168 0.150943
v -0.031220 0.766022 0.149770
v -0.033423 0.769425 0.148969
v -0.034055 0.773318 0.143210
v -0.004278 0.816601 0.159564
v -0.002587 0.814666 0.160179
v -0.000996 0.813162 0.160757
v 0.000544 0.811765 0.161317
v 0.001758 0.810544 0.161758
v 0.002809 0.809365 0.162140
v 0.003623 0.808184 0.162436
v 0.004588 0.806715 0.162787
v 0.005458 0.805438 0.163103
v 0.006460 0.803813 0.163467
v 0.007170 0.802428 0.163726
v 0.008003 0.800531 0.164028
v 0.008983 0.798402 0.164384
v 0.009586 0.796285 0.164604
v 0.009995 0.794240 0.164752
v 0.010336 0.792417 0.164876
v 0.010504 0.790396 0.164937
v 0.010529 0.788374 0.164946
v 0.010314 0.786435 0.164868
v 0.010061 0.785027 0.164776
v 0.009718 0.783373 0.164652
v 0.009193 0.781463 0.164461
v 0.008611 0.779648 0.164249
v 0.007678 0.777771 0.163910
v 0.006789 0.776008 0.163587
v 0.005688 0.774148 0.163187
v 0.004497 0.772549 0.162754
v 0.003538 0.770961 0.162405
v 0.002117 0.769144 0.161888
v 0.000243 0.767519 0.161207
v -0.001584 0.766010 0.160543
v -0.004534 0.764410 0.159471
v -0.007698 0.763613 0.158320
v -0.011807 0.763350 0.156827
v -0.014970 0.763433 0.155677
v -0.018128 0.763904 0.154529
v -0.021329 0.764566 0.153365
v -0.025396 0.766093 0.151887
v -0.027666 0.767072 0.151062
v -0.030172 0.768525 0.150151
v -0.032367 0.769807 0.149353
v -0.033775 0.770787 0.148841
v 0.546907 -0.001423 0.039533
v 0.546907 0.020362 0.039533
v 0.235518 -0.001423 0.896122
v 0.235518 0.020362 0.896122
v -0.309682 -0.001423 -0.271857
v -0.309682 0.020362 -0.271857
v -0.621072 -0.001423 0.584733
v -0.621072 0.020362 0.584733
v 0.010767 0.767436 0.162310
v -0.040439 0.660295 0.143695
v -0.076022 0.624459 0.130760
v -0.088552 0.595206 0.126205
v -0.067896 0.637344 0.133714
v -0.043665 0.660295 0.164708
v -0.081489 0.624459 0.166374
v -0.094808 0.595206 0.166961
v -0.097731 0.533139 0.167090
v -0.072851 0.637344 0.165994
v -0.038603 0.660295 0.185355
v -0.072911 0.624459 0.201370
v -0.084992 0.595206 0.207009
v -0.065076 0.637344 0.197712
v -0.026026 0.660295 0.202494
v -0.051594 0.624459 0.230419
v -0.060597 0.595206 0.240252
v -0.062572 0.533139 0.242409
v -0.045755 0.637344 0.224041
v -0.007847 0.660295 0.213516
v -0.020783 0.624459 0.249099
v -0.025337 0.595206 0.261629
v -0.017828 0.637344 0.240972
v 0.013165 0.660295 0.216741
v 0.014832 0.624459 0.254566
v 0.015419 0.595206 0.267885
v 0.015547 0.533139 0.270808
v 0.014451 0.637344 0.245927
v 0.033813 0.660295 0.211680
v 0.049827 0.624459 0.245988
v 0.055467 0.595206 0.258069
v 0.046170 0.637344 0.238153
v 0.050952 0.660295 0.199103
v 0.078876 0.624459 0.224670
v 0.088710 0.595206 0.233674
v 0.090867 0.533139 0.235649
v 0.072499 0.637344 0.218831
v 0.061973 0.660295 0.180924
v 0.097556 0.624459 0.193859
v 0.110086 0.595206 0.198414
v 0.089430 0.637344 0.190905
v 0.065199 0.660295 0.159911
v 0.103023 0.624459 0.158245
v 0.116343 0.595206 0.157658
v 0.119265 0.533139 0.157529
v 0.094385 0.637344 0.158625
v 0.060138 0.660295 0.139264
v 0.094445 0.624459 0.123249
v 0.106526 0.595206 0.117610
v 0.086610 0.637344 0.126907
v 0.047561 0.660295 0.122125
v 0.073128 0.624459 0.094200
v 0.082131 0.595206 0.084367
v 0.084107 0.533139 0.082210
v 0.067289 0.637344 0.100578
v 0.029382 0.660295 0.111103
v 0.042317 0.624459 0.075520
v 0.046872 0.595206 0.062990
v 0.039363 0.637344 0.083647
v 0.008369 0.660295 0.107878
v 0.006703 0.624459 0.070053
v 0.006116 0.595206 0.056734
v 0.005987 0.533139 0.053811
v 0.007083 0.637344 0.078692
v -0.012279 0.660295 0.112939
v -0.028293 0.624459 0.078631
v -0.033932 0.595206 0.066550
v -0.024636 0.637344 0.086466
v -0.029418 0.660295 0.125516
v -0.057342 0.624459 0.099949
v -0.067175 0.595206 0.090945
v -0.069333 0.533139 0.088970
v -0.050965 0.637344 0.105788
v 0.007868 0.753333 0.161256
v 0.005423 0.734537 0.160367
v 0.007096 0.749051 0.160975
v 0.006360 0.743976 0.160707
v 0.005773 0.738879 0.160494
v 0.005087 0.734537 0.162560
v 0.007685 0.753333 0.162445
v 0.005458 0.738879 0.162543
v 0.006082 0.743976 0.162516
v 0.006864 0.749051 0.162481
v 0.005615 0.734537 0.164715
v 0.007972 0.753333 0.163614
v 0.005952 0.738879 0.164557
v 0.006518 0.743976 0.164293
v 0.007227 0.749051 0.163962
v 0.006928 0.734537 0.166503
v 0.008684 0.753333 0.164585
v 0.007179 0.738879 0.166229
v 0.007600 0.743976 0.165768
v 0.008129 0.749051 0.165191
v 0.008825 0.734537 0.167653
v 0.009713 0.753333 0.165209
v 0.008952 0.738879 0.167304
v 0.009165 0.743976 0.166717
v 0.009433 0.749051 0.165981
v 0.011017 0.734537 0.167990
v 0.010903 0.753333 0.165392
v 0.011001 0.738879 0.167619
v 0.010974 0.743976 0.166994
v 0.010939 0.749051 0.166212
v 0.013172 0.734537 0.167462
v 0.012072 0.753333 0.165105
v 0.013015 0.738879 0.167125
v 0.012751 0.743976 0.166559
v 0.012420 0.749051 0.165849
v 0.014961 0.734537 0.166149
v 0.013043 0.753333 0.164393
v 0.014687 0.738879 0.165898
v 0.014226 0.743976 0.165476
v 0.013649 0.749051 0.164948
v 0.016111 0.734537 0.164252
v 0.013667 0.753333 0.163363
v 0.015762 0.738879 0.164125
v 0.015174 0.743976 0.163912
v 0.014439 0.749051 0.163644
v 0.016448 0.734537 0.162059
v 0.013849 0.753333 0.162174
v 0.016076 0.738879 0.162076
v 0.015452 0.743976 0.162103
v 0.014670 0.749051 0.162138
v 0.015919 0.734537 0.159905
v 0.013563 0.753333 0.161005
v 0.015583 0.738879 0.160062
v 0.015016 0.743976 0.160326
v 0.014307 0.749051 0.160657
v 0.014607 0.734537 0.158116
v 0.012850 0.753333 0.160034
v 0.014356 0.738879 0.158390
v 0.013934 0.743976 0.158851
v 0.013405 0.749051 0.159428
v 0.012710 0.734537 0.156966
v 0.011821 0.753333 0.159410
v 0.012583 0.738879 0.157315
v 0.012369 0.743976 0.157902
v 0.012102 0.749051 0.158638
v 0.010517 0.734537 0.156629
v 0.010631 0.753333 0.159228
v 0.010533 0.738879 0.157000
v 0.010561 0.743976 0.157625
v 0.010595 0.749051 0.158407
v 0.008362 0.734537 0.157157
v 0.009462 0.753333 0.159514
v 0.008519 0.738879 0.157494
v 0.008784 0.743976 0.158060
v 0.009115 0.749051 0.158770
v 0.006574 0.734537 0.158470
v 0.008492 0.753333 0.160226
v 0.006848 0.738879 0.158721
v 0.007309 0.743976 0.159143
v 0.007886 0.749051 0.159671
v 0.004715 0.726696 0.160109
v 0.005289 0.732147 0.160318
v 0.005057 0.729415 0.160234
v 0.004944 0.732147 0.162566
v 0.004333 0.726696 0.162593
v 0.004698 0.729415 0.162577
v 0.005486 0.732147 0.164775
v 0.004932 0.726696 0.165034
v 0.005262 0.729415 0.164879
v 0.006831 0.732147 0.166608
v 0.006418 0.726696 0.167059
v 0.006665 0.729415 0.166790
v 0.008776 0.732147 0.167787
v 0.008567 0.726696 0.168362
v 0.008692 0.729415 0.168019
v 0.011024 0.732147 0.168132
v 0.011051 0.726696 0.168743
v 0.011035 0.729415 0.168379
v 0.013233 0.732147 0.167591
v 0.013491 0.726696 0.168145
v 0.013337 0.729415 0.167815
v 0.015066 0.732147 0.166245
v 0.015517 0.726696 0.166658
v 0.015248 0.729415 0.166412
v 0.016245 0.732147 0.164301
v 0.016820 0.726696 0.164510
v 0.016477 0.729415 0.164385
v 0.016590 0.732147 0.162053
v 0.017201 0.726696 0.162026
v 0.016837 0.729415 0.162042
v 0.016049 0.732147 0.159844
v 0.016603 0.726696 0.159585
v 0.016272 0.729415 0.159740
v 0.014703 0.732147 0.158011
v 0.015116 0.726696 0.157560
v 0.014870 0.729415 0.157829
v 0.012759 0.732147 0.156832
v 0.012967 0.726696 0.156257
v 0.012843 0.729415 0.156600
v 0.010511 0.732147 0.156487
v 0.010484 0.726696 0.155876
v 0.010500 0.729415 0.156240
v 0.008302 0.732147 0.157028
v 0.008043 0.726696 0.156474
v 0.008197 0.729415 0.156804
v 0.006468 0.732147 0.158374
v 0.006017 0.726696 0.157961
v 0.006286 0.729415 0.158207
v 0.004098 0.722729 0.159885
v -0.000047 0.707321 0.158378
v 0.003091 0.717755 0.159519
v 0.001573 0.712115 0.158967
v -0.000728 0.707321 0.162816
v 0.003678 0.722729 0.162622
v 0.000994 0.712115 0.162740
v 0.002607 0.717755 0.162669
v 0.000341 0.707321 0.167176
v 0.004337 0.722729 0.165311
v 0.001903 0.712115 0.166447
v 0.003366 0.717755 0.165764
v 0.002997 0.707321 0.170796
v 0.005975 0.722729 0.167543
v 0.004161 0.712115 0.169524
v 0.005251 0.717755 0.168334
v 0.006836 0.707321 0.173124
v 0.008343 0.722729 0.168979
v 0.007425 0.712115 0.171503
v 0.007977 0.717755 0.169986
v 0.011274 0.707321 0.173805
v 0.011080 0.722729 0.169399
v 0.011198 0.712115 0.172082
v 0.011127 0.717755 0.170470
v 0.015634 0.707321 0.172736
v 0.013769 0.722729 0.168740
v 0.014905 0.712115 0.171174
v 0.014222 0.717755 0.169711
v 0.019254 0.707321 0.170080
v 0.016001 0.722729 0.167101
v 0.017982 0.712115 0.168915
v 0.016791 0.717755 0.167825
v 0.021581 0.707321 0.166241
v 0.017436 0.722729 0.164734
v 0.019961 0.712115 0.165652
v 0.018444 0.717755 0.165100
v 0.022263 0.707321 0.161803
v 0.017856 0.722729 0.161997
v 0.020540 0.712115 0.161879
v 0.018927 0.717755 0.161950
v 0.021194 0.707321 0.157443
v 0.017197 0.722729 0.159308
v 0.019631 0.712115 0.158172
v 0.018169 0.717755 0.158855
v 0.018538 0.707321 0.153823
v 0.015559 0.722729 0.157076
v 0.017373 0.712115 0.155095
v 0.016283 0.717755 0.156285
v 0.014698 0.707321 0.151495
v 0.013192 0.722729 0.155640
v 0.014109 0.712115 0.153116
v 0.013558 0.717755 0.154633
v 0.010261 0.707321 0.150814
v 0.010455 0.722729 0.155220
v 0.010337 0.712115 0.152537
v 0.010408 0.717755 0.154149
v 0.005900 0.707321 0.151883
v 0.007766 0.722729 0.155880
v 0.006629 0.712115 0.153445
v 0.007312 0.717755 0.154908
v 0.002281 0.707321 0.154539
v 0.005534 0.722729 0.157518
v 0.003552 0.712115 0.155704
v 0.004743 0.717755 0.156794
v -0.001977 0.702372 0.157677
v -0.008449 0.688968 0.155324
v -0.003840 0.698024 0.156999
v -0.006209 0.693118 0.156138
v -0.009660 0.688968 0.163209
v -0.002780 0.702372 0.162906
v -0.007278 0.693118 0.163105
v -0.004760 0.698024 0.162994
v -0.007761 0.688968 0.170958
v -0.001520 0.702372 0.168045
v -0.005601 0.693118 0.169950
v -0.003317 0.698024 0.168884
v -0.003041 0.688968 0.177390
v 0.001610 0.702372 0.172311
v -0.001431 0.693118 0.175632
v 0.000271 0.698024 0.173773
v 0.003782 0.688968 0.181526
v 0.006134 0.702372 0.175054
v 0.004596 0.693118 0.179286
v 0.005457 0.698024 0.176917
v 0.011667 0.688968 0.182737
v 0.011364 0.702372 0.175857
v 0.011562 0.693118 0.180355
v 0.011451 0.698024 0.177837
v 0.019416 0.688968 0.180837
v 0.016503 0.702372 0.174597
v 0.018408 0.693118 0.178677
v 0.017341 0.698024 0.176393
v 0.025848 0.688968 0.176117
v 0.020769 0.702372 0.171467
v 0.024090 0.693118 0.174508
v 0.022231 0.698024 0.172805
v 0.029984 0.688968 0.169295
v 0.023512 0.702372 0.166942
v 0.027743 0.693118 0.168481
v 0.025375 0.698024 0.167620
v 0.031194 0.688968 0.161410
v 0.024314 0.702372 0.161713
v 0.028813 0.693118 0.161514
v 0.026295 0.698024 0.161625
v 0.029295 0.688968 0.153661
v 0.023055 0.702372 0.156574
v 0.027135 0.693118 0.154669
v 0.024851 0.698024 0.155735
v 0.024575 0.688968 0.147229
v 0.019925 0.702372 0.152308
v 0.022965 0.693118 0.148987
v 0.021263 0.698024 0.150846
v 0.017753 0.688968 0.143093
v 0.015400 0.702372 0.149565
v 0.016938 0.693118 0.145333
v 0.016077 0.698024 0.147702
v 0.009867 0.688968 0.141882
v 0.010170 0.702372 0.148762
v 0.009972 0.693118 0.144264
v 0.010083 0.698024 0.146782
v 0.002119 0.688968 0.143782
v 0.005031 0.702372 0.150022
v 0.003127 0.693118 0.145942
v 0.004193 0.698024 0.148226
v -0.004313 0.688968 0.148502
v 0.000766 0.702372 0.153152
v -0.002555 0.693118 0.150111
v -0.000696 0.698024 0.151814
v -0.011427 0.683863 0.154241
v -0.026498 0.668584 0.148763
v -0.015511 0.678276 0.152757
v -0.021028 0.672683 0.150751
v -0.028846 0.668584 0.164055
v -0.012825 0.683863 0.163349
v -0.023031 0.672683 0.163799
v -0.017167 0.678276 0.163540
v -0.025163 0.668584 0.179081
v -0.010631 0.683863 0.172298
v -0.019888 0.672683 0.176619
v -0.014570 0.678276 0.174136
v -0.016009 0.668584 0.191554
v -0.005180 0.683863 0.179727
v -0.012079 0.672683 0.187261
v -0.008115 0.678276 0.182932
v -0.002780 0.668584 0.199575
v 0.002699 0.683863 0.184504
v -0.000791 0.672683 0.194105
v 0.001214 0.678276 0.188588
v 0.012512 0.668584 0.201923
v 0.011807 0.683863 0.185902
v 0.012256 0.672683 0.196108
v 0.011998 0.678276 0.190244
v 0.027539 0.668584 0.198239
v 0.020756 0.683863 0.183708
v 0.025077 0.672683 0.192965
v 0.022594 0.678276 0.187646
v 0.040012 0.668584 0.189086
v 0.028184 0.683863 0.178257
v 0.035719 0.672683 0.185155
v 0.031390 0.678276 0.181192
v 0.048033 0.668584 0.175856
v 0.032961 0.683863 0.170378
v 0.042562 0.672683 0.173868
v 0.037046 0.678276 0.171862
v 0.050380 0.668584 0.160564
v 0.034359 0.683863 0.161270
v 0.044565 0.672683 0.160820
v 0.038701 0.678276 0.161079
v 0.046697 0.668584 0.145538
v 0.032166 0.683863 0.152321
v 0.041423 0.672683 0.148000
v 0.036104 0.678276 0.150483
v 0.037544 0.668584 0.133065
v 0.026714 0.683863 0.144892
v 0.033613 0.672683 0.137358
v 0.029649 0.678276 0.141687
v 0.024314 0.668584 0.125044
v 0.018835 0.683863 0.140115
v 0.022325 0.672683 0.130514
v 0.020320 0.678276 0.136031
v 0.009022 0.668584 0.122697
v 0.009728 0.683863 0.138717
v 0.009278 0.672683 0.128511
v 0.009536 0.678276 0.134375
v -0.006004 0.668584 0.126380
v 0.000779 0.683863 0.140911
v -0.003543 0.672683 0.131654
v -0.001060 0.678276 0.136973
v -0.018478 0.668584 0.135533
v -0.006650 0.683863 0.146362
v -0.014185 0.672683 0.139464
v -0.009855 0.678276 0.143427
v -0.051642 0.653049 0.139622
v -0.062918 0.643166 0.135523
v -0.057564 0.648460 0.137470
v -0.067560 0.643166 0.165760
v -0.055574 0.653049 0.165232
v -0.061869 0.648460 0.165510
v -0.060277 0.643166 0.195472
v -0.049405 0.653049 0.190397
v -0.055115 0.648460 0.193063
v -0.042178 0.643166 0.220135
v -0.034076 0.653049 0.211286
v -0.038331 0.648460 0.215934
v -0.016019 0.643166 0.235995
v -0.011920 0.653049 0.224719
v -0.014073 0.648460 0.230641
v 0.014218 0.643166 0.240637
v 0.013690 0.653049 0.228651
v 0.013967 0.648460 0.234945
v 0.043930 0.643166 0.233354
v 0.038855 0.653049 0.222482
v 0.041520 0.648460 0.228192
v 0.068593 0.643166 0.215255
v 0.059744 0.653049 0.207153
v 0.064391 0.648460 0.211408
v 0.084453 0.643166 0.189096
v 0.073177 0.653049 0.184997
v 0.079099 0.648460 0.187149
v 0.089094 0.643166 0.158859
v 0.077108 0.653049 0.159387
v 0.083403 0.648460 0.159109
v 0.081812 0.643166 0.129147
v 0.070940 0.653049 0.134222
v 0.076649 0.648460 0.131556
v 0.063713 0.643166 0.104484
v 0.055611 0.653049 0.113333
v 0.059866 0.648460 0.108685
v 0.037554 0.643166 0.088624
v 0.033454 0.653049 0.099900
v 0.035607 0.648460 0.093978
v 0.007316 0.643166 0.083982
v 0.007844 0.653049 0.095968
v 0.007567 0.648460 0.089674
v -0.022396 0.643166 0.091265
v -0.017321 0.653049 0.102137
v -0.019986 0.648460 0.096427
v -0.047059 0.643166 0.109364
v -0.038210 0.653049 0.117466
v -0.042857 0.648460 0.113211
v -0.083036 0.609833 0.128210
v -0.088945 0.609833 0.166703
v -0.079674 0.609833 0.204526
v -0.056634 0.609833 0.235923
v -0.023332 0.609833 0.256113
v 0.015160 0.609833 0.262022
v 0.052984 0.609833 0.252750
v 0.084381 0.609833 0.229710
v 0.104570 0.609833 0.196409
v 0.110479 0.609833 0.157916
v 0.101208 0.609833 0.120093
v 0.078168 0.609833 0.088696
v 0.044867 0.609833 0.068506
v 0.006374 0.609833 0.062597
v -0.031450 0.609833 0.071869
v -0.062846 0.609833 0.094909
v -0.089883 0.589364 0.125721
v -0.091301 0.576741 0.125205
v -0.090886 0.583088 0.125356
v -0.097731 0.576741 0.167090
v -0.096223 0.589364 0.167023
v -0.097289 0.583088 0.167070
v -0.087643 0.576741 0.208246
v -0.086275 0.589364 0.207608
v -0.087242 0.583088 0.208059
v -0.062572 0.576741 0.242409
v -0.061553 0.589364 0.241296
v -0.062274 0.583088 0.242083
v -0.026337 0.576741 0.264378
v -0.025821 0.589364 0.262960
v -0.026186 0.583088 0.263963
v 0.015547 0.576741 0.270808
v 0.015481 0.589364 0.269300
v 0.015528 0.583088 0.270366
v 0.056704 0.576741 0.260719
v 0.056066 0.589364 0.259352
v 0.056517 0.583088 0.260319
v 0.090867 0.576741 0.235649
v 0.089754 0.589364 0.234630
v 0.090541 0.583088 0.235351
v 0.112836 0.576741 0.199414
v 0.111418 0.589364 0.198898
v 0.112420 0.583088 0.199263
v 0.119265 0.576741 0.157529
v 0.117758 0.589364 0.157596
v 0.118824 0.583088 0.157549
v 0.109177 0.576741 0.116373
v 0.107810 0.589364 0.117011
v 0.108777 0.583088 0.116560
v 0.084107 0.576741 0.082210
v 0.083088 0.589364 0.083323
v 0.083808 0.583088 0.082536
v 0.047871 0.576741 0.060241
v 0.047356 0.589364 0.061659
v 0.047720 0.583088 0.060656
v 0.005987 0.576741 0.053811
v 0.006053 0.589364 0.055319
v 0.006006 0.583088 0.054253
v -0.035170 0.576741 0.063900
v -0.034531 0.589364 0.065267
v -0.034983 0.583088 0.064300
v -0.069333 0.576741 0.088970
v -0.068220 0.589364 0.089989
v -0.069007 0.583088 0.089268
v 0.002659 0.660295 0.215128
v -0.002975 0.624459 0.251832
v -0.004959 0.595206 0.264757
v -0.005395 0.533139 0.267593
v -0.001689 0.637344 0.243450
v 0.010308 0.753333 0.165300
v 0.010186 0.749051 0.166097
v 0.010069 0.743976 0.166856
v 0.009976 0.738879 0.167461
v 0.009921 0.734537 0.167822
v 0.009809 0.726696 0.168553
v 0.009863 0.729415 0.168199
v 0.009900 0.732147 0.167960
v 0.009711 0.722729 0.169189
v 0.009552 0.717755 0.170228
v 0.009311 0.712115 0.171793
v 0.009055 0.707321 0.173464
v 0.008749 0.702372 0.175455
v 0.008454 0.698024 0.177377
v 0.008079 0.693118 0.179820
v 0.007724 0.688968 0.182131
v 0.007253 0.683863 0.185203
v 0.006606 0.678276 0.189416
v 0.005733 0.672683 0.195106
v 0.004866 0.668584 0.200749
v 0.000885 0.653049 0.226685
v -0.000053 0.648460 0.232793
v -0.000900 0.643166 0.238316
v -0.004086 0.609833 0.259067
v -0.005170 0.589364 0.266130
v -0.005329 0.583088 0.267164
v -0.005395 0.576741 0.267593
v -0.016937 0.660295 0.208005
v -0.036188 0.624459 0.239759
v -0.042967 0.595206 0.250940
v -0.044455 0.533139 0.253394
v -0.031792 0.637344 0.232507
v 0.009199 0.753333 0.164897
v 0.008781 0.749051 0.165586
v 0.008383 0.743976 0.166242
v 0.008065 0.738879 0.166766
v 0.007876 0.734537 0.167078
v 0.007493 0.726696 0.167711
v 0.007678 0.729415 0.167405
v 0.007804 0.732147 0.167198
v 0.007159 0.722729 0.168261
v 0.006614 0.717755 0.169160
v 0.005793 0.712115 0.170514
v 0.004916 0.707321 0.171960
v 0.003872 0.702372 0.173682
v 0.002864 0.698024 0.175345
v 0.001583 0.693118 0.177459
v 0.000371 0.688968 0.179458
v -0.001240 0.683863 0.182115
v -0.003450 0.678276 0.185760
v -0.006435 0.672683 0.190683
v -0.009394 0.668584 0.195565
v -0.022998 0.653049 0.218003
v -0.026202 0.648460 0.223287
v -0.029099 0.643166 0.228065
v -0.039983 0.609833 0.246018
v -0.043687 0.589364 0.252128
v -0.044230 0.583088 0.253023
v -0.044455 0.576741 0.253394
v -0.095006 0.533139 0.149336
v -0.091301 0.576236 0.125205
v -0.092903 0.576236 0.135638
v -0.093708 0.575201 0.140880
v -0.094846 0.567845 0.148294
v -0.095006 0.562643 0.149336
v -0.094390 0.572254 0.145324
v -0.083288 0.533139 0.111989
v -0.083288 0.562643 0.111989
v -0.083835 0.567845 0.112891
v -0.085393 0.572254 0.115460
v -0.087724 0.575201 0.119304
v -0.090473 0.576236 0.123840
v -0.091635 0.533139 0.191960
v -0.091635 0.562643 0.191960
v -0.091384 0.567845 0.192985
v -0.090668 0.572254 0.195903
v -0.089598 0.575201 0.200270
v -0.087643 0.576236 0.208246
v -0.088335 0.576236 0.205421
v -0.073975 0.533139 0.226871
v -0.073975 0.562643 0.226871
v -0.074599 0.567845 0.226021
v -0.076377 0.572254 0.223599
v -0.082175 0.576236 0.215698
v -0.079037 0.575201 0.219974
v -0.042482 0.567845 0.254590
v -0.043384 0.562643 0.254043
v -0.043384 0.533139 0.254043
v -0.031532 0.576236 0.261228
v -0.026337 0.576236 0.264378
v -0.039912 0.572254 0.256148
v -0.036068 0.575201 0.258479
v 0.034266 0.533139 0.266219
v 0.047727 0.576236 0.262920
v 0.056704 0.576236 0.260719
v 0.038209 0.572254 0.265253
v 0.034266 0.562643 0.266219
v 0.035291 0.567845 0.265968
v 0.042576 0.575201 0.264183
v 0.070222 0.533139 0.250799
v 0.069372 0.567845 0.251423
v 0.070222 0.562643 0.250799
v 0.059049 0.576236 0.258999
v 0.063325 0.575201 0.255861
v 0.066950 0.572254 0.253201
v 0.100179 0.533139 0.220290
v 0.107364 0.576236 0.208439
v 0.112836 0.576236 0.199414
v 0.102283 0.572254 0.216819
v 0.100179 0.562643 0.220290
v 0.100726 0.567845 0.219388
v 0.104614 0.575201 0.212974
v 0.115181 0.533139 0.184136
v 0.115021 0.567845 0.185179
v 0.115181 0.562643 0.184136
v 0.113078 0.576236 0.197835
v 0.113883 0.575201 0.192593
v 0.114565 0.572254 0.188149
v 0.114677 0.533139 0.138810
v 0.111378 0.576236 0.125350
v 0.109177 0.576236 0.116373
v 0.113711 0.572254 0.134868
v 0.114677 0.562643 0.138810
v 0.114426 0.567845 0.137786
v 0.112640 0.575201 0.130501
v 0.099257 0.533139 0.102854
v 0.107456 0.576236 0.114028
v 0.104318 0.575201 0.109752
v 0.099881 0.567845 0.103705
v 0.099257 0.562643 0.102854
v 0.101658 0.572254 0.106127
v 0.064918 0.533139 0.070576
v 0.064918 0.562643 0.070576
v 0.064016 0.567845 0.070029
v 0.061447 0.572254 0.068471
v 0.057602 0.575201 0.066140
v 0.047871 0.576236 0.060241
v 0.053067 0.576236 0.063391
v 0.028167 0.533139 0.057216
v 0.041866 0.576236 0.059319
v 0.036624 0.575201 0.058514
v 0.029210 0.567845 0.057376
v 0.028167 0.562643 0.057216
v 0.032180 0.572254 0.057832
v -0.018884 0.533139 0.059908
v -0.018884 0.562643 0.059908
v -0.019908 0.567845 0.060159
v -0.022826 0.572254 0.060874
v -0.027193 0.575201 0.061944
v -0.035170 0.576236 0.063900
v -0.032344 0.576236 0.063207
v -0.053794 0.533139 0.077567
v -0.042621 0.576236 0.069368
v -0.046897 0.575201 0.072506
v -0.052944 0.567845 0.076943
v -0.053794 0.562643 0.077567
v -0.050522 0.572254 0.075166
v -0.006633 0.533139 0.267403
v -0.006633 0.562643 0.267403
v -0.007676 0.567845 0.267243
v -0.010645 0.572254 0.266787
v -0.020332 0.576236 0.265300
v -0.015089 0.575201 0.266105
v 0.010767 0.743600 0.162309
v -0.038052 0.655958 0.144563
v -0.071896 0.621900 0.132260
v -0.083982 0.593664 0.127866
v -0.064125 0.634237 0.135084
v -0.041127 0.655958 0.164596
v -0.077103 0.621900 0.166181
v -0.089950 0.593664 0.166747
v -0.092638 0.533139 0.166865
v -0.068843 0.634237 0.165817
v -0.036302 0.655958 0.184281
v -0.068933 0.621900 0.199513
v -0.080585 0.593664 0.204952
v -0.061441 0.634237 0.196015
v -0.024311 0.655958 0.200621
v -0.048629 0.621900 0.227181
v -0.057313 0.593664 0.236665
v -0.059130 0.533139 0.238649
v -0.043046 0.634237 0.221083
v -0.006980 0.655958 0.211128
v -0.019283 0.621900 0.244972
v -0.023676 0.593664 0.257058
v -0.016458 0.634237 0.237202
v 0.013054 0.655958 0.214204
v 0.014639 0.621900 0.250180
v 0.015205 0.593664 0.263027
v 0.015323 0.533139 0.265715
v 0.014275 0.634237 0.241920
v 0.032739 0.655958 0.209379
v 0.047970 0.621900 0.242009
v 0.053410 0.593664 0.253662
v 0.044473 0.634237 0.234517
v 0.049079 0.655958 0.197388
v 0.075638 0.621900 0.221706
v 0.085123 0.593664 0.230390
v 0.087107 0.533139 0.232207
v 0.069540 0.634237 0.216122
v 0.059586 0.655958 0.180056
v 0.093430 0.621900 0.192359
v 0.105516 0.593664 0.196753
v 0.085660 0.634237 0.189535
v 0.062661 0.655958 0.160023
v 0.098637 0.621900 0.158438
v 0.111485 0.593664 0.157872
v 0.114172 0.533139 0.157754
v 0.090377 0.634237 0.158802
v 0.057836 0.655958 0.140338
v 0.090467 0.621900 0.125106
v 0.102120 0.593664 0.119667
v 0.082975 0.634237 0.128604
v 0.045845 0.655958 0.123998
v 0.070163 0.621900 0.097438
v 0.078847 0.593664 0.087954
v 0.080664 0.533139 0.085970
v 0.064580 0.634237 0.103536
v 0.028514 0.655958 0.113491
v 0.040817 0.621900 0.079647
v 0.045210 0.593664 0.067561
v 0.037992 0.634237 0.087417
v 0.008481 0.655958 0.110415
v 0.006896 0.621900 0.074439
v 0.006330 0.593664 0.061592
v 0.006211 0.533139 0.058904
v 0.007260 0.634237 0.082699
v -0.011204 0.655958 0.115240
v -0.026436 0.621900 0.082610
v -0.031875 0.593664 0.070957
v -0.022939 0.634237 0.090102
v -0.027544 0.655958 0.127231
v -0.054104 0.621900 0.102913
v -0.063588 0.593664 0.094229
v -0.065573 0.533139 0.092412
v -0.048006 0.634237 0.108497
v 0.012558 0.752310 0.162961
v 0.010202 0.734169 0.162104
v 0.011815 0.748184 0.162690
v 0.011105 0.743278 0.162432
v 0.010538 0.738353 0.162226
v 0.010166 0.734169 0.162336
v 0.012671 0.752310 0.162226
v 0.010524 0.738353 0.162320
v 0.011126 0.743278 0.162294
v 0.011881 0.748184 0.162260
v 0.010222 0.734169 0.162564
v 0.012494 0.752310 0.161503
v 0.010546 0.738353 0.162413
v 0.011093 0.743278 0.162158
v 0.011778 0.748184 0.161838
v 0.010361 0.734169 0.162753
v 0.012054 0.752310 0.160904
v 0.010603 0.738353 0.162489
v 0.011010 0.743278 0.162044
v 0.011520 0.748184 0.161487
v 0.010562 0.734169 0.162875
v 0.011418 0.752310 0.160518
v 0.010684 0.738353 0.162539
v 0.010890 0.743278 0.161972
v 0.011148 0.748184 0.161262
v 0.010794 0.734169 0.162910
v 0.010683 0.752310 0.160406
v 0.010778 0.738353 0.162553
v 0.010751 0.743278 0.161950
v 0.010718 0.748184 0.161196
v 0.011022 0.734169 0.162854
v 0.009961 0.752310 0.160583
v 0.010870 0.738353 0.162530
v 0.010615 0.743278 0.161984
v 0.010296 0.748184 0.161299
v 0.011211 0.734169 0.162716
v 0.009362 0.752310 0.161023
v 0.010947 0.738353 0.162474
v 0.010502 0.743278 0.162067
v 0.009945 0.748184 0.161557
v 0.011332 0.734169 0.162515
v 0.008976 0.752310 0.161658
v 0.010996 0.738353 0.162393
v 0.010429 0.743278 0.162187
v 0.009719 0.748184 0.161929
v 0.011368 0.734169 0.162283
v 0.008863 0.752310 0.162393
v 0.011011 0.738353 0.162299
v 0.010408 0.743278 0.162325
v 0.009653 0.748184 0.162359
v 0.011312 0.734169 0.162055
v 0.009040 0.752310 0.163116
v 0.010988 0.738353 0.162206
v 0.010442 0.743278 0.162462
v 0.009757 0.748184 0.162781
v 0.011173 0.734169 0.161866
v 0.009480 0.752310 0.163715
v 0.010932 0.738353 0.162130
v 0.010525 0.743278 0.162575
v 0.010014 0.748184 0.163132
v 0.010973 0.734169 0.161744
v 0.010116 0.752310 0.164101
v 0.010850 0.738353 0.162080
v 0.010644 0.743278 0.162647
v 0.010386 0.748184 0.163357
v 0.010741 0.734169 0.161709
v 0.010851 0.752310 0.164213
v 0.010756 0.738353 0.162066
v 0.010783 0.743278 0.162669
v 0.010816 0.748184 0.163423
v 0.010513 0.734169 0.161765
v 0.011573 0.752310 0.164036
v 0.010664 0.738353 0.162089
v 0.010919 0.743278 0.162635
v 0.011239 0.748184 0.163320
v 0.010324 0.734169 0.161903
v 0.012173 0.752310 0.163596
v 0.010587 0.738353 0.162145
v 0.011032 0.743278 0.162552
v 0.011590 0.748184 0.163062
v 0.009451 0.725940 0.161831
v 0.010067 0.731765 0.162055
v 0.009819 0.728845 0.161965
v 0.010023 0.731765 0.162342
v 0.009368 0.725940 0.162371
v 0.009759 0.728845 0.162354
v 0.010092 0.731765 0.162625
v 0.009499 0.725940 0.162902
v 0.009853 0.728845 0.162736
v 0.010264 0.731765 0.162859
v 0.009822 0.725940 0.163342
v 0.010086 0.728845 0.163054
v 0.010513 0.731765 0.163010
v 0.010289 0.725940 0.163625
v 0.010422 0.728845 0.163258
v 0.010800 0.731765 0.163054
v 0.010829 0.725940 0.163708
v 0.010812 0.728845 0.163318
v 0.011082 0.731765 0.162984
v 0.011359 0.725940 0.163578
v 0.011194 0.728845 0.163224
v 0.011317 0.731765 0.162813
v 0.011800 0.725940 0.163255
v 0.011512 0.728845 0.162991
v 0.011467 0.731765 0.162564
v 0.012083 0.725940 0.162788
v 0.011716 0.728845 0.162654
v 0.011511 0.731765 0.162277
v 0.012166 0.725940 0.162248
v 0.011776 0.728845 0.162265
v 0.011442 0.731765 0.161994
v 0.012036 0.725940 0.161717
v 0.011682 0.728845 0.161883
v 0.011270 0.731765 0.161760
v 0.011713 0.725940 0.161277
v 0.011449 0.728845 0.161565
v 0.011022 0.731765 0.161609
v 0.011246 0.725940 0.160994
v 0.011112 0.728845 0.161361
v 0.010734 0.731765 0.161565
v 0.010706 0.725940 0.160911
v 0.010723 0.728845 0.161301
v 0.010452 0.731765 0.161635
v 0.010175 0.725940 0.161041
v 0.010340 0.728845 0.161395
v 0.010218 0.731765 0.161807
v 0.009735 0.725940 0.161364
v 0.010023 0.728845 0.161628
v 0.008803 0.721773 0.161595
v 0.004410 0.705479 0.159998
v 0.007734 0.716511 0.161207
v 0.006126 0.710546 0.160622
v 0.004009 0.705479 0.162607
v 0.008679 0.721773 0.162402
v 0.005833 0.710546 0.162527
v 0.007543 0.716511 0.162452
v 0.004637 0.705479 0.165171
v 0.008873 0.721773 0.163194
v 0.006292 0.710546 0.164398
v 0.007843 0.716511 0.163674
v 0.006199 0.705479 0.167299
v 0.009356 0.721773 0.163851
v 0.007432 0.710546 0.165952
v 0.008588 0.716511 0.164690
v 0.008456 0.705479 0.168667
v 0.010053 0.721773 0.164274
v 0.009080 0.710546 0.166951
v 0.009665 0.716511 0.165342
v 0.011065 0.705479 0.169068
v 0.010859 0.721773 0.164398
v 0.010985 0.710546 0.167243
v 0.010909 0.716511 0.165533
v 0.013629 0.705479 0.168439
v 0.011651 0.721773 0.164204
v 0.012856 0.710546 0.166785
v 0.012132 0.716511 0.165234
v 0.015756 0.705479 0.166878
v 0.012309 0.721773 0.163721
v 0.014410 0.710546 0.165644
v 0.013147 0.716511 0.164489
v 0.017125 0.705479 0.164621
v 0.012732 0.721773 0.163024
v 0.015409 0.710546 0.163997
v 0.013800 0.716511 0.163412
v 0.017525 0.705479 0.162012
v 0.012856 0.721773 0.162218
v 0.015701 0.710546 0.162092
v 0.013991 0.716511 0.162167
v 0.016897 0.705479 0.159448
v 0.012661 0.721773 0.161425
v 0.015242 0.710546 0.160221
v 0.013691 0.716511 0.160945
v 0.015335 0.705479 0.157320
v 0.012179 0.721773 0.160768
v 0.014102 0.710546 0.158667
v 0.012946 0.716511 0.159929
v 0.013078 0.705479 0.155952
v 0.011481 0.721773 0.160345
v 0.012454 0.710546 0.157668
v 0.011870 0.716511 0.159277
v 0.010469 0.705479 0.155551
v 0.010675 0.721773 0.160221
v 0.010550 0.710546 0.157376
v 0.010625 0.716511 0.159086
v 0.007906 0.705479 0.156180
v 0.009883 0.721773 0.160415
v 0.008678 0.710546 0.157835
v 0.009402 0.716511 0.159385
v 0.005778 0.705479 0.157741
v 0.009225 0.721773 0.160898
v 0.007125 0.710546 0.158975
v 0.008387 0.716511 0.160130
v 0.002401 0.700339 0.159268
v -0.004359 0.686361 0.156811
v 0.000455 0.695803 0.158561
v -0.002020 0.690686 0.157661
v -0.005312 0.686361 0.163018
v 0.001874 0.700339 0.162701
v -0.002826 0.690686 0.162908
v -0.000195 0.695803 0.162792
v -0.003816 0.686361 0.169117
v 0.002701 0.700339 0.166075
v -0.001562 0.690686 0.168065
v 0.000824 0.695803 0.166951
v -0.000101 0.686361 0.174180
v 0.004756 0.700339 0.168875
v 0.001579 0.690686 0.172345
v 0.003357 0.695803 0.170402
v 0.005269 0.686361 0.177435
v 0.007726 0.700339 0.170675
v 0.006119 0.690686 0.175097
v 0.007018 0.695803 0.172622
v 0.011476 0.686361 0.178388
v 0.011159 0.700339 0.171202
v 0.011366 0.690686 0.175902
v 0.011250 0.695803 0.173272
v 0.017575 0.686361 0.176893
v 0.014532 0.700339 0.170375
v 0.016522 0.690686 0.174638
v 0.015408 0.695803 0.172252
v 0.022637 0.686361 0.173178
v 0.017332 0.700339 0.168321
v 0.020802 0.690686 0.171498
v 0.018860 0.695803 0.169719
v 0.025893 0.686361 0.167808
v 0.019133 0.700339 0.165351
v 0.023554 0.690686 0.166958
v 0.021080 0.695803 0.166058
v 0.026846 0.686361 0.161601
v 0.019660 0.700339 0.161918
v 0.024360 0.690686 0.161711
v 0.021729 0.695803 0.161827
v 0.025351 0.686361 0.155502
v 0.018833 0.700339 0.158544
v 0.023096 0.690686 0.156555
v 0.020710 0.695803 0.157668
v 0.021636 0.686361 0.150439
v 0.016778 0.700339 0.155744
v 0.019955 0.690686 0.152275
v 0.018177 0.695803 0.154217
v 0.016266 0.686361 0.147184
v 0.013808 0.700339 0.153944
v 0.015416 0.690686 0.149522
v 0.014516 0.695803 0.151997
v 0.010059 0.686361 0.146231
v 0.010375 0.700339 0.153417
v 0.010168 0.690686 0.148717
v 0.010284 0.695803 0.151347
v 0.003960 0.686361 0.147726
v 0.007002 0.700339 0.154244
v 0.005012 0.690686 0.149981
v 0.006126 0.695803 0.152367
v -0.001103 0.686361 0.151441
v 0.004202 0.700339 0.156298
v 0.000732 0.690686 0.153121
v 0.002674 0.695803 0.154900
v -0.007524 0.680948 0.155660
v -0.024000 0.664307 0.149671
v -0.011999 0.674852 0.154034
v -0.018040 0.668753 0.151837
v -0.026190 0.664307 0.163938
v -0.008676 0.680948 0.163166
v -0.019855 0.668753 0.163659
v -0.013433 0.674852 0.163376
v -0.022754 0.664307 0.177957
v -0.006869 0.680948 0.170542
v -0.017007 0.668753 0.175274
v -0.011182 0.674852 0.172555
v -0.014214 0.664307 0.189594
v -0.002376 0.680948 0.176664
v -0.009932 0.668753 0.184916
v -0.005591 0.674852 0.180175
v -0.001872 0.664307 0.197077
v 0.004118 0.680948 0.180601
v 0.000295 0.668753 0.191117
v 0.002491 0.674852 0.185075
v 0.012395 0.664307 0.199267
v 0.011624 0.680948 0.181753
v 0.012116 0.668753 0.192931
v 0.011833 0.674852 0.186509
v 0.026415 0.664307 0.195831
v 0.018999 0.680948 0.179945
v 0.023732 0.668753 0.190084
v 0.021013 0.674852 0.184259
v 0.038052 0.664307 0.187291
v 0.025122 0.680948 0.175452
v 0.033374 0.668753 0.183009
v 0.028633 0.674852 0.178667
v 0.045535 0.664307 0.174948
v 0.029059 0.680948 0.168959
v 0.039574 0.668753 0.172782
v 0.033533 0.674852 0.170585
v 0.047725 0.664307 0.160681
v 0.030211 0.680948 0.161453
v 0.041389 0.668753 0.160960
v 0.034967 0.674852 0.161243
v 0.044288 0.664307 0.146662
v 0.028403 0.680948 0.154077
v 0.038542 0.668753 0.149345
v 0.032717 0.674852 0.152064
v 0.035749 0.664307 0.135025
v 0.023910 0.680948 0.147955
v 0.031466 0.668753 0.139703
v 0.027125 0.674852 0.144444
v 0.023406 0.664307 0.127542
v 0.017417 0.680948 0.144018
v 0.021239 0.668753 0.133502
v 0.019043 0.674852 0.139544
v 0.009139 0.664307 0.125352
v 0.009911 0.680948 0.142866
v 0.009418 0.668753 0.131688
v 0.009701 0.674852 0.138110
v -0.004880 0.664307 0.128788
v 0.002535 0.680948 0.144674
v -0.002198 0.668753 0.134535
v 0.000521 0.674852 0.140360
v -0.016517 0.664307 0.137328
v -0.003587 0.680948 0.149167
v -0.011840 0.668753 0.141611
v -0.007099 0.674852 0.145952
v -0.049002 0.648871 0.140582
v -0.059530 0.639625 0.136755
v -0.054527 0.644582 0.138574
v -0.063958 0.639625 0.165602
v -0.052767 0.648871 0.165109
v -0.058640 0.644582 0.165367
v -0.057010 0.639625 0.193947
v -0.046859 0.648871 0.189209
v -0.052186 0.644582 0.191695
v -0.039743 0.639625 0.217476
v -0.032179 0.648871 0.209214
v -0.036149 0.644582 0.213550
v -0.014787 0.639625 0.232606
v -0.010960 0.648871 0.222078
v -0.012968 0.644582 0.227603
v 0.014059 0.639625 0.237035
v 0.013566 0.648871 0.225843
v 0.013825 0.644582 0.231716
v 0.042405 0.639625 0.230087
v 0.037667 0.648871 0.219936
v 0.040153 0.644582 0.225263
v 0.065934 0.639625 0.212820
v 0.057672 0.648871 0.205255
v 0.062008 0.644582 0.209225
v 0.081064 0.639625 0.187864
v 0.070536 0.648871 0.184037
v 0.076061 0.644582 0.186045
v 0.085492 0.639625 0.159017
v 0.074301 0.648871 0.159510
v 0.080174 0.644582 0.159252
v 0.078544 0.639625 0.130672
v 0.068394 0.648871 0.135410
v 0.073721 0.644582 0.132924
v 0.061278 0.639625 0.107143
v 0.053713 0.648871 0.115405
v 0.057683 0.644582 0.111069
v 0.036322 0.639625 0.092013
v 0.032495 0.648871 0.102541
v 0.034503 0.644582 0.097016
v 0.007475 0.639625 0.087584
v 0.007968 0.648871 0.098776
v 0.007709 0.644582 0.092903
v -0.020870 0.639625 0.094532
v -0.016132 0.648871 0.104683
v -0.018619 0.644582 0.099356
v -0.044399 0.639625 0.111799
v -0.036137 0.648871 0.119364
v -0.040473 0.644582 0.115394
v -0.078680 0.607738 0.129794
v -0.084315 0.607738 0.166499
v -0.075474 0.607738 0.202566
v -0.053504 0.607738 0.232505
v -0.021749 0.607738 0.251757
v 0.014956 0.607738 0.257391
v 0.051024 0.607738 0.248550
v 0.080962 0.607738 0.226580
v 0.100214 0.607738 0.194825
v 0.105849 0.607738 0.158120
v 0.097008 0.607738 0.122053
v 0.075038 0.607738 0.092114
v 0.043283 0.607738 0.072862
v 0.006578 0.607738 0.067228
v -0.029489 0.607738 0.076069
v -0.059428 0.607738 0.098039
v -0.085191 0.588340 0.127427
v -0.086510 0.576564 0.126947
v -0.086124 0.582486 0.127087
v -0.092638 0.576564 0.166865
v -0.091235 0.588340 0.166804
v -0.092227 0.582486 0.166847
v -0.083023 0.576564 0.206090
v -0.081751 0.588340 0.205496
v -0.082651 0.582486 0.205916
v -0.059130 0.576564 0.238650
v -0.058182 0.588340 0.237614
v -0.058852 0.582486 0.238346
v -0.024595 0.576564 0.259587
v -0.024116 0.588340 0.258267
v -0.024455 0.582486 0.259201
v 0.015323 0.576564 0.265715
v 0.015261 0.588340 0.264312
v 0.015305 0.582486 0.265304
v 0.054548 0.576564 0.256100
v 0.053954 0.588340 0.254828
v 0.054374 0.582486 0.255728
v 0.087107 0.576564 0.232207
v 0.086072 0.588340 0.231258
v 0.086804 0.582486 0.231929
v 0.108045 0.576564 0.197672
v 0.106725 0.588340 0.197192
v 0.107658 0.582486 0.197532
v 0.114173 0.576564 0.157754
v 0.112770 0.588340 0.157816
v 0.113762 0.582486 0.157772
v 0.104558 0.576564 0.118529
v 0.103285 0.588340 0.119123
v 0.104185 0.582486 0.118703
v 0.080664 0.576564 0.085969
v 0.079716 0.588340 0.087005
v 0.080387 0.582486 0.086273
v 0.046130 0.576564 0.065032
v 0.045650 0.588340 0.066352
v 0.045989 0.582486 0.065418
v 0.006211 0.576564 0.058904
v 0.006273 0.588340 0.060307
v 0.006229 0.582486 0.059315
v -0.033013 0.576564 0.068519
v -0.032419 0.588340 0.069791
v -0.032839 0.582486 0.068891
v -0.065573 0.576564 0.092412
v -0.064537 0.588340 0.093361
v -0.065270 0.582486 0.092690
v 0.003047 0.655996 0.212603
v -0.002317 0.621957 0.247543
v -0.004234 0.593705 0.260030
v -0.004636 0.533139 0.262651
v -0.001085 0.634289 0.239521
v 0.011052 0.752346 0.160455
v 0.010934 0.748214 0.161223
v 0.010821 0.743303 0.161958
v 0.010731 0.738371 0.162544
v 0.010678 0.734182 0.162892
v 0.010560 0.725970 0.163663
v 0.010617 0.728868 0.163286
v 0.010657 0.731780 0.163031
v 0.010457 0.721811 0.164329
v 0.010289 0.716561 0.165426
v 0.010035 0.710606 0.167078
v 0.009764 0.705545 0.168843
v 0.009447 0.700409 0.170910
v 0.009140 0.695878 0.172912
v 0.008749 0.690764 0.175458
v 0.008379 0.686440 0.177866
v 0.007880 0.681039 0.181116
v 0.007175 0.674948 0.185709
v 0.006221 0.668838 0.191926
v 0.005277 0.664369 0.198077
v 0.001312 0.648909 0.223905
v 0.000436 0.644624 0.229609
v -0.000356 0.639681 0.234766
v -0.003392 0.607794 0.254549
v -0.004426 0.588373 0.261283
v -0.004575 0.582505 0.262250
v -0.004636 0.576570 0.262651
v -0.015612 0.655996 0.205820
v -0.033939 0.621957 0.236048
v -0.040488 0.593705 0.246851
v -0.041863 0.533139 0.249118
v -0.029731 0.634289 0.229108
v 0.011740 0.752346 0.160705
v 0.011337 0.748214 0.161370
v 0.010952 0.743303 0.162005
v 0.010644 0.738371 0.162512
v 0.010462 0.734182 0.162813
v 0.010058 0.725970 0.163480
v 0.010255 0.728868 0.163154
v 0.010389 0.731780 0.162933
v 0.009708 0.721811 0.164057
v 0.009133 0.716561 0.165006
v 0.008266 0.710606 0.166435
v 0.007341 0.705545 0.167962
v 0.006256 0.700409 0.169750
v 0.005206 0.695878 0.171482
v 0.003870 0.690764 0.173685
v 0.002607 0.686440 0.175768
v 0.000903 0.681039 0.178580
v -0.001506 0.674948 0.182553
v -0.004767 0.668838 0.187931
v -0.007993 0.664369 0.193253
v -0.021540 0.648909 0.215598
v -0.024532 0.644624 0.220533
v -0.027237 0.639681 0.224994
v -0.037613 0.607794 0.242109
v -0.041145 0.588373 0.247935
v -0.041652 0.582505 0.248772
v -0.041863 0.576570 0.249118
v -0.090064 0.533139 0.150095
v -0.086510 0.576236 0.126947
v -0.087961 0.576236 0.136396
v -0.088765 0.575201 0.141639
v -0.089903 0.567845 0.149052
v -0.090064 0.562643 0.150095
v -0.089448 0.572254 0.146083
v -0.079013 0.533139 0.114581
v -0.079013 0.562643 0.114581
v -0.079560 0.567845 0.115483
v -0.081117 0.572254 0.118052
v -0.083448 0.575201 0.121897
v -0.086198 0.576236 0.126432
v -0.086778 0.533139 0.190770
v -0.086778 0.562643 0.190770
v -0.086527 0.567845 0.191795
v -0.085812 0.572254 0.194713
v -0.084742 0.575201 0.199080
v -0.083023 0.576236 0.206090
v -0.083479 0.576236 0.204231
v -0.069944 0.533139 0.223913
v -0.069944 0.562643 0.223913
v -0.070568 0.567845 0.223063
v -0.072346 0.572254 0.220640
v -0.078143 0.576236 0.212740
v -0.075006 0.575201 0.217016
v -0.039889 0.567845 0.250314
v -0.040791 0.562643 0.249768
v -0.040791 0.533139 0.249768
v -0.028940 0.576236 0.256953
v -0.024595 0.576236 0.259587
v -0.037320 0.572254 0.251872
v -0.033476 0.575201 0.254203
v 0.033076 0.533139 0.261363
v 0.046537 0.576236 0.258064
v 0.054548 0.576236 0.256100
v 0.037019 0.572254 0.260397
v 0.033076 0.562643 0.261363
v 0.034101 0.567845 0.261112
v 0.041385 0.575201 0.259326
v 0.067264 0.533139 0.246768
v 0.066414 0.567845 0.247392
v 0.067264 0.562643 0.246768
v 0.056091 0.576236 0.254968
v 0.060367 0.575201 0.251830
v 0.063992 0.572254 0.249170
v 0.095903 0.533139 0.217698
v 0.103088 0.576236 0.205847
v 0.108045 0.576236 0.197672
v 0.098008 0.572254 0.214227
v 0.095903 0.562643 0.217698
v 0.096450 0.567845 0.216796
v 0.100339 0.575201 0.210382
v 0.110239 0.533139 0.183378
v 0.110079 0.567845 0.184421
v 0.110239 0.562643 0.183378
v 0.108136 0.576236 0.197077
v 0.108941 0.575201 0.191834
v 0.109623 0.572254 0.187390
v 0.109821 0.533139 0.140001
v 0.106521 0.576236 0.126540
v 0.104558 0.576236 0.118529
v 0.108854 0.572254 0.136058
v 0.109821 0.562643 0.140001
v 0.109570 0.567845 0.138976
v 0.107784 0.575201 0.131691
v 0.095226 0.533139 0.105812
v 0.103425 0.576236 0.116986
v 0.100287 0.575201 0.112710
v 0.095850 0.567845 0.106663
v 0.095226 0.562643 0.105812
v 0.097627 0.572254 0.109085
v 0.062326 0.533139 0.074851
v 0.062326 0.562643 0.074851
v 0.061424 0.567845 0.074305
v 0.058855 0.572254 0.072747
v 0.055010 0.575201 0.070416
v 0.046130 0.576236 0.065032
v 0.050475 0.576236 0.067666
v 0.027409 0.533139 0.062158
v 0.041107 0.576236 0.064261
v 0.035865 0.575201 0.063456
v 0.028451 0.567845 0.062318
v 0.027409 0.562643 0.062158
v 0.031421 0.572254 0.062774
v -0.017693 0.533139 0.064764
v -0.017693 0.562643 0.064764
v -0.018718 0.567845 0.065015
v -0.021636 0.572254 0.065730
v -0.026003 0.575201 0.066801
v -0.033013 0.576236 0.068519
v -0.031154 0.576236 0.068063
v -0.050836 0.533139 0.081598
v -0.039663 0.576236 0.073399
v -0.043939 0.575201 0.076537
v -0.049986 0.567845 0.080974
v -0.050836 0.562643 0.081598
v -0.047564 0.572254 0.079197
v -0.005874 0.533139 0.262461
v -0.005874 0.562643 0.262461
v -0.006917 0.567845 0.262301
v -0.009886 0.572254 0.261845
v -0.019573 0.576236 0.260358
v -0.014331 0.575201 0.261163
v -0.097671 0.577606 0.167087
v -0.091245 0.577606 0.125226
v -0.087588 0.577606 0.208221
v -0.062532 0.577606 0.242365
v -0.044424 0.577606 0.253343
v -0.005386 0.577606 0.267534
v -0.026316 0.577606 0.264321
v 0.056678 0.577606 0.260665
v 0.015545 0.577606 0.270747
v 0.090823 0.577606 0.235608
v 0.112779 0.577606 0.199393
v 0.119205 0.577606 0.157532
v 0.109123 0.577606 0.116398
v 0.084066 0.577606 0.082254
v 0.047851 0.577606 0.060298
v 0.005990 0.577606 0.053872
v -0.035144 0.577606 0.063954
v -0.069288 0.577606 0.089011
v -0.092895 0.576733 0.124426
v -0.099429 0.576733 0.166990
v -0.089177 0.576733 0.208815
v -0.063699 0.576733 0.243533
v -0.045256 0.577613 0.254644
v -0.045287 0.576733 0.254696
v -0.005584 0.577613 0.269066
v -0.005593 0.576733 0.269126
v -0.026875 0.576733 0.265859
v 0.015689 0.576733 0.272393
v 0.057514 0.576733 0.262140
v 0.092232 0.576733 0.236663
v 0.114558 0.576733 0.199839
v 0.121092 0.576733 0.157275
v 0.110840 0.576733 0.115450
v 0.085362 0.576733 0.080732
v 0.048538 0.576733 0.058406
v 0.005974 0.576733 0.051872
v -0.035851 0.576733 0.062124
v -0.070569 0.576733 0.087602
v -0.099367 0.577613 0.166988
v -0.092837 0.577613 0.124447
v -0.089121 0.577613 0.208789
v -0.063658 0.577613 0.243488
v -0.026854 0.577613 0.265801
v 0.057488 0.577613 0.262085
v 0.015687 0.577613 0.272331
v 0.092187 0.577613 0.236622
v 0.114500 0.577613 0.199818
v 0.121031 0.577613 0.157277
v 0.110784 0.577613 0.115476
v 0.085321 0.577613 0.080777
v 0.048517 0.577613 0.058464
v 0.005976 0.577613 0.051933
v -0.035825 0.577613 0.062180
v -0.070524 0.577613 0.087643
v 0.197081 0.685017 0.247295
v 0.214596 1.017472 0.198862
v 0.197081 0.833125 0.247295
v 0.188294 0.945467 0.189300
v 0.170017 0.921383 0.182656
v 0.175265 0.685017 0.232032
v 0.163581 0.901723 0.180316
v 0.175265 0.833125 0.232032
v 0.174191 0.930043 0.184173
v 0.164003 0.685017 0.207906
v 0.186637 0.945467 0.200093
v 0.164003 0.833125 0.207906
v 0.167209 0.921383 0.200949
v 0.166313 0.685017 0.181381
v 0.166313 0.833125 0.181381
v 0.160367 0.901723 0.201251
v 0.181576 0.685017 0.159565
v 0.171646 0.930043 0.200754
v 0.181576 0.833125 0.159565
v 0.189237 0.945467 0.210699
v 0.205702 0.685017 0.148304
v 0.171615 0.921383 0.218925
v 0.205702 0.833125 0.148304
v 0.165410 0.901723 0.221821
v 0.232226 0.685017 0.150614
v 0.175639 0.930043 0.217046
v 0.232226 0.833125 0.150614
v 0.254042 0.685017 0.165877
v 0.195697 0.945467 0.219502
v 0.182565 0.921383 0.233846
v 0.254042 0.833125 0.165877
v 0.177940 0.901723 0.238896
v 0.265304 0.685017 0.190003
v 0.265304 0.833125 0.190003
v 0.185564 0.930043 0.230570
v 0.262994 0.685017 0.216527
v 0.205035 0.945467 0.225163
v 0.262994 0.833125 0.216527
v 0.198391 0.921383 0.243440
v 0.247731 0.685017 0.238343
v 0.196051 0.901723 0.249876
v 0.247731 0.833125 0.238343
v 0.199908 0.930043 0.239266
v 0.223605 0.685017 0.249605
v 0.215828 0.945467 0.226820
v 0.223605 0.833125 0.249605
v 0.169164 0.838740 0.237155
v 0.216684 0.921383 0.246249
v 0.216985 0.901723 0.253090
v 0.194359 0.838740 0.254782
v 0.156158 0.838740 0.209293
v 0.216488 0.930043 0.241812
v 0.158826 0.838740 0.178660
v 0.226433 0.945467 0.224221
v 0.176453 0.838740 0.153465
v 0.204315 0.838740 0.140459
v 0.234659 0.921383 0.241843
v 0.234948 0.838740 0.143127
v 0.237556 0.901723 0.248048
v 0.260143 0.838740 0.160753
v 0.232781 0.930043 0.237818
v 0.235237 0.945467 0.217760
v 0.273149 0.838740 0.188616
v 0.249580 0.921383 0.230893
v 0.270481 0.838740 0.219249
v 0.254631 0.901723 0.235518
v 0.252854 0.838740 0.244444
v 0.224992 0.838740 0.257450
v 0.246304 0.930043 0.227894
v 0.169164 0.849701 0.237155
v 0.240898 0.945467 0.208423
v 0.194359 0.849701 0.254782
v 0.259175 0.921383 0.215067
v 0.156158 0.849701 0.209293
v 0.265611 0.901723 0.217407
v 0.158826 0.849701 0.178660
v 0.255001 0.930043 0.213550
v 0.176453 0.849701 0.153465
v 0.204315 0.849701 0.140459
v 0.242555 0.945467 0.197630
v 0.234948 0.849701 0.143127
v 0.261983 0.921383 0.196774
v 0.268825 0.901723 0.196472
v 0.260143 0.849701 0.160753
v 0.273149 0.849701 0.188616
v 0.257546 0.930043 0.196969
v 0.270481 0.849701 0.219249
v 0.239955 0.945467 0.187024
v 0.252854 0.849701 0.244444
v 0.257577 0.921383 0.178798
v 0.224992 0.849701 0.257450
v 0.195486 0.677798 0.251680
v 0.263782 0.901723 0.175902
v 0.171691 0.677798 0.235033
v 0.253553 0.930043 0.180677
v 0.233495 0.945467 0.178221
v 0.159408 0.677798 0.208718
v 0.246627 0.921383 0.163878
v 0.161928 0.677798 0.179787
v 0.178575 0.677798 0.155992
v 0.251252 0.901723 0.158827
v 0.204890 0.677798 0.143709
v 0.243628 0.930043 0.167153
v 0.233820 0.677798 0.146229
v 0.257615 0.677798 0.162876
v 0.224157 0.945467 0.172560
v 0.269899 0.677798 0.189191
v 0.230801 0.921383 0.154283
v 0.267379 0.677798 0.218121
v 0.233141 0.901723 0.147847
v 0.229284 0.930043 0.158457
v 0.250732 0.677798 0.241916
v 0.213364 0.945467 0.170903
v 0.224417 0.677798 0.254200
v 0.212508 0.921383 0.151474
v 0.195486 0.669243 0.251680
v 0.171691 0.669243 0.235033
v 0.212207 0.901723 0.144633
v 0.159408 0.669243 0.208718
v 0.212704 0.930043 0.155911
v 0.161928 0.669243 0.179787
v 0.202759 0.945467 0.173502
v 0.178575 0.669243 0.155992
v 0.194533 0.921383 0.155881
v 0.204890 0.669243 0.143709
v 0.191636 0.901723 0.149675
v 0.233820 0.669243 0.146229
v 0.196411 0.930043 0.159905
v 0.257615 0.669243 0.162876
v 0.193955 0.945467 0.179963
v 0.269899 0.669243 0.189191
v 0.179612 0.921383 0.166830
v 0.267379 0.669243 0.218121
v 0.250732 0.669243 0.241916
v 0.174561 0.901723 0.162206
v 0.224417 0.669243 0.254200
v 0.182888 0.930043 0.169829
v 0.200968 0.658681 0.243863
v 0.177156 0.658681 0.227204
v 0.213107 1.007994 0.198320
v 0.211851 0.995363 0.197864
v 0.168919 0.658681 0.209556
v 0.212710 1.005117 0.198176
v 0.171440 0.658681 0.180606
v 0.182604 0.658681 0.164648
v 0.212332 1.001706 0.198039
v 0.212031 0.998281 0.197929
v 0.208937 0.658681 0.152356
v 0.228339 0.658681 0.154046
v 0.211678 0.995363 0.198990
v 0.213013 1.007994 0.198931
v 0.252150 0.658681 0.170705
v 0.260388 0.658681 0.188352
v 0.211869 0.998281 0.198982
v 0.257867 0.658681 0.217303
v 0.212190 1.001706 0.198968
v 0.246702 0.658681 0.233261
v 0.212591 1.005117 0.198950
v 0.211950 0.995363 0.200097
v 0.220370 0.658681 0.245553
v 0.200968 0.615693 0.243863
v 0.213160 1.007994 0.199532
v 0.212123 0.998281 0.200016
v 0.177156 0.615693 0.227204
v 0.212413 1.001706 0.199880
v 0.168919 0.615693 0.209556
v 0.171440 0.615693 0.180606
v 0.212778 1.005117 0.199710
v 0.182604 0.615693 0.164648
v 0.212624 0.995363 0.201016
v 0.213526 1.007994 0.200030
v 0.208937 0.615693 0.152356
v 0.228339 0.615693 0.154046
v 0.212753 0.998281 0.200875
v 0.212969 1.001706 0.200638
v 0.252150 0.615693 0.170705
v 0.260388 0.615693 0.188352
v 0.213241 1.005117 0.200342
v 0.257867 0.615693 0.217303
v 0.213598 0.995363 0.201606
v 0.214055 1.007994 0.200351
v 0.246703 0.615693 0.233261
v 0.213663 0.998281 0.201427
v 0.220370 0.615693 0.245553
v 0.195438 0.608219 0.251813
v 0.213773 1.001706 0.201125
v 0.213910 1.005117 0.200747
v 0.171583 0.608219 0.235123
v 0.214725 0.995363 0.201779
v 0.159269 0.608219 0.208743
v 0.161795 0.608219 0.179739
v 0.214666 1.007994 0.200445
v 0.214716 0.998281 0.201589
v 0.178484 0.608219 0.155884
v 0.204865 0.608219 0.143570
v 0.214702 1.001706 0.201268
v 0.214684 1.005117 0.200866
v 0.233869 0.608219 0.146096
v 0.257724 0.608219 0.162785
v 0.215831 0.995363 0.201508
v 0.215266 1.007994 0.200297
v 0.270038 0.608219 0.189166
v 0.267512 0.608219 0.218170
v 0.215751 0.998281 0.201335
v 0.215615 1.001706 0.201044
v 0.250823 0.608219 0.242024
v 0.215445 1.005117 0.200680
v 0.224442 0.608219 0.254339
v 0.216750 0.995363 0.200834
v 0.201117 0.597592 0.243453
v 0.215765 1.007994 0.199932
v 0.177490 0.597592 0.226924
v 0.216609 0.998281 0.200705
v 0.169348 0.597592 0.209481
v 0.216373 1.001706 0.200488
v 0.171850 0.597592 0.180755
v 0.216076 1.005117 0.200217
v 0.182885 0.597592 0.164982
v 0.209013 0.597592 0.152785
v 0.217341 0.995363 0.199859
v 0.216085 1.007994 0.199403
v 0.228190 0.597592 0.154455
v 0.217161 0.998281 0.199794
v 0.251817 0.597592 0.170985
v 0.259959 0.597592 0.188428
v 0.216860 1.001706 0.199684
v 0.216482 1.005117 0.199547
v 0.257457 0.597592 0.217154
v 0.246422 0.597592 0.232927
v 0.217514 0.995363 0.198733
v 0.220294 0.597592 0.245123
v 0.216179 1.007994 0.198792
v 0.217323 0.998281 0.198741
v 0.201117 0.558354 0.243453
v 0.177490 0.558354 0.226924
v 0.217002 1.001706 0.198756
v 0.216601 1.005117 0.198773
v 0.169348 0.558354 0.209481
v 0.171850 0.558354 0.180755
v 0.217242 0.995363 0.197626
v 0.182885 0.558354 0.164982
v 0.216032 1.007994 0.198191
v 0.217069 0.998281 0.197707
v 0.209013 0.558354 0.152785
v 0.228190 0.558354 0.154455
v 0.216779 1.001706 0.197843
v 0.251817 0.558354 0.170985
v 0.216414 1.005117 0.198013
v 0.216568 0.995363 0.196708
v 0.259959 0.558354 0.188428
v 0.215666 1.007994 0.197693
v 0.257457 0.558354 0.217154
v 0.246422 0.558354 0.232927
v 0.216439 0.998281 0.196848
v 0.220294 0.558354 0.245123
v 0.216223 1.001706 0.197085
v 0.215951 1.005117 0.197382
v 0.196926 0.556975 0.247720
v 0.215594 0.995363 0.196117
v 0.174919 0.556975 0.232323
v 0.215137 1.007994 0.197372
v 0.163558 0.556975 0.207985
v 0.165888 0.556975 0.181227
v 0.215529 0.998281 0.196296
v 0.181285 0.556975 0.159219
v 0.215419 1.001706 0.196598
v 0.205623 0.556975 0.147859
v 0.215282 1.005117 0.196976
v 0.232381 0.556975 0.150189
v 0.214467 0.995363 0.195944
v 0.214526 1.007994 0.197278
v 0.254388 0.556975 0.165586
v 0.214476 0.998281 0.196135
v 0.265749 0.556975 0.189924
v 0.214490 1.001706 0.196455
v 0.263419 0.556975 0.216682
v 0.214508 1.005117 0.196857
v 0.248022 0.556975 0.238689
v 0.213361 0.995363 0.196215
v 0.223684 0.556975 0.250050
v 0.213926 1.007994 0.197426
v 0.196926 0.546392 0.247720
v 0.213441 0.998281 0.196388
v 0.174919 0.546392 0.232323
v 0.163558 0.546392 0.207985
v 0.213577 1.001706 0.196679
v 0.165888 0.546392 0.181227
v 0.213747 1.005117 0.197043
v 0.181285 0.546392 0.159219
v 0.212442 0.995363 0.196889
v 0.205623 0.546392 0.147859
v 0.213427 1.007994 0.197791
v 0.232381 0.546392 0.150189
v 0.212583 0.998281 0.197018
v 0.254388 0.546392 0.165586
v 0.212819 1.001706 0.197235
v 0.265749 0.546392 0.189924
v 0.213116 1.005117 0.197506
v 0.263419 0.546392 0.216682
v 0.211487 0.990093 0.197731
v 0.248022 0.546392 0.238689
v 0.211782 0.993756 0.197839
v 0.223684 0.546392 0.250050
v 0.211663 0.991920 0.197795
v 0.198633 0.541750 0.243025
v 0.211605 0.993756 0.198993
v 0.178744 0.541750 0.229110
v 0.211291 0.990093 0.199007
v 0.211478 0.991920 0.198999
v 0.168477 0.541750 0.207115
v 0.211883 0.993756 0.200128
v 0.170583 0.541750 0.182934
v 0.184497 0.541750 0.163045
v 0.211599 0.990093 0.200261
v 0.206492 0.541750 0.152778
v 0.211768 0.991920 0.200181
v 0.230674 0.541750 0.154884
v 0.212574 0.993756 0.201070
v 0.212362 0.990093 0.201301
v 0.250563 0.541750 0.168798
v 0.260830 0.541750 0.190793
v 0.212489 0.991920 0.201163
v 0.258724 0.541750 0.214975
v 0.213573 0.993756 0.201675
v 0.244809 0.541750 0.234864
v 0.213466 0.990093 0.201970
v 0.222814 0.541750 0.245131
v 0.213530 0.991920 0.201794
v 0.214728 0.993756 0.201852
v 0.198633 0.419194 0.243025
v 0.214742 0.990093 0.202166
v 0.178744 0.419194 0.229110
v 0.214733 0.991920 0.201979
v 0.168477 0.419194 0.207115
v 0.215862 0.993756 0.201574
v 0.170583 0.419194 0.182934
v 0.215995 0.990093 0.201859
v 0.184497 0.419194 0.163045
v 0.215916 0.991920 0.201689
v 0.206492 0.419194 0.152778
v 0.216804 0.993756 0.200883
v 0.230674 0.419194 0.154884
v 0.250563 0.419194 0.168798
v 0.217036 0.990093 0.201095
v 0.216898 0.991920 0.200969
v 0.260830 0.419194 0.190793
v 0.258724 0.419194 0.214975
v 0.217410 0.993756 0.199884
v 0.217705 0.990093 0.199992
v 0.244809 0.419194 0.234864
v 0.217529 0.991920 0.199928
v 0.222814 0.419194 0.245131
v 0.217587 0.993756 0.198730
v 0.217901 0.990093 0.198716
v 0.217714 0.991920 0.198724
v 0.217309 0.993756 0.197595
v 0.217593 0.990093 0.197462
v 0.217424 0.991920 0.197542
v 0.216618 0.993756 0.196653
v 0.216830 0.990093 0.196422
v 0.216703 0.991920 0.196560
v 0.215619 0.993756 0.196048
v 0.215726 0.990093 0.195753
v 0.215662 0.991920 0.195929
v 0.214464 0.993756 0.195871
v 0.214450 0.990093 0.195557
v 0.214459 0.991920 0.195744
v 0.213330 0.993756 0.196149
v 0.213197 0.990093 0.195864
v 0.213276 0.991920 0.196034
v 0.212388 0.993756 0.196840
v 0.212156 0.990093 0.196628
v 0.212294 0.991920 0.196754
v 0.211170 0.987427 0.197616
v 0.209041 0.977071 0.196842
v 0.210653 0.984084 0.197428
v 0.209874 0.980293 0.197145
v 0.208691 0.977071 0.199122
v 0.210955 0.987427 0.199022
v 0.209576 0.980293 0.199083
v 0.210405 0.984084 0.199046
v 0.209240 0.977071 0.201361
v 0.211293 0.987427 0.200403
v 0.210043 0.980293 0.200987
v 0.210794 0.984084 0.200636
v 0.210605 0.977071 0.203221
v 0.212135 0.987427 0.201550
v 0.211203 0.980293 0.202567
v 0.211763 0.984084 0.201956
v 0.212577 0.977071 0.204416
v 0.213351 0.987427 0.202287
v 0.212879 0.980293 0.203584
v 0.213163 0.984084 0.202805
v 0.214856 0.977071 0.204766
v 0.214756 0.987427 0.202503
v 0.214817 0.980293 0.203881
v 0.214781 0.984084 0.203053
v 0.217096 0.977071 0.204217
v 0.216138 0.987427 0.202164
v 0.216721 0.980293 0.203415
v 0.216371 0.984084 0.202663
v 0.218955 0.977071 0.202853
v 0.217284 0.987427 0.201323
v 0.218302 0.980293 0.202255
v 0.217690 0.984084 0.201695
v 0.220151 0.977071 0.200881
v 0.218022 0.987427 0.200107
v 0.219318 0.980293 0.200578
v 0.218539 0.984084 0.200295
v 0.220501 0.977071 0.198601
v 0.218237 0.987427 0.198701
v 0.219616 0.980293 0.198640
v 0.218787 0.984084 0.198677
v 0.219952 0.977071 0.196362
v 0.217899 0.987427 0.197320
v 0.219149 0.980293 0.196736
v 0.218398 0.984084 0.197087
v 0.218587 0.977071 0.194502
v 0.217057 0.987427 0.196173
v 0.217989 0.980293 0.195156
v 0.217429 0.984084 0.195767
v 0.216615 0.977071 0.193307
v 0.215841 0.987427 0.195436
v 0.216313 0.980293 0.194139
v 0.216029 0.984084 0.194918
v 0.214336 0.977071 0.192957
v 0.214436 0.987427 0.195220
v 0.214375 0.980293 0.193842
v 0.214411 0.984084 0.194670
v 0.212096 0.977071 0.193506
v 0.213054 0.987427 0.195559
v 0.212471 0.980293 0.194308
v 0.212821 0.984084 0.195060
v 0.210237 0.977071 0.194870
v 0.211908 0.987427 0.196400
v 0.210890 0.980293 0.195468
v 0.211502 0.984084 0.196028
v 0.208050 0.973746 0.196482
v 0.204726 0.964737 0.195273
v 0.207093 0.970824 0.196134
v 0.205876 0.967526 0.195692
v 0.204104 0.964737 0.199324
v 0.207638 0.973746 0.199168
v 0.205327 0.967526 0.199270
v 0.206620 0.970824 0.199213
v 0.205079 0.964737 0.203304
v 0.208285 0.973746 0.201808
v 0.206189 0.967526 0.202786
v 0.207362 0.970824 0.202238
v 0.207504 0.964737 0.206608
v 0.209892 0.973746 0.203999
v 0.208331 0.967526 0.205705
v 0.209205 0.970824 0.204750
v 0.211008 0.964737 0.208732
v 0.212216 0.973746 0.205408
v 0.211426 0.967526 0.207581
v 0.211869 0.970824 0.206365
v 0.215058 0.964737 0.209354
v 0.214903 0.973746 0.205820
v 0.215004 0.967526 0.208131
v 0.214947 0.970824 0.206837
v 0.219038 0.964737 0.208378
v 0.217542 0.973746 0.205173
v 0.218520 0.967526 0.207269
v 0.217973 0.970824 0.206096
v 0.222342 0.964737 0.205954
v 0.219733 0.973746 0.203565
v 0.221439 0.967526 0.205127
v 0.220484 0.970824 0.204253
v 0.224467 0.964737 0.202450
v 0.221142 0.973746 0.201241
v 0.223316 0.967526 0.202031
v 0.222099 0.970824 0.201589
v 0.225088 0.964737 0.198399
v 0.221555 0.973746 0.198555
v 0.223865 0.967526 0.198453
v 0.222572 0.970824 0.198510
v 0.224113 0.964737 0.194419
v 0.220908 0.973746 0.195915
v 0.223003 0.967526 0.194937
v 0.221830 0.970824 0.195485
v 0.221688 0.964737 0.191115
v 0.219300 0.973746 0.193724
v 0.220861 0.967526 0.192019
v 0.219987 0.970824 0.192973
v 0.218184 0.964737 0.188991
v 0.216976 0.973746 0.192315
v 0.217766 0.967526 0.190142
v 0.217324 0.970824 0.191359
v 0.214134 0.964737 0.188369
v 0.214289 0.973746 0.191903
v 0.214188 0.967526 0.189592
v 0.214245 0.970824 0.190886
v 0.210154 0.964737 0.189345
v 0.211650 0.973746 0.192550
v 0.210672 0.967526 0.190454
v 0.211219 0.970824 0.191627
v 0.206850 0.964737 0.191769
v 0.209459 0.973746 0.194158
v 0.207753 0.967526 0.192596
v 0.208708 0.970824 0.193470
v 0.203196 0.961307 0.194717
v 0.195455 0.951038 0.191903
v 0.201098 0.957551 0.193955
v 0.198265 0.953793 0.192925
v 0.194249 0.951038 0.199758
v 0.202478 0.961307 0.199395
v 0.197236 0.953793 0.199626
v 0.200248 0.957551 0.199494
v 0.196141 0.951038 0.207476
v 0.203605 0.961307 0.203992
v 0.198850 0.953793 0.206212
v 0.201582 0.957551 0.204936
v 0.200842 0.951038 0.213883
v 0.206405 0.961307 0.207808
v 0.202861 0.953793 0.211678
v 0.204897 0.957551 0.209454
v 0.207638 0.951038 0.218003
v 0.210452 0.961307 0.210261
v 0.208659 0.953793 0.215193
v 0.209689 0.957551 0.212359
v 0.215492 0.951038 0.219209
v 0.215130 0.961307 0.210980
v 0.215361 0.953793 0.216222
v 0.215228 0.957551 0.213210
v 0.223211 0.951038 0.217317
v 0.219727 0.961307 0.209853
v 0.221946 0.953793 0.214608
v 0.220671 0.957551 0.211876
v 0.229617 0.951038 0.212615
v 0.223542 0.961307 0.207053
v 0.227412 0.953793 0.210596
v 0.225189 0.957551 0.208560
v 0.233737 0.951038 0.205820
v 0.225996 0.961307 0.203006
v 0.230928 0.953793 0.204798
v 0.228094 0.957551 0.203768
v 0.234943 0.951038 0.197965
v 0.226714 0.961307 0.198328
v 0.231956 0.953793 0.198097
v 0.228944 0.957551 0.198229
v 0.233051 0.951038 0.190247
v 0.225587 0.961307 0.193731
v 0.230342 0.953793 0.191511
v 0.227610 0.957551 0.192787
v 0.228350 0.951038 0.183840
v 0.222787 0.961307 0.189915
v 0.226331 0.953793 0.186045
v 0.224295 0.957551 0.188269
v 0.221554 0.951038 0.179720
v 0.218740 0.961307 0.187462
v 0.220533 0.953793 0.182530
v 0.219503 0.957551 0.185364
v 0.213700 0.951038 0.178514
v 0.214062 0.961307 0.186743
v 0.213831 0.953793 0.181501
v 0.213964 0.957551 0.184513
v 0.205981 0.951038 0.180406
v 0.209465 0.961307 0.187870
v 0.207246 0.953793 0.183115
v 0.208521 0.957551 0.185847
v 0.199575 0.951038 0.185108
v 0.205650 0.961307 0.190670
v 0.201780 0.953793 0.187127
v 0.204003 0.957551 0.189163
v 0.182540 0.940597 0.187208
v 0.176748 0.933955 0.185103
v 0.179498 0.937513 0.186103
v 0.174364 0.933955 0.200634
v 0.180520 0.940597 0.200363
v 0.177287 0.937513 0.200505
v 0.178104 0.933955 0.215895
v 0.183689 0.940597 0.213289
v 0.180756 0.937513 0.214658
v 0.187401 0.933955 0.228564
v 0.191562 0.940597 0.224018
v 0.189377 0.937513 0.226405
v 0.200837 0.933955 0.236710
v 0.202943 0.940597 0.230918
v 0.201837 0.937513 0.233960
v 0.216369 0.933955 0.239094
v 0.216097 0.940597 0.232937
v 0.216240 0.937513 0.236171
v 0.231630 0.933955 0.235353
v 0.229023 0.940597 0.229769
v 0.230392 0.937513 0.232702
v 0.244298 0.933955 0.226057
v 0.239753 0.940597 0.221895
v 0.242140 0.937513 0.224081
v 0.252444 0.933955 0.212620
v 0.246652 0.940597 0.210515
v 0.249694 0.937513 0.211620
v 0.254829 0.933955 0.197089
v 0.248672 0.940597 0.197360
v 0.251905 0.937513 0.197218
v 0.251088 0.933955 0.181828
v 0.245503 0.940597 0.184434
v 0.248436 0.937513 0.183065
v 0.241791 0.933955 0.169159
v 0.237630 0.940597 0.173705
v 0.239815 0.937513 0.171318
v 0.228355 0.933955 0.161013
v 0.226249 0.940597 0.166805
v 0.227355 0.937513 0.163763
v 0.212823 0.933955 0.158629
v 0.213095 0.940597 0.164786
v 0.212952 0.937513 0.161552
v 0.197562 0.933955 0.162370
v 0.200169 0.940597 0.167954
v 0.198800 0.937513 0.165021
v 0.184894 0.933955 0.171666
v 0.189439 0.940597 0.175828
v 0.187052 0.937513 0.173642
v 0.166414 0.911553 0.181346
v 0.163379 0.911553 0.201118
v 0.168141 0.911553 0.220546
v 0.179976 0.911553 0.236673
v 0.197081 0.911553 0.247043
v 0.216853 0.911553 0.250078
v 0.236281 0.911553 0.245316
v 0.252407 0.911553 0.233482
v 0.262778 0.911553 0.216377
v 0.265813 0.911553 0.196605
v 0.261051 0.911553 0.177177
v 0.249216 0.911553 0.161050
v 0.232111 0.911553 0.150680
v 0.212340 0.911553 0.147645
v 0.192911 0.911553 0.152407
v 0.176785 0.911553 0.164241
v 0.162897 0.897797 0.180068
v 0.162169 0.882697 0.179803
v 0.162382 0.893579 0.179881
v 0.158866 0.882697 0.201317
v 0.159641 0.897797 0.201283
v 0.159093 0.893579 0.201307
v 0.164048 0.882697 0.222457
v 0.164750 0.897797 0.222129
v 0.164254 0.893579 0.222361
v 0.176925 0.882697 0.240005
v 0.177449 0.897797 0.239433
v 0.177079 0.893579 0.239837
v 0.195538 0.882697 0.251289
v 0.195802 0.897797 0.250560
v 0.195615 0.893579 0.251075
v 0.217051 0.882697 0.254591
v 0.217017 0.897797 0.253817
v 0.217041 0.893579 0.254364
v 0.238191 0.882697 0.249409
v 0.237863 0.897797 0.248707
v 0.238095 0.893579 0.249204
v 0.255739 0.882697 0.236532
v 0.255167 0.897797 0.236009
v 0.255572 0.893579 0.236379
v 0.267023 0.882697 0.217920
v 0.266295 0.897797 0.217655
v 0.266810 0.893579 0.217842
v 0.270326 0.882697 0.196406
v 0.269551 0.897797 0.196440
v 0.270099 0.893579 0.196416
v 0.265144 0.882697 0.175266
v 0.264442 0.897797 0.175594
v 0.264938 0.893579 0.175362
v 0.252267 0.882697 0.157718
v 0.251743 0.897797 0.158290
v 0.252113 0.893579 0.157886
v 0.233654 0.882697 0.146434
v 0.233390 0.897797 0.147163
v 0.233577 0.893579 0.146648
v 0.212141 0.882697 0.143132
v 0.212175 0.897797 0.143906
v 0.212151 0.893579 0.143359
v 0.191001 0.882697 0.148314
v 0.191329 0.897797 0.149016
v 0.191097 0.893579 0.148519
v 0.173453 0.882697 0.161191
v 0.174025 0.897797 0.161714
v 0.173620 0.893579 0.161344
v 0.210431 0.945467 0.225992
v 0.207537 0.921383 0.244845
v 0.206518 0.901723 0.251483
v 0.208198 0.930043 0.240539
v 0.214360 1.007994 0.200398
v 0.214297 1.005117 0.200807
v 0.214238 1.001706 0.201197
v 0.214190 0.998281 0.201508
v 0.214161 0.995363 0.201693
v 0.214104 0.990093 0.202068
v 0.214132 0.991920 0.201887
v 0.214151 0.993756 0.201764
v 0.214054 0.987427 0.202395
v 0.213972 0.984084 0.202929
v 0.213848 0.980293 0.203733
v 0.213716 0.977071 0.204591
v 0.213559 0.973746 0.205614
v 0.213408 0.970824 0.206601
v 0.213215 0.967526 0.207856
v 0.213033 0.964737 0.209043
v 0.212791 0.961307 0.210621
v 0.212459 0.957551 0.212785
v 0.212010 0.953793 0.215707
v 0.211565 0.951038 0.218606
v 0.209520 0.940597 0.231928
v 0.209038 0.937513 0.235065
v 0.208603 0.933955 0.237902
v 0.206967 0.911553 0.248561
v 0.206410 0.897797 0.252189
v 0.206328 0.893579 0.252720
v 0.206294 0.882697 0.252940
v 0.200366 0.945467 0.222333
v 0.190478 0.921383 0.238643
v 0.186996 0.901723 0.244386
v 0.192736 0.930043 0.234918
v 0.213790 1.007994 0.200191
v 0.213576 1.005117 0.200544
v 0.213371 1.001706 0.200882
v 0.213208 0.998281 0.201151
v 0.213111 0.995363 0.201311
v 0.212914 0.990093 0.201636
v 0.213009 0.991920 0.201479
v 0.213074 0.993756 0.201372
v 0.212743 0.987427 0.201918
v 0.212463 0.984084 0.202380
v 0.212041 0.980293 0.203076
v 0.211591 0.977071 0.203818
v 0.211054 0.973746 0.204703
v 0.210537 0.970824 0.205557
v 0.209878 0.967526 0.206643
v 0.209256 0.964737 0.207670
v 0.208428 0.961307 0.209035
v 0.207293 0.957551 0.210907
v 0.205760 0.953793 0.213435
v 0.204240 0.951038 0.215943
v 0.197253 0.940597 0.227468
v 0.195607 0.937513 0.230183
v 0.194119 0.933955 0.232637
v 0.188528 0.911553 0.241858
v 0.186626 0.897797 0.244997
v 0.186347 0.893579 0.245456
v 0.186231 0.882697 0.245647
v 0.162169 0.882437 0.179803
v 0.161346 0.882437 0.185162
v 0.160933 0.881906 0.187854
v 0.160348 0.878127 0.191662
v 0.160266 0.875455 0.192198
v 0.160583 0.880392 0.190137
v 0.166285 0.875455 0.173014
v 0.166004 0.878127 0.173478
v 0.165204 0.880392 0.174797
v 0.164006 0.881906 0.176772
v 0.162594 0.882437 0.179102
v 0.161998 0.875455 0.214092
v 0.162127 0.878127 0.214618
v 0.162494 0.880392 0.216117
v 0.163044 0.881906 0.218360
v 0.164048 0.882437 0.222457
v 0.163692 0.882437 0.221006
v 0.171068 0.875455 0.232023
v 0.170748 0.878127 0.231587
v 0.169835 0.880392 0.230342
v 0.166857 0.882437 0.226284
v 0.168469 0.881906 0.228481
v 0.187245 0.878127 0.246261
v 0.186782 0.875455 0.245980
v 0.192869 0.882437 0.249671
v 0.195538 0.882437 0.251289
v 0.188565 0.880392 0.247061
v 0.190539 0.881906 0.248258
v 0.233580 0.882437 0.250540
v 0.238191 0.882437 0.249409
v 0.228691 0.880392 0.251738
v 0.226666 0.875455 0.252234
v 0.227193 0.878127 0.252105
v 0.230934 0.881906 0.251188
v 0.244698 0.878127 0.244634
v 0.245135 0.875455 0.244314
v 0.239396 0.882437 0.248526
v 0.241592 0.881906 0.246914
v 0.243454 0.880392 0.245547
v 0.264213 0.882437 0.222556
v 0.267023 0.882437 0.217920
v 0.261603 0.880392 0.226860
v 0.260522 0.875455 0.228643
v 0.260803 0.878127 0.228180
v 0.262800 0.881906 0.224885
v 0.268146 0.878127 0.210608
v 0.268228 0.875455 0.210073
v 0.267148 0.882437 0.217109
v 0.267561 0.881906 0.214416
v 0.267911 0.880392 0.212134
v 0.266274 0.882437 0.179877
v 0.265144 0.882437 0.175266
v 0.267473 0.880392 0.184766
v 0.267969 0.875455 0.186791
v 0.267840 0.878127 0.186265
v 0.266923 0.881906 0.182523
v 0.264260 0.882437 0.174062
v 0.262648 0.881906 0.171865
v 0.260369 0.878127 0.168759
v 0.260048 0.875455 0.168323
v 0.261282 0.880392 0.170004
v 0.242410 0.875455 0.151743
v 0.241947 0.878127 0.151462
v 0.240627 0.880392 0.150662
v 0.238653 0.881906 0.149465
v 0.233654 0.882437 0.146434
v 0.236323 0.882437 0.148052
v 0.230570 0.882437 0.145961
v 0.227877 0.881906 0.145548
v 0.224069 0.878127 0.144963
v 0.223534 0.875455 0.144881
v 0.225594 0.880392 0.145197
v 0.199366 0.875455 0.146263
v 0.198840 0.878127 0.146392
v 0.197341 0.880392 0.146760
v 0.195098 0.881906 0.147309
v 0.191001 0.882437 0.148314
v 0.192452 0.882437 0.147958
v 0.187173 0.882437 0.151122
v 0.184977 0.881906 0.152734
v 0.181871 0.878127 0.155013
v 0.181434 0.875455 0.155334
v 0.183115 0.880392 0.154100
v 0.205659 0.875455 0.252842
v 0.205123 0.878127 0.252760
v 0.203598 0.880392 0.252526
v 0.198622 0.882437 0.251762
v 0.201315 0.881906 0.252176
v 0.214596 1.001454 0.198861
v 0.189520 0.942553 0.189746
v 0.172137 0.919664 0.183427
v 0.165929 0.891389 0.181170
v 0.176128 0.927955 0.184877
v 0.187941 0.942553 0.200036
v 0.169462 0.919664 0.200850
v 0.162863 0.891389 0.201141
v 0.173705 0.927955 0.200663
v 0.190419 0.942553 0.210147
v 0.173658 0.919664 0.217971
v 0.167673 0.891389 0.220765
v 0.177507 0.927955 0.216174
v 0.196578 0.942553 0.218540
v 0.184087 0.919664 0.232182
v 0.179627 0.891389 0.237054
v 0.186955 0.927955 0.229050
v 0.205480 0.942553 0.223937
v 0.199161 0.919664 0.241321
v 0.196904 0.891389 0.247529
v 0.200612 0.927955 0.237330
v 0.215770 0.942553 0.225517
v 0.216585 0.919664 0.243996
v 0.216875 0.891389 0.250595
v 0.216398 0.927955 0.239753
v 0.225882 0.942553 0.223038
v 0.233705 0.919664 0.239799
v 0.236499 0.891389 0.245784
v 0.231909 0.927955 0.235951
v 0.234275 0.942553 0.216879
v 0.247917 0.919664 0.229370
v 0.252789 0.891389 0.233831
v 0.244785 0.927955 0.226502
v 0.239672 0.942553 0.207977
v 0.257056 0.919664 0.214296
v 0.263263 0.891389 0.216553
v 0.253064 0.927955 0.212846
v 0.241251 0.942553 0.197687
v 0.259730 0.919664 0.196873
v 0.266329 0.891389 0.196582
v 0.255487 0.927955 0.197060
v 0.238773 0.942553 0.187576
v 0.255534 0.919664 0.179752
v 0.261519 0.891389 0.176958
v 0.251685 0.927955 0.181549
v 0.232614 0.942553 0.179183
v 0.245105 0.919664 0.165541
v 0.249565 0.891389 0.160669
v 0.242237 0.927955 0.168673
v 0.223712 0.942553 0.173786
v 0.230031 0.919664 0.156402
v 0.232288 0.891389 0.150194
v 0.228580 0.927955 0.160393
v 0.213422 0.942553 0.172206
v 0.212607 0.919664 0.153727
v 0.212317 0.891389 0.147128
v 0.212794 0.927955 0.157970
v 0.203310 0.942553 0.174685
v 0.195487 0.919664 0.157924
v 0.192693 0.891389 0.151939
v 0.197283 0.927955 0.161772
v 0.194918 0.942553 0.180844
v 0.181275 0.919664 0.168353
v 0.176404 0.891389 0.163892
v 0.184407 0.927955 0.171221
v 0.215516 1.007307 0.199196
v 0.214306 0.995115 0.198756
v 0.215134 1.004534 0.199057
v 0.214769 1.001237 0.198925
v 0.214475 0.997927 0.198843
v 0.214287 0.995115 0.198875
v 0.215574 1.007307 0.198818
v 0.214780 1.001237 0.198853
v 0.215168 1.004534 0.198836
v 0.214316 0.995115 0.198992
v 0.215483 1.007307 0.198448
v 0.214763 1.001237 0.198783
v 0.215115 1.004534 0.198619
v 0.214387 0.995115 0.199089
v 0.215257 1.007307 0.198140
v 0.214497 0.997927 0.198934
v 0.214706 1.001245 0.198715
v 0.214983 1.004534 0.198439
v 0.214490 0.995115 0.199152
v 0.214930 1.007307 0.197942
v 0.214555 0.997935 0.198976
v 0.214641 1.001245 0.198684
v 0.214792 1.004534 0.198323
v 0.214610 0.995115 0.199170
v 0.214553 1.007307 0.197884
v 0.214588 1.001237 0.198677
v 0.214571 1.004534 0.198289
v 0.214727 0.995115 0.199141
v 0.214182 1.007307 0.197975
v 0.214625 0.997927 0.198981
v 0.214518 1.001237 0.198694
v 0.214354 1.004534 0.198343
v 0.214824 0.995115 0.199070
v 0.213874 1.007307 0.198200
v 0.214460 1.001237 0.198737
v 0.214174 1.004534 0.198475
v 0.214886 0.995115 0.198967
v 0.213676 1.007307 0.198527
v 0.214708 0.997927 0.198902
v 0.214423 1.001237 0.198798
v 0.214058 1.004534 0.198666
v 0.214905 0.995115 0.198848
v 0.213618 1.007307 0.198905
v 0.214412 1.001237 0.198870
v 0.214024 1.004534 0.198887
v 0.214876 0.995115 0.198731
v 0.213709 1.007307 0.199276
v 0.214695 0.997927 0.198789
v 0.214429 1.001237 0.198940
v 0.214077 1.004534 0.199104
v 0.214805 0.995115 0.198634
v 0.213935 1.007307 0.199583
v 0.214471 1.001237 0.198998
v 0.214209 1.004534 0.199284
v 0.214702 0.995115 0.198571
v 0.214262 1.007307 0.199781
v 0.214615 0.997927 0.198740
v 0.214533 1.001237 0.199035
v 0.214400 1.004534 0.199400
v 0.214582 0.995115 0.198553
v 0.214639 1.007307 0.199839
v 0.214604 1.001237 0.199046
v 0.214621 1.004534 0.199434
v 0.214465 0.995115 0.198582
v 0.215010 1.007307 0.199749
v 0.214523 0.997927 0.198763
v 0.214674 1.001237 0.199029
v 0.214838 1.004534 0.199381
v 0.214368 0.995115 0.198653
v 0.215318 1.007307 0.199523
v 0.214732 1.001237 0.198986
v 0.215018 1.004534 0.199248
v 0.213920 0.989585 0.198616
v 0.214236 0.993499 0.198731
v 0.214109 0.991537 0.198684
v 0.214214 0.993499 0.198878
v 0.213878 0.989585 0.198893
v 0.214078 0.991537 0.198884
v 0.214249 0.993499 0.199023
v 0.213944 0.989585 0.199166
v 0.214126 0.991537 0.199081
v 0.214338 0.993499 0.199144
v 0.214110 0.989585 0.199392
v 0.214246 0.991537 0.199244
v 0.214465 0.993499 0.199221
v 0.214350 0.989585 0.199537
v 0.214419 0.991537 0.199349
v 0.214613 0.993499 0.199244
v 0.214628 0.989585 0.199580
v 0.214619 0.991537 0.199380
v 0.214758 0.993499 0.199208
v 0.214900 0.989585 0.199513
v 0.214815 0.991537 0.199331
v 0.214878 0.993499 0.199120
v 0.215126 0.989585 0.199347
v 0.214978 0.991537 0.199212
v 0.214956 0.993499 0.198992
v 0.215272 0.989585 0.199107
v 0.215083 0.991537 0.199039
v 0.214978 0.993499 0.198845
v 0.215314 0.989585 0.198830
v 0.215114 0.991537 0.198839
v 0.214943 0.993499 0.198700
v 0.215248 0.989585 0.198557
v 0.215066 0.991537 0.198642
v 0.214854 0.993499 0.198579
v 0.215082 0.989585 0.198331
v 0.214946 0.991537 0.198479
v 0.214727 0.993499 0.198502
v 0.214842 0.989585 0.198186
v 0.214773 0.991537 0.198374
v 0.214579 0.993499 0.198479
v 0.214564 0.989585 0.198143
v 0.214573 0.991537 0.198344
v 0.214434 0.993499 0.198515
v 0.214292 0.989585 0.198210
v 0.214377 0.991537 0.198392
v 0.214314 0.993499 0.198603
v 0.214066 0.989585 0.198376
v 0.214214 0.991537 0.198511
v 0.213587 0.986784 0.198495
v 0.211330 0.975834 0.197674
v 0.213038 0.983248 0.198295
v 0.212212 0.979239 0.197995
v 0.211125 0.975834 0.199014
v 0.213523 0.986784 0.198909
v 0.212062 0.979239 0.198973
v 0.212940 0.983248 0.198934
v 0.211447 0.975834 0.200331
v 0.213623 0.986784 0.199316
v 0.212297 0.979239 0.199934
v 0.213094 0.983248 0.199563
v 0.212250 0.975834 0.201424
v 0.213871 0.986784 0.199653
v 0.212883 0.979239 0.200732
v 0.213477 0.983248 0.200084
v 0.213409 0.975834 0.202127
v 0.214229 0.986784 0.199871
v 0.213729 0.979239 0.201246
v 0.214030 0.983248 0.200419
v 0.214749 0.975834 0.202333
v 0.214643 0.986784 0.199934
v 0.214708 0.979239 0.201396
v 0.214669 0.983248 0.200517
v 0.216066 0.975834 0.202010
v 0.215050 0.986784 0.199834
v 0.215669 0.979239 0.201160
v 0.215297 0.983248 0.200364
v 0.217159 0.975834 0.201208
v 0.215388 0.986784 0.199587
v 0.216467 0.979239 0.200575
v 0.215819 0.983248 0.199981
v 0.217862 0.975834 0.200049
v 0.215605 0.986784 0.199228
v 0.216980 0.979239 0.199728
v 0.216154 0.983248 0.199428
v 0.218067 0.975834 0.198709
v 0.215669 0.986784 0.198814
v 0.217130 0.979239 0.198750
v 0.216252 0.983248 0.198789
v 0.217745 0.975834 0.197392
v 0.215569 0.986784 0.198407
v 0.216895 0.979239 0.197789
v 0.216098 0.983248 0.198160
v 0.216942 0.975834 0.196299
v 0.215321 0.986784 0.198070
v 0.216309 0.979239 0.196991
v 0.215715 0.983248 0.197639
v 0.215783 0.975834 0.195596
v 0.214963 0.986784 0.197852
v 0.215463 0.979239 0.196478
v 0.215162 0.983248 0.197304
v 0.214443 0.975834 0.195390
v 0.214549 0.986784 0.197789
v 0.214484 0.979239 0.196327
v 0.214523 0.983248 0.197206
v 0.213126 0.975834 0.195713
v 0.214142 0.986784 0.197889
v 0.213523 0.979239 0.196563
v 0.213895 0.983248 0.197360
v 0.212033 0.975834 0.196515
v 0.213804 0.986784 0.198136
v 0.212725 0.979239 0.197149
v 0.213373 0.983248 0.197742
v 0.210299 0.972380 0.197299
v 0.206827 0.962985 0.196037
v 0.209299 0.969331 0.196936
v 0.208028 0.965892 0.196474
v 0.206337 0.962985 0.199225
v 0.210028 0.972380 0.199063
v 0.207614 0.965892 0.199169
v 0.208965 0.969331 0.199110
v 0.207105 0.962985 0.202358
v 0.210453 0.972380 0.200795
v 0.208263 0.965892 0.201818
v 0.209489 0.969331 0.201245
v 0.209013 0.962985 0.204959
v 0.211508 0.972380 0.202234
v 0.209877 0.965892 0.204016
v 0.210790 0.969331 0.203018
v 0.211772 0.962985 0.206631
v 0.213034 0.972380 0.203159
v 0.212208 0.965892 0.205430
v 0.212670 0.969331 0.204159
v 0.214960 0.962985 0.207120
v 0.214797 0.972380 0.203429
v 0.214904 0.965892 0.205843
v 0.214844 0.969331 0.204492
v 0.218093 0.962985 0.206352
v 0.216530 0.972380 0.203005
v 0.217552 0.965892 0.205194
v 0.216980 0.969331 0.203969
v 0.220693 0.962985 0.204444
v 0.217968 0.972380 0.201949
v 0.219750 0.965892 0.203581
v 0.218753 0.969331 0.202668
v 0.222365 0.962985 0.201686
v 0.218893 0.972380 0.200424
v 0.221164 0.965892 0.201249
v 0.219893 0.969331 0.200787
v 0.222855 0.962985 0.198498
v 0.219164 0.972380 0.198660
v 0.221578 0.965892 0.198554
v 0.220227 0.969331 0.198613
v 0.222087 0.962985 0.195365
v 0.218739 0.972380 0.196928
v 0.220929 0.965892 0.195905
v 0.219703 0.969331 0.196478
v 0.220179 0.962985 0.192764
v 0.217684 0.972380 0.195489
v 0.219315 0.965892 0.193707
v 0.218402 0.969331 0.194705
v 0.217420 0.962985 0.191092
v 0.216158 0.972380 0.194564
v 0.216984 0.965892 0.192293
v 0.216522 0.969331 0.193565
v 0.214232 0.962985 0.190603
v 0.214395 0.972380 0.194294
v 0.214288 0.965892 0.191880
v 0.214348 0.969331 0.193231
v 0.211099 0.962985 0.191371
v 0.212662 0.972380 0.194719
v 0.211640 0.965892 0.192529
v 0.212212 0.969331 0.193754
v 0.208499 0.962985 0.193279
v 0.211224 0.972380 0.195774
v 0.209442 0.965892 0.194142
v 0.210439 0.969331 0.195055
v 0.205201 0.959348 0.195446
v 0.196738 0.948164 0.192370
v 0.202902 0.955250 0.194611
v 0.199799 0.951152 0.193483
v 0.195613 0.948164 0.199698
v 0.204609 0.959348 0.199302
v 0.198867 0.951152 0.199554
v 0.202166 0.955250 0.199409
v 0.197378 0.948164 0.206899
v 0.205537 0.959348 0.203090
v 0.200330 0.951152 0.205521
v 0.203322 0.955250 0.204124
v 0.201764 0.948164 0.212876
v 0.207845 0.959348 0.206235
v 0.203964 0.951152 0.210474
v 0.206194 0.955250 0.208038
v 0.208104 0.948164 0.216720
v 0.211181 0.959348 0.208257
v 0.209217 0.951152 0.213658
v 0.210345 0.955250 0.210555
v 0.215432 0.948164 0.217845
v 0.215036 0.959348 0.208849
v 0.215289 0.951152 0.214590
v 0.215144 0.955250 0.211292
v 0.222633 0.948164 0.216080
v 0.218824 0.959348 0.207920
v 0.221255 0.951152 0.213128
v 0.219859 0.955250 0.210136
v 0.228611 0.948164 0.211693
v 0.221969 0.959348 0.205612
v 0.226208 0.951152 0.209493
v 0.223773 0.955250 0.207264
v 0.232454 0.948164 0.205353
v 0.223991 0.959348 0.202277
v 0.229393 0.951152 0.204240
v 0.226290 0.955250 0.203112
v 0.233579 0.948164 0.198025
v 0.224583 0.959348 0.198422
v 0.230325 0.951152 0.198169
v 0.227026 0.955250 0.198314
v 0.231814 0.948164 0.190824
v 0.223655 0.959348 0.194633
v 0.228862 0.951152 0.192202
v 0.225870 0.955250 0.193599
v 0.227428 0.948164 0.184847
v 0.221347 0.959348 0.191488
v 0.225228 0.951152 0.187250
v 0.222998 0.955250 0.189685
v 0.221088 0.948164 0.181003
v 0.218011 0.959348 0.189466
v 0.219975 0.951152 0.184065
v 0.218847 0.955250 0.187168
v 0.213760 0.948164 0.179878
v 0.214156 0.959348 0.188874
v 0.213903 0.951152 0.183133
v 0.214048 0.955250 0.186431
v 0.206559 0.948164 0.181643
v 0.210368 0.959348 0.189803
v 0.207937 0.951152 0.184595
v 0.209333 0.955250 0.187587
v 0.200582 0.948164 0.186030
v 0.207223 0.959348 0.192111
v 0.202984 0.951152 0.188230
v 0.205419 0.955250 0.190459
v 0.183896 0.937790 0.187701
v 0.178488 0.931575 0.185736
v 0.181058 0.934907 0.186670
v 0.176214 0.931575 0.200553
v 0.181962 0.937790 0.200299
v 0.178945 0.934907 0.200432
v 0.179783 0.931575 0.215112
v 0.184996 0.937790 0.212678
v 0.182260 0.934907 0.213956
v 0.188651 0.931575 0.227198
v 0.192537 0.937790 0.222954
v 0.190498 0.934907 0.225181
v 0.201470 0.931575 0.234969
v 0.203436 0.937790 0.229562
v 0.202404 0.934907 0.232399
v 0.216287 0.931575 0.237244
v 0.216034 0.937790 0.231495
v 0.216167 0.934907 0.234512
v 0.230847 0.931575 0.233675
v 0.228413 0.937790 0.228461
v 0.229690 0.934907 0.231197
v 0.242932 0.931575 0.224806
v 0.238688 0.937790 0.220921
v 0.240915 0.934907 0.222960
v 0.250704 0.931575 0.211987
v 0.245296 0.937790 0.210022
v 0.248134 0.934907 0.211053
v 0.252978 0.931575 0.197170
v 0.247230 0.937790 0.197424
v 0.250247 0.934907 0.197291
v 0.249409 0.931575 0.182611
v 0.244196 0.937790 0.185045
v 0.246932 0.934907 0.183768
v 0.240541 0.931575 0.170525
v 0.236655 0.937790 0.174769
v 0.238694 0.934907 0.172542
v 0.227722 0.931575 0.162754
v 0.225756 0.937790 0.168161
v 0.226788 0.934907 0.165324
v 0.212905 0.931575 0.160479
v 0.213158 0.937790 0.166228
v 0.213025 0.934907 0.163211
v 0.198345 0.931575 0.164048
v 0.200779 0.937790 0.169262
v 0.199502 0.934907 0.166526
v 0.186260 0.931575 0.172917
v 0.190504 0.937790 0.176802
v 0.188277 0.934907 0.174763
v 0.168652 0.910146 0.182160
v 0.165758 0.910146 0.201013
v 0.170299 0.910146 0.219539
v 0.181584 0.910146 0.234917
v 0.197894 0.910146 0.244806
v 0.216748 0.910146 0.247700
v 0.235274 0.910146 0.243159
v 0.250651 0.910146 0.231874
v 0.260540 0.910146 0.215563
v 0.263434 0.910146 0.196710
v 0.258893 0.910146 0.178184
v 0.247608 0.910146 0.162806
v 0.231298 0.910146 0.152917
v 0.212444 0.910146 0.150023
v 0.193918 0.910146 0.154564
v 0.178541 0.910146 0.165849
v 0.165308 0.888655 0.180944
v 0.164630 0.882606 0.180698
v 0.164828 0.885648 0.180770
v 0.161482 0.882606 0.201202
v 0.162203 0.888655 0.201170
v 0.161693 0.885648 0.201192
v 0.166421 0.882606 0.221349
v 0.167074 0.888655 0.221044
v 0.166612 0.885648 0.221260
v 0.178694 0.882606 0.238073
v 0.179181 0.888655 0.237541
v 0.178836 0.885648 0.237918
v 0.196432 0.882606 0.248828
v 0.196679 0.888655 0.248150
v 0.196504 0.885648 0.248629
v 0.216936 0.882606 0.251975
v 0.216904 0.888655 0.251255
v 0.216927 0.885648 0.251764
v 0.237084 0.882606 0.247037
v 0.236779 0.888655 0.246383
v 0.236994 0.885648 0.246845
v 0.253808 0.882606 0.234764
v 0.253276 0.888655 0.234277
v 0.253652 0.885648 0.234621
v 0.264562 0.882606 0.217025
v 0.263884 0.888655 0.216779
v 0.264364 0.885648 0.216953
v 0.267710 0.882606 0.196521
v 0.266989 0.888655 0.196553
v 0.267499 0.885648 0.196531
v 0.262771 0.882606 0.176374
v 0.262118 0.888655 0.176679
v 0.262580 0.885648 0.176463
v 0.250498 0.882606 0.159650
v 0.250011 0.888655 0.160182
v 0.250356 0.885648 0.159805
v 0.232760 0.882606 0.148895
v 0.232513 0.888655 0.149573
v 0.232688 0.885648 0.149094
v 0.212256 0.882606 0.145748
v 0.212288 0.888655 0.146468
v 0.212265 0.885648 0.145959
v 0.192108 0.882606 0.150686
v 0.192413 0.888655 0.151340
v 0.192198 0.885648 0.150878
v 0.175384 0.882606 0.162959
v 0.175916 0.888655 0.163446
v 0.175540 0.885648 0.163102
v 0.210630 0.942578 0.224694
v 0.207875 0.919702 0.242642
v 0.206891 0.891410 0.249055
v 0.208508 0.927989 0.238521
v 0.214742 1.007331 0.197909
v 0.214682 1.004555 0.198304
v 0.214550 0.995124 0.199161
v 0.214489 0.989605 0.199556
v 0.214519 0.991553 0.199363
v 0.214539 0.993510 0.199232
v 0.214437 0.986810 0.199899
v 0.214350 0.983281 0.200462
v 0.214220 0.979279 0.201311
v 0.214081 0.975878 0.202217
v 0.213918 0.972426 0.203279
v 0.213760 0.969381 0.204307
v 0.213559 0.965944 0.205615
v 0.213369 0.963038 0.206852
v 0.213113 0.959409 0.208521
v 0.212751 0.955315 0.210881
v 0.212261 0.951209 0.214074
v 0.211776 0.948205 0.217233
v 0.209739 0.937815 0.230500
v 0.209289 0.934936 0.233430
v 0.208883 0.931613 0.236079
v 0.207323 0.910183 0.246240
v 0.206792 0.888672 0.249699
v 0.206716 0.885658 0.250196
v 0.206684 0.882609 0.250401
v 0.201046 0.942578 0.221210
v 0.191633 0.919702 0.236737
v 0.188269 0.891410 0.242286
v 0.193794 0.927989 0.233172
v 0.215096 1.007331 0.198037
v 0.214889 1.004555 0.198379
v 0.214439 0.995124 0.199120
v 0.214232 0.989605 0.199463
v 0.214333 0.991553 0.199295
v 0.214402 0.993510 0.199182
v 0.214052 0.986810 0.199759
v 0.213756 0.983281 0.200246
v 0.213311 0.979279 0.200981
v 0.212836 0.975878 0.201765
v 0.212279 0.972426 0.202683
v 0.211740 0.969381 0.203573
v 0.211054 0.965944 0.204705
v 0.210405 0.963038 0.205775
v 0.209529 0.959409 0.207219
v 0.208292 0.955315 0.209260
v 0.206617 0.951209 0.212022
v 0.204960 0.948205 0.214756
v 0.198001 0.937815 0.226233
v 0.196465 0.934936 0.228768
v 0.195075 0.931613 0.231059
v 0.189746 0.910183 0.239850
v 0.187931 0.888672 0.242843
v 0.187671 0.885658 0.243272
v 0.187563 0.882609 0.243450
v 0.164630 0.882437 0.180698
v 0.163885 0.882437 0.185551
v 0.163471 0.881906 0.188244
v 0.162887 0.878127 0.192052
v 0.162805 0.875455 0.192588
v 0.163121 0.880392 0.190527
v 0.168481 0.875455 0.174346
v 0.168200 0.878127 0.174809
v 0.167400 0.880392 0.176129
v 0.166203 0.881906 0.178104
v 0.164790 0.882437 0.180433
v 0.164492 0.875455 0.213480
v 0.164621 0.878127 0.214006
v 0.164988 0.880392 0.215505
v 0.165538 0.881906 0.217748
v 0.166421 0.882437 0.221349
v 0.166187 0.882437 0.220394
v 0.173139 0.875455 0.230504
v 0.172818 0.878127 0.230067
v 0.171905 0.880392 0.228823
v 0.168927 0.882437 0.224765
v 0.170539 0.881906 0.226961
v 0.188576 0.878127 0.244065
v 0.188113 0.875455 0.243784
v 0.194200 0.882437 0.247475
v 0.196432 0.882437 0.248828
v 0.189896 0.880392 0.244865
v 0.191871 0.881906 0.246062
v 0.232969 0.882437 0.248045
v 0.237084 0.882437 0.247037
v 0.228080 0.880392 0.249244
v 0.226055 0.875455 0.249740
v 0.226581 0.878127 0.249611
v 0.230323 0.881906 0.248694
v 0.243179 0.878127 0.242564
v 0.243616 0.875455 0.242243
v 0.237876 0.882437 0.246455
v 0.240073 0.881906 0.244843
v 0.241935 0.880392 0.243477
v 0.262016 0.882437 0.221224
v 0.264562 0.882437 0.217025
v 0.259407 0.880392 0.225529
v 0.258326 0.875455 0.227312
v 0.258607 0.878127 0.226848
v 0.260604 0.881906 0.223554
v 0.265607 0.878127 0.210219
v 0.265689 0.875455 0.209683
v 0.264609 0.882437 0.216719
v 0.265022 0.881906 0.214027
v 0.265373 0.880392 0.211744
v 0.263780 0.882437 0.180489
v 0.262771 0.882437 0.176374
v 0.264978 0.880392 0.185378
v 0.265475 0.875455 0.187403
v 0.265346 0.878127 0.186876
v 0.264428 0.881906 0.183135
v 0.262189 0.882437 0.175581
v 0.260578 0.881906 0.173385
v 0.258298 0.878127 0.170279
v 0.257978 0.875455 0.169842
v 0.259211 0.880392 0.171523
v 0.241079 0.875455 0.153939
v 0.240616 0.878127 0.153658
v 0.239296 0.880392 0.152858
v 0.237321 0.881906 0.151661
v 0.232760 0.882437 0.148895
v 0.234992 0.882437 0.150248
v 0.230180 0.882437 0.148499
v 0.227487 0.881906 0.148086
v 0.223679 0.878127 0.147501
v 0.223144 0.875455 0.147419
v 0.225205 0.880392 0.147736
v 0.199977 0.875455 0.148758
v 0.199451 0.878127 0.148887
v 0.197952 0.880392 0.149254
v 0.195709 0.881906 0.149804
v 0.192108 0.882437 0.150686
v 0.193063 0.882437 0.150452
v 0.188693 0.882437 0.153193
v 0.186496 0.881906 0.154805
v 0.183390 0.878127 0.157084
v 0.182954 0.875455 0.157404
v 0.184635 0.880392 0.156171
v 0.206048 0.875455 0.250304
v 0.205513 0.878127 0.250222
v 0.203987 0.880392 0.249987
v 0.199012 0.882437 0.249224
v 0.201705 0.881906 0.249637
v 0.158897 0.883141 0.201315
v 0.162198 0.883141 0.179814
v 0.164076 0.883141 0.222444
v 0.176946 0.883141 0.239982
v 0.186247 0.883141 0.245621
v 0.206299 0.883141 0.252910
v 0.195548 0.883141 0.251260
v 0.238178 0.883141 0.249381
v 0.217050 0.883141 0.254560
v 0.255716 0.883141 0.236511
v 0.266994 0.883141 0.217909
v 0.270295 0.883141 0.196408
v 0.265116 0.883141 0.175279
v 0.252246 0.883141 0.157741
v 0.233644 0.883141 0.146463
v 0.212142 0.883141 0.143163
v 0.191014 0.883141 0.148342
v 0.173476 0.883141 0.161212
v 0.161351 0.882693 0.179403
v 0.157994 0.882693 0.201266
v 0.163260 0.882693 0.222749
v 0.176347 0.882693 0.240582
v 0.185820 0.883145 0.246289
v 0.185804 0.882693 0.246315
v 0.206197 0.883145 0.253697
v 0.206193 0.882693 0.253727
v 0.195261 0.882693 0.252049
v 0.217124 0.882693 0.255405
v 0.238608 0.882693 0.250139
v 0.256440 0.882693 0.237053
v 0.267908 0.882693 0.218138
v 0.271264 0.882693 0.196275
v 0.265998 0.882693 0.174792
v 0.252912 0.882693 0.156959
v 0.233997 0.882693 0.145492
v 0.212134 0.882693 0.142136
v 0.190651 0.882693 0.147402
v 0.172818 0.882693 0.160488
v 0.158026 0.883145 0.201264
v 0.161380 0.883145 0.179413
v 0.163289 0.883145 0.222736
v 0.176368 0.883145 0.240559
v 0.195272 0.883145 0.252020
v 0.238594 0.883145 0.250111
v 0.217123 0.883145 0.255374
v 0.256417 0.883145 0.237032
v 0.267878 0.883145 0.218128
v 0.271232 0.883145 0.196277
v 0.265969 0.883145 0.174805
v 0.252890 0.883145 0.156983
v 0.233986 0.883145 0.145522
v 0.212135 0.883145 0.142167
v 0.190664 0.883145 0.147430
v 0.172841 0.883145 0.160509
v 0.158866 0.849701 0.201317
v 0.160266 0.849701 0.192198
v 0.173453 0.849701 0.161191
v 0.166285 0.849701 0.173014
v 0.160025 0.849701 0.206045
v 0.161998 0.849701 0.214092
v 0.171242 0.849701 0.232259
v 0.176925 0.849701 0.240005
v 0.171068 0.849701 0.232023
v 0.186231 0.849701 0.245647
v 0.186782 0.849701 0.245980
v 0.206294 0.849701 0.252940
v 0.217051 0.849701 0.254591
v 0.226382 0.849701 0.252304
v 0.226666 0.849701 0.252234
v 0.255739 0.849701 0.236532
v 0.251948 0.849701 0.239314
v 0.245135 0.849701 0.244314
v 0.260522 0.849701 0.228643
v 0.270326 0.849701 0.196406
v 0.268228 0.849701 0.210073
v 0.268039 0.849701 0.187075
v 0.267969 0.849701 0.186791
v 0.260048 0.849701 0.168323
v 0.252267 0.849701 0.157718
v 0.242410 0.849701 0.151743
v 0.212141 0.849701 0.143132
v 0.223534 0.849701 0.144881
v 0.199743 0.849701 0.146171
v 0.199366 0.849701 0.146263
v 0.181198 0.849701 0.155507
v 0.181434 0.849701 0.155334
v 0.205659 0.849701 0.252842
v 0.161482 0.849701 0.201202
v 0.162805 0.849701 0.192588
v 0.175384 0.849701 0.162959
v 0.168481 0.849701 0.174346
v 0.164492 0.849701 0.213480
v 0.178694 0.849701 0.238073
v 0.173139 0.849701 0.230504
v 0.187563 0.849701 0.243450
v 0.188113 0.849701 0.243784
v 0.216936 0.849701 0.251975
v 0.206684 0.849701 0.250401
v 0.226055 0.849701 0.249740
v 0.253808 0.849701 0.234764
v 0.243616 0.849701 0.242243
v 0.258326 0.849701 0.227312
v 0.267710 0.849701 0.196521
v 0.265689 0.849701 0.209683
v 0.265475 0.849701 0.187403
v 0.257978 0.849701 0.169842
v 0.250498 0.849701 0.159650
v 0.241079 0.849701 0.153939
v 0.212256 0.849701 0.145748
v 0.223144 0.849701 0.147419
v 0.199977 0.849701 0.148758
v 0.182954 0.849701 0.157404
v 0.206048 0.849701 0.250304
v 0.261045 0.601349 0.190755
v 0.261045 0.556975 0.190755
v 0.184357 0.601349 0.162877
v 0.184357 0.556975 0.162877
v 0.198558 0.601349 0.243230
v 0.222852 0.601349 0.245346
v 0.198558 0.556975 0.243230
v 0.222852 0.556975 0.245346
v 0.206454 0.601349 0.152563
v 0.230749 0.601349 0.154678
v 0.206454 0.556975 0.152563
v 0.178576 0.556975 0.229251
v 0.168262 0.556975 0.207153
v 0.178576 0.601349 0.229251
v 0.168262 0.601349 0.207153
v 0.258929 0.601349 0.215050
v 0.244950 0.601349 0.235031
v 0.258929 0.556975 0.215050
v 0.230749 0.556975 0.154678
v 0.244950 0.556975 0.235031
v 0.170377 0.556975 0.182859
v 0.250730 0.556975 0.168658
v 0.170377 0.601349 0.182859
v 0.250730 0.601349 0.168658
v 0.261474 0.662628 0.190679
v 0.261474 0.614504 0.190679
v 0.184077 0.662628 0.162544
v 0.184077 0.614504 0.162544
v 0.198409 0.614504 0.243640
v 0.222928 0.614504 0.245775
v 0.198409 0.662628 0.243640
v 0.222928 0.662628 0.245775
v 0.178243 0.662628 0.229531
v 0.167832 0.662628 0.207229
v 0.259339 0.662628 0.215199
v 0.245230 0.662628 0.235365
v 0.178243 0.614504 0.229531
v 0.259339 0.614504 0.215199
v 0.245230 0.614504 0.235365
v 0.206379 0.662628 0.152133
v 0.230898 0.662628 0.154269
v 0.206379 0.614504 0.152133
v 0.167832 0.614504 0.207229
v 0.230898 0.614504 0.154269
v 0.169968 0.614504 0.182710
v 0.251064 0.662628 0.168378
v 0.251064 0.614504 0.168378
v 0.169968 0.662628 0.182710
v 0.257747 0.598079 0.188942
v 0.257747 0.560757 0.188942
v 0.184436 0.598079 0.166640
v 0.184436 0.560757 0.166640
v 0.201778 0.598079 0.241281
v 0.220019 0.598079 0.242869
v 0.201778 0.560757 0.241281
v 0.220019 0.560757 0.242869
v 0.209288 0.598079 0.155039
v 0.227529 0.598079 0.156628
v 0.209288 0.560757 0.155039
v 0.179304 0.560757 0.225558
v 0.171560 0.560757 0.208967
v 0.179304 0.598079 0.225558
v 0.171560 0.598079 0.208967
v 0.255368 0.598079 0.216266
v 0.244871 0.598079 0.231268
v 0.255368 0.560757 0.216266
v 0.227529 0.560757 0.156628
v 0.244871 0.560757 0.231268
v 0.173939 0.560757 0.181643
v 0.250002 0.560757 0.172350
v 0.173939 0.598079 0.181643
v 0.250002 0.598079 0.172350
v 0.258155 0.656186 0.188870
v 0.258155 0.615297 0.188870
v 0.184169 0.656186 0.166323
v 0.184169 0.615297 0.166323
v 0.201636 0.615297 0.241670
v 0.220091 0.615297 0.243278
v 0.201636 0.656186 0.241670
v 0.220091 0.656186 0.243278
v 0.178987 0.656186 0.225825
v 0.171151 0.656186 0.209039
v 0.255757 0.656186 0.216407
v 0.245138 0.656186 0.231586
v 0.178987 0.615297 0.225825
v 0.255757 0.615297 0.216407
v 0.245138 0.615297 0.231586
v 0.209216 0.656186 0.154631
v 0.227671 0.656186 0.156238
v 0.209216 0.615297 0.154631
v 0.171151 0.615297 0.209039
v 0.227671 0.615297 0.156238
v 0.173550 0.615297 0.181502
v 0.250320 0.656186 0.172084
v 0.250320 0.615297 0.172084
v 0.173550 0.656186 0.181502
v 0.214653 0.615297 0.198954
v 0.214653 0.656186 0.198954
v 0.214653 0.598079 0.198954
v 0.214653 0.560757 0.198954
v 0.370180 0.019308 0.163501
v 0.355867 0.019308 0.202875
v 0.343183 0.019308 0.198264
v 0.335264 0.029794 0.220048
v 0.330806 0.019308 0.149187
v 0.323017 0.019308 0.170614
v 0.321422 0.019308 0.170034
v 0.304873 0.052958 0.164018
v 0.316493 0.019308 0.188561
v 0.298465 0.029794 0.321278
v 0.303085 0.019308 0.348071
v 0.290401 0.019308 0.343461
v 0.288771 0.019308 0.387445
v 0.276088 0.019308 0.382835
v 0.263711 0.019308 0.333758
v 0.253646 0.019308 0.361445
v 0.252050 0.019308 0.360865
v 0.249397 0.019308 0.373132
v 0.265714 0.148349 0.411371
v 0.214251 0.019308 0.011303
v 0.183885 0.019308 0.000264
v 0.185649 0.019308 0.089983
v 0.175793 0.019308 0.117094
v 0.203643 0.052958 0.127219
v 0.155283 0.019308 0.078944
v 0.145427 0.019308 0.106056
v 0.154650 0.028842 -0.010363
v 0.154650 0.212816 -0.010363
v 0.144732 0.238293 -0.013969
v 0.106422 0.019308 0.307925
v 0.076056 0.019308 0.296887
v 0.343183 0.328227 0.198264
v 0.335264 0.298641 0.220048
v 0.323017 0.328227 0.170614
v 0.321422 0.328227 0.170034
v 0.304873 0.298641 0.164018
v 0.335264 0.315933 0.220048
v 0.332822 0.341410 0.226767
v 0.329028 0.364593 0.237204
v 0.304873 0.315933 0.164018
v 0.298155 0.341410 0.161576
v 0.287718 0.364593 0.157781
v 0.210362 0.341410 0.129661
v 0.220799 0.364593 0.133455
v 0.343183 0.422141 0.198264
v 0.341214 0.470006 0.197548
v 0.330483 0.470006 0.193647
v 0.323017 0.422141 0.170614
v 0.321422 0.422141 0.170034
v 0.327762 0.470006 0.157563
v 0.318695 0.470006 0.182503
v 0.316493 0.422141 0.188561
v 0.370180 0.525588 0.163501
v 0.341214 0.482237 0.197548
v 0.330483 0.482237 0.193647
v 0.355867 0.525588 0.202875
v 0.327762 0.482237 0.157563
v 0.318695 0.482237 0.182503
v 0.330806 0.525588 0.149187
v 0.316493 0.525588 0.188561
v 0.272957 0.380986 0.152416
v 0.256737 0.391539 0.146519
v 0.251779 0.391539 0.144717
v 0.235559 0.380986 0.138821
v 0.298465 0.298641 0.321278
v 0.298465 0.315933 0.321278
v 0.300907 0.341410 0.314560
v 0.304701 0.364593 0.304122
v 0.290401 0.328227 0.343461
v 0.276088 0.328227 0.382835
v 0.265714 0.298641 0.411371
v 0.265714 0.315933 0.411371
v 0.323662 0.380986 0.251964
v 0.317766 0.391539 0.268184
v 0.315963 0.391539 0.273142
v 0.310067 0.380986 0.289362
v 0.290401 0.422141 0.343461
v 0.288432 0.470006 0.342745
v 0.277701 0.470006 0.338844
v 0.276088 0.422141 0.382835
v 0.274118 0.470006 0.382119
v 0.263388 0.470006 0.378218
v 0.263711 0.422141 0.333758
v 0.253646 0.422141 0.361445
v 0.252050 0.422141 0.360865
v 0.249397 0.422141 0.373132
v 0.288432 0.482237 0.342745
v 0.277701 0.482237 0.338844
v 0.303085 0.525588 0.348071
v 0.274118 0.482237 0.382119
v 0.263388 0.482237 0.378218
v 0.288771 0.525588 0.387445
v 0.263711 0.525588 0.333758
v 0.249397 0.525588 0.373132
v 0.214251 0.328227 0.011303
v 0.183885 0.328227 0.000264
v 0.185649 0.352750 0.089983
v 0.178823 0.328227 0.014188
v -0.054612 0.352750 -0.086435
v -0.020154 0.352750 -0.058144
v 0.203643 0.298641 0.127219
v 0.185649 0.328227 0.089983
v 0.175793 0.328227 0.117094
v 0.178823 0.352750 0.014188
v 0.155489 0.328227 0.078376
v 0.145427 0.328227 0.106056
v 0.203643 0.315933 0.127219
v 0.129325 0.261476 -0.019569
v 0.107537 0.277870 -0.027490
v 0.083593 0.288422 -0.036194
v 0.091927 0.342134 0.086607
v 0.186045 0.422141 0.088894
v 0.186045 0.462700 0.088894
v 0.155678 0.422141 0.077855
v 0.155678 0.462700 0.077855
v 0.175793 0.422141 0.117094
v 0.180538 0.470006 0.104044
v 0.175793 0.470006 0.117094
v 0.171471 0.470006 0.128984
v 0.145427 0.422141 0.106056
v 0.185666 0.477876 0.089936
v 0.180538 0.482237 0.104044
v 0.184631 0.495092 0.092784
v 0.175793 0.482237 0.117094
v 0.171471 0.482237 0.128984
v 0.190503 0.521116 0.104150
v 0.190503 0.534760 0.104150
v 0.183216 0.509735 0.096675
v 0.181752 0.521537 0.100704
v 0.175793 0.521537 0.117094
v 0.175793 0.534339 0.117094
v 0.155300 0.477876 0.078898
v 0.154264 0.495092 0.081745
v 0.152850 0.509735 0.085636
v 0.151300 0.521116 0.089899
v 0.151385 0.521537 0.089665
v 0.151300 0.534760 0.089899
v 0.145427 0.521537 0.106056
v 0.145427 0.534339 0.106056
v 0.091927 0.422141 0.086607
v 0.091927 0.466359 0.086607
v 0.085230 0.483561 0.084173
v 0.074827 0.499216 0.080391
v 0.060114 0.510285 0.075043
v 0.043947 0.517410 0.069165
v 0.106422 0.422141 0.307925
v 0.076056 0.422141 0.296887
v 0.106422 0.521537 0.307925
v 0.106422 0.534339 0.307925
v 0.105919 0.521116 0.336830
v 0.105919 0.534760 0.336830
v 0.076056 0.521537 0.296887
v 0.076056 0.534339 0.296887
v 0.066716 0.521116 0.322579
v 0.066716 0.534760 0.322579
v 0.233043 0.019308 0.540745
v 0.220360 0.019308 0.536135
v 0.218730 0.019308 0.580119
v 0.206046 0.019308 0.575509
v 0.193669 0.019308 0.526432
v 0.179356 0.019308 0.565806
v 0.228914 0.148349 0.512602
v 0.152457 0.019308 0.722925
v 0.162020 0.019308 0.736120
v 0.149337 0.019308 0.731510
v 0.147707 0.019308 0.775494
v 0.124171 0.019308 0.712643
v 0.122646 0.019308 0.721807
v 0.114791 0.019308 0.743415
v 0.113196 0.019308 0.742835
v 0.108333 0.019308 0.761181
v 0.097447 0.029794 0.737110
v -0.003783 0.029794 0.700310
v 0.197982 0.148349 0.597693
v 0.161182 0.148349 0.698923
v -0.021457 0.019308 0.659703
v -0.014448 0.019308 0.671970
v -0.022302 0.019308 0.693578
v -0.028761 0.019308 0.711344
v -0.024578 0.019308 0.668288
v -0.051823 0.019308 0.648665
v -0.053822 0.019308 0.657657
v -0.061676 0.019308 0.679265
v -0.068135 0.019308 0.697031
v -0.111317 0.148349 0.661219
v 0.263271 0.341410 0.418090
v 0.259477 0.364593 0.428527
v 0.235151 0.364593 0.495446
v 0.228914 0.298641 0.512602
v 0.220360 0.328227 0.536135
v 0.206046 0.328227 0.575509
v 0.228914 0.315933 0.512602
v 0.231357 0.341410 0.505883
v 0.254112 0.380986 0.443287
v 0.248215 0.391539 0.459508
v 0.246413 0.391539 0.464466
v 0.240517 0.380986 0.480686
v 0.220360 0.422141 0.536135
v 0.218390 0.470006 0.535419
v 0.207660 0.470006 0.531518
v 0.206046 0.422141 0.575509
v 0.204077 0.470006 0.574793
v 0.193347 0.470006 0.570892
v 0.193669 0.422141 0.526432
v 0.179356 0.422141 0.565806
v 0.218390 0.482237 0.535419
v 0.207660 0.482237 0.531518
v 0.233043 0.525588 0.540745
v 0.204077 0.482237 0.574793
v 0.193347 0.482237 0.570892
v 0.218730 0.525588 0.580119
v 0.193669 0.525588 0.526432
v 0.179356 0.525588 0.565806
v 0.197982 0.298641 0.597693
v 0.197982 0.315933 0.597693
v 0.195540 0.341410 0.604412
v 0.191745 0.364593 0.614849
v 0.167419 0.364593 0.681767
v 0.161183 0.298641 0.698923
v 0.152457 0.328227 0.722925
v 0.149337 0.328227 0.731510
v 0.114791 0.328227 0.743415
v 0.113196 0.328227 0.742835
v 0.097447 0.298641 0.737110
v 0.161183 0.315933 0.698923
v 0.163625 0.341410 0.692204
v 0.097447 0.315933 0.737110
v 0.090728 0.341410 0.734667
v 0.080291 0.364593 0.730873
v -0.003783 0.298641 0.700310
v -0.003783 0.315933 0.700310
v 0.002936 0.341410 0.702753
v 0.013373 0.364593 0.706547
v 0.186380 0.380986 0.629609
v 0.180483 0.391539 0.645829
v 0.178681 0.391539 0.650787
v 0.172785 0.380986 0.667007
v 0.152457 0.422141 0.722925
v 0.149337 0.422141 0.731510
v 0.147367 0.470006 0.730794
v 0.136637 0.470006 0.726893
v 0.124171 0.422141 0.712643
v 0.122646 0.422141 0.721807
v 0.114791 0.422141 0.743415
v 0.113196 0.422141 0.742835
v 0.119757 0.470006 0.729755
v 0.115856 0.470006 0.740485
v 0.147367 0.482237 0.730794
v 0.136637 0.482237 0.726893
v 0.162020 0.525588 0.736120
v 0.147707 0.525588 0.775494
v 0.119757 0.482237 0.729755
v 0.115856 0.482237 0.740485
v 0.122646 0.525588 0.721807
v 0.108333 0.525588 0.761181
v 0.065531 0.380986 0.725508
v 0.049311 0.391539 0.719611
v 0.044353 0.391539 0.717809
v 0.028133 0.380986 0.711913
v -0.022302 0.328227 0.693578
v -0.061676 0.328227 0.679265
v -0.111317 0.298641 0.661219
v -0.111317 0.315933 0.661219
v -0.118036 0.341410 0.658777
v -0.128473 0.364593 0.654983
v -0.021457 0.422141 0.659703
v -0.014448 0.422141 0.671970
v -0.022302 0.422141 0.693578
v -0.024578 0.422141 0.668288
v -0.017337 0.470006 0.679918
v -0.021237 0.470006 0.690648
v -0.051823 0.422141 0.648665
v -0.053822 0.422141 0.657657
v -0.061676 0.422141 0.679265
v -0.056711 0.470006 0.665605
v -0.060611 0.470006 0.676335
v -0.017337 0.482237 0.679918
v -0.021237 0.482237 0.690648
v -0.014448 0.525588 0.671970
v -0.028761 0.525588 0.711344
v -0.056711 0.482237 0.665605
v -0.060611 0.482237 0.676335
v -0.053822 0.525588 0.657657
v -0.068135 0.525588 0.697031
v -0.143233 0.380986 0.649617
v -0.159453 0.391539 0.643721
v -0.164411 0.391539 0.641919
v 0.005218 0.028842 -0.064685
v -0.015092 0.019308 -0.072068
v -0.054612 0.019308 -0.086435
v -0.043694 0.019308 0.006612
v -0.053550 0.019308 0.033723
v -0.083214 0.019308 -0.007755
v -0.093070 0.019308 0.019357
v -0.114863 0.052958 0.011434
v 0.005218 0.212816 -0.064685
v 0.015136 0.238293 -0.061080
v -0.122921 0.019308 0.224554
v -0.162441 0.019308 0.210188
v -0.231251 0.019308 -0.055133
v -0.238698 0.019308 -0.033582
v -0.239040 0.019308 -0.033707
v -0.216093 0.052958 -0.025365
v -0.245564 0.019308 -0.015759
v -0.270625 0.019308 -0.069446
v -0.273509 0.019308 -0.025917
v -0.284938 0.019308 -0.030072
v -0.281428 0.029794 -0.004133
v -0.318227 0.029794 0.097097
v -0.298346 0.019308 0.129438
v -0.308070 0.019308 0.157249
v -0.308411 0.019308 0.157125
v -0.312660 0.019308 0.168812
v -0.326291 0.019308 0.119280
v -0.337720 0.019308 0.115125
v -0.340604 0.019308 0.158654
v -0.352034 0.019308 0.154499
v -0.350978 0.148349 0.187190
v 0.052331 0.277870 -0.047559
v 0.076274 0.288422 -0.038855
v 0.030542 0.261476 -0.055479
v -0.008974 0.342134 0.049927
v -0.015092 0.328227 -0.072068
v -0.020154 0.328227 -0.058144
v -0.054612 0.328227 -0.086435
v 0.183885 0.352750 0.000264
v -0.015092 0.352750 -0.072068
v 0.155489 0.352750 0.078376
v -0.043488 0.328227 0.006044
v -0.053550 0.328227 0.033723
v 0.214251 0.352750 0.011303
v -0.083214 0.328227 -0.007755
v -0.093070 0.328227 0.019357
v -0.114863 0.298641 0.011434
v -0.083214 0.352750 -0.007755
v -0.043488 0.352750 0.006044
v -0.114863 0.315933 0.011434
v -0.008974 0.422141 0.049927
v -0.008974 0.466359 0.049927
v 0.008126 0.499216 0.056144
v 0.039005 0.517410 0.067369
v 0.022838 0.510285 0.061492
v -0.002277 0.483561 0.052362
v -0.043298 0.422141 0.005523
v -0.043298 0.462700 0.005523
v -0.082818 0.422141 -0.008844
v -0.082818 0.462700 -0.008844
v -0.053550 0.422141 0.033723
v -0.093070 0.422141 0.019357
v -0.088326 0.470006 0.006306
v -0.093070 0.470006 0.019357
v -0.097392 0.470006 0.031246
v -0.043677 0.477876 0.006565
v -0.044712 0.495092 0.009413
v -0.046127 0.509735 0.013303
v -0.047676 0.521116 0.017567
v -0.047591 0.521537 0.017333
v -0.047676 0.534760 0.017567
v -0.053550 0.521537 0.033723
v -0.053550 0.534339 0.033723
v -0.083197 0.477876 -0.007801
v -0.088326 0.482237 0.006306
v -0.084233 0.495092 -0.004953
v -0.093070 0.482237 0.019357
v -0.097392 0.482237 0.031246
v -0.085647 0.509735 -0.001063
v -0.087112 0.521537 0.002966
v -0.093070 0.521537 0.019357
v -0.093070 0.534339 0.019357
v -0.096033 0.521116 -0.000012
v -0.096033 0.534760 -0.000012
v -0.122921 0.422141 0.224554
v -0.162441 0.422141 0.210188
v -0.122921 0.521537 0.224554
v -0.122921 0.534339 0.224554
v -0.132261 0.521116 0.250247
v -0.132261 0.534760 0.250247
v -0.162441 0.521537 0.210188
v -0.162441 0.534339 0.210188
v -0.180617 0.521116 0.232668
v -0.180617 0.534760 0.232668
v -0.121582 0.341410 0.008992
v -0.132019 0.364593 0.005198
v -0.198938 0.364593 -0.019129
v -0.216093 0.298641 -0.025365
v -0.238698 0.328227 -0.033582
v -0.239040 0.328227 -0.033707
v -0.273509 0.328227 -0.025917
v -0.281428 0.298641 -0.004133
v -0.216093 0.315933 -0.025365
v -0.209375 0.341410 -0.022923
v -0.281428 0.315933 -0.004133
v -0.283870 0.341410 0.002586
v -0.287664 0.364593 0.013023
v -0.146779 0.380986 -0.000168
v -0.162999 0.391539 -0.006064
v -0.167957 0.391539 -0.007866
v -0.184177 0.380986 -0.013763
v -0.238698 0.422141 -0.033582
v -0.239040 0.422141 -0.033707
v -0.234295 0.470006 -0.046757
v -0.243362 0.470006 -0.021817
v -0.245564 0.422141 -0.015759
v -0.273509 0.422141 -0.025917
v -0.262018 0.470006 -0.021740
v -0.272748 0.470006 -0.025641
v -0.234295 0.482237 -0.046757
v -0.243362 0.482237 -0.021817
v -0.231251 0.525588 -0.055133
v -0.245564 0.525588 -0.015759
v -0.270625 0.525588 -0.069446
v -0.262018 0.482237 -0.021740
v -0.272748 0.482237 -0.025641
v -0.284938 0.525588 -0.030072
v -0.318227 0.298641 0.097097
v -0.318227 0.315933 0.097097
v -0.315785 0.341410 0.090378
v -0.311990 0.364593 0.079941
v -0.326291 0.328227 0.119280
v -0.340604 0.328227 0.158654
v -0.350978 0.298641 0.187190
v -0.350978 0.315933 0.187190
v -0.293030 0.380986 0.027783
v -0.298926 0.391539 0.044003
v -0.300728 0.391539 0.048961
v -0.306625 0.380986 0.065181
v -0.298346 0.422141 0.129438
v -0.308069 0.422141 0.157249
v -0.308411 0.422141 0.157124
v -0.312660 0.422141 0.168812
v -0.326291 0.422141 0.119280
v -0.314800 0.470006 0.123457
v -0.325530 0.470006 0.119556
v -0.340604 0.422141 0.158654
v -0.329113 0.470006 0.162831
v -0.339844 0.470006 0.158930
v -0.298346 0.525588 0.129438
v -0.312660 0.525588 0.168812
v -0.314800 0.482237 0.123457
v -0.325530 0.482237 0.119556
v -0.337720 0.525588 0.115125
v -0.329113 0.482237 0.162831
v -0.339844 0.482237 0.158930
v -0.352034 0.525588 0.154499
v -0.250800 0.019308 0.576332
v -0.264744 0.019308 0.580982
v -0.272599 0.019308 0.602590
v -0.279057 0.019308 0.620356
v -0.290320 0.019308 0.561966
v -0.293441 0.019308 0.570550
v -0.304118 0.019308 0.566669
v -0.311973 0.019308 0.588277
v -0.318431 0.019308 0.606043
v -0.212547 0.148349 0.624420
v -0.324151 0.148349 0.583850
v -0.368388 0.019308 0.322112
v -0.382701 0.019308 0.361486
v -0.396332 0.019308 0.311954
v -0.407762 0.019308 0.307799
v -0.410645 0.019308 0.351328
v -0.422075 0.019308 0.347173
v -0.387777 0.148349 0.288420
v -0.435949 0.019308 0.509027
v -0.439411 0.019308 0.517487
v -0.446924 0.019308 0.539219
v -0.447266 0.019308 0.539095
v -0.453724 0.019308 0.556861
v -0.464235 0.019308 0.498744
v -0.467355 0.019308 0.507329
v -0.478785 0.019308 0.503174
v -0.493098 0.019308 0.542548
v -0.418710 0.148349 0.373512
v -0.425381 0.148349 0.547050
v -0.455509 0.148349 0.474742
v -0.212547 0.298641 0.624420
v -0.195391 0.364593 0.630656
v -0.212547 0.315933 0.624420
v -0.205829 0.341410 0.626862
v -0.272599 0.328227 0.602590
v -0.311973 0.328227 0.588277
v -0.324151 0.298641 0.583850
v -0.324151 0.315933 0.583850
v -0.180631 0.380986 0.636022
v -0.250800 0.422141 0.576332
v -0.264744 0.422141 0.580982
v -0.272599 0.422141 0.602590
v -0.267633 0.470006 0.588930
v -0.271533 0.470006 0.599660
v -0.290320 0.422141 0.561966
v -0.293441 0.422141 0.570550
v -0.304118 0.422141 0.566669
v -0.311973 0.422141 0.588277
v -0.307007 0.470006 0.574617
v -0.310908 0.470006 0.585347
v -0.267633 0.482237 0.588930
v -0.271533 0.482237 0.599660
v -0.264744 0.525588 0.580982
v -0.279057 0.525588 0.620356
v -0.307007 0.482237 0.574617
v -0.310908 0.482237 0.585347
v -0.304118 0.525588 0.566669
v -0.318431 0.525588 0.606043
v -0.353420 0.341410 0.193909
v -0.357214 0.364593 0.204346
v -0.381541 0.364593 0.271265
v -0.387777 0.298641 0.288420
v -0.396332 0.328227 0.311954
v -0.410645 0.328227 0.351328
v -0.387777 0.315933 0.288420
v -0.385335 0.341410 0.281702
v -0.362580 0.380986 0.219106
v -0.368476 0.391539 0.235327
v -0.370279 0.391539 0.240284
v -0.376175 0.380986 0.256505
v -0.368388 0.422141 0.322112
v -0.382701 0.422141 0.361486
v -0.396332 0.422141 0.311954
v -0.384841 0.470006 0.316131
v -0.395572 0.470006 0.312230
v -0.410645 0.422141 0.351328
v -0.399155 0.470006 0.355505
v -0.409885 0.470006 0.351604
v -0.368388 0.525588 0.322112
v -0.382701 0.525588 0.361486
v -0.384841 0.482237 0.316131
v -0.395572 0.482237 0.312230
v -0.407762 0.525588 0.307799
v -0.399155 0.482237 0.355505
v -0.409885 0.482237 0.351604
v -0.422075 0.525588 0.347173
v -0.330870 0.341410 0.581407
v -0.341307 0.364593 0.577613
v -0.418710 0.298641 0.373512
v -0.418710 0.315933 0.373512
v -0.421152 0.341410 0.380231
v -0.424946 0.364593 0.390668
v -0.449273 0.364593 0.457586
v -0.425381 0.298641 0.547050
v -0.446924 0.328227 0.539219
v -0.447266 0.328227 0.539095
v -0.455509 0.298641 0.474742
v -0.464235 0.328227 0.498744
v -0.467355 0.328227 0.507329
v -0.425381 0.315933 0.547050
v -0.418663 0.341410 0.549493
v -0.408225 0.364593 0.553287
v -0.455509 0.315933 0.474742
v -0.453067 0.341410 0.468023
v -0.356067 0.380986 0.572247
v -0.372287 0.391539 0.566351
v -0.377245 0.391539 0.564549
v -0.393465 0.380986 0.558652
v -0.430312 0.380986 0.405428
v -0.436208 0.391539 0.421648
v -0.438011 0.391539 0.426606
v -0.443907 0.380986 0.442826
v -0.435949 0.422141 0.509027
v -0.439411 0.422141 0.517487
v -0.446924 0.422141 0.539219
v -0.447266 0.422141 0.539095
v -0.442300 0.470006 0.525435
v -0.446201 0.470006 0.536165
v -0.464235 0.422141 0.498744
v -0.467355 0.422141 0.507329
v -0.455864 0.470006 0.511506
v -0.466595 0.470006 0.507605
v -0.442300 0.482237 0.525435
v -0.446201 0.482237 0.536165
v -0.439411 0.525588 0.517487
v -0.453724 0.525588 0.556861
v -0.455864 0.482237 0.511506
v -0.466595 0.482237 0.507605
v -0.478785 0.525588 0.503174
v -0.493098 0.525588 0.542548
v 0.153125 0.034453 -0.022593
v 0.157620 0.028842 -0.018535
v 0.153125 0.211700 -0.022593
v 0.157620 0.212816 -0.018535
v 0.143835 0.235566 -0.025971
v 0.147702 0.238293 -0.022140
v 0.129291 0.257451 -0.031258
v 0.132296 0.261476 -0.027741
v 0.108723 0.272926 -0.038735
v 0.110507 0.277870 -0.035661
v 0.086293 0.282811 -0.046888
v 0.086564 0.288422 -0.044365
v 0.014240 0.034453 -0.073081
v 0.008188 0.028842 -0.072857
v 0.014240 0.211700 -0.073081
v 0.008188 0.212816 -0.072857
v 0.023531 0.235566 -0.069704
v 0.018106 0.238293 -0.069251
v 0.058643 0.272926 -0.056940
v 0.055301 0.277870 -0.055730
v 0.081072 0.282811 -0.048786
v 0.079245 0.288422 -0.047026
v 0.038075 0.257451 -0.064417
v 0.033513 0.261476 -0.063651
v 0.349292 0.035405 0.232151
v 0.349399 0.029794 0.225187
v 0.305558 0.058569 0.145711
v 0.310053 0.052958 0.149769
v 0.316990 0.035405 0.321009
v 0.312600 0.029794 0.326417
v 0.279742 0.153960 0.423475
v 0.279849 0.148349 0.416510
v 0.214875 0.058569 0.112746
v 0.208823 0.052958 0.112970
v 0.349292 0.315262 0.232151
v 0.349399 0.315933 0.225187
v 0.346952 0.339666 0.238587
v 0.346957 0.341410 0.231905
v 0.343350 0.361676 0.248496
v 0.343163 0.364593 0.242342
v 0.305558 0.315161 0.145711
v 0.310053 0.315933 0.149769
v 0.299159 0.339425 0.143385
v 0.303334 0.341410 0.147327
v 0.289284 0.361360 0.139795
v 0.292897 0.364593 0.143533
v 0.221274 0.339425 0.115072
v 0.215542 0.341410 0.115412
v 0.231149 0.361360 0.118661
v 0.225979 0.364593 0.119207
v 0.275581 0.376579 0.134814
v 0.278137 0.380986 0.138167
v 0.261211 0.385928 0.129590
v 0.261917 0.391539 0.132271
v 0.259222 0.385928 0.128867
v 0.256959 0.391539 0.130469
v 0.244852 0.376579 0.123643
v 0.240739 0.380986 0.124572
v 0.316990 0.315262 0.321009
v 0.312600 0.315933 0.326417
v 0.319330 0.339666 0.314573
v 0.315042 0.341410 0.319698
v 0.322932 0.361676 0.304664
v 0.318836 0.364593 0.309261
v 0.279742 0.315262 0.423475
v 0.279849 0.315933 0.416510
v 0.338382 0.376856 0.262164
v 0.337797 0.380986 0.257102
v 0.333313 0.385928 0.276108
v 0.331901 0.391539 0.273323
v 0.332970 0.385928 0.277052
v 0.330098 0.391539 0.278281
v 0.327900 0.376856 0.290997
v 0.324202 0.380986 0.294501
v 0.214875 0.315161 0.112746
v 0.208823 0.315933 0.112970
v 0.093912 0.342134 0.081144
v 0.089417 0.347745 0.077086
v 0.093912 0.466359 0.081144
v 0.089417 0.465243 0.077086
v 0.087216 0.483561 0.078710
v 0.083348 0.480834 0.074879
v 0.076813 0.499216 0.074928
v 0.073808 0.495190 0.071411
v 0.062100 0.510285 0.069580
v 0.060316 0.505341 0.066506
v 0.045933 0.517410 0.063702
v 0.045662 0.511799 0.061180
v 0.247440 0.153960 0.512332
v 0.243050 0.148349 0.517740
v 0.086742 0.035405 0.750133
v 0.092794 0.029794 0.749908
v -0.003940 0.035405 0.717167
v -0.008436 0.029794 0.713109
v 0.212010 0.153960 0.609796
v 0.212117 0.148349 0.602831
v 0.179708 0.153960 0.698654
v 0.175318 0.148349 0.704062
v -0.122022 0.153960 0.674242
v -0.115970 0.148349 0.674018
v 0.277402 0.339666 0.429911
v 0.277407 0.341410 0.423229
v 0.273800 0.361676 0.439819
v 0.273613 0.364593 0.433666
v 0.253382 0.361676 0.495988
v 0.249286 0.364593 0.500584
v 0.247440 0.315262 0.512332
v 0.243050 0.315933 0.517740
v 0.249779 0.339666 0.505896
v 0.245492 0.341410 0.511021
v 0.268831 0.376856 0.453487
v 0.268247 0.380986 0.448426
v 0.263762 0.385928 0.467432
v 0.262350 0.391539 0.464646
v 0.263419 0.385928 0.468375
v 0.260548 0.391539 0.469604
v 0.258350 0.376856 0.482320
v 0.254652 0.380986 0.485824
v 0.212010 0.315262 0.609796
v 0.212117 0.315933 0.602831
v 0.209670 0.339666 0.616232
v 0.209675 0.341410 0.609550
v 0.206068 0.361676 0.626141
v 0.205881 0.364593 0.619987
v 0.185650 0.361676 0.682309
v 0.181554 0.364593 0.686906
v 0.179708 0.315262 0.698654
v 0.175318 0.315933 0.704062
v 0.182048 0.339666 0.692218
v 0.177760 0.341410 0.697343
v 0.086742 0.315161 0.750133
v 0.092794 0.315933 0.749908
v 0.080344 0.339425 0.747807
v 0.086076 0.341410 0.747466
v 0.070469 0.361360 0.744217
v 0.075639 0.364593 0.743672
v -0.003940 0.315161 0.717167
v -0.008436 0.315933 0.713109
v 0.002458 0.339425 0.719494
v -0.001717 0.341410 0.715551
v 0.012333 0.361360 0.723083
v 0.008720 0.364593 0.719345
v 0.201100 0.376856 0.639808
v 0.200515 0.380986 0.634747
v 0.196030 0.385928 0.653753
v 0.194619 0.391539 0.650967
v 0.195687 0.385928 0.654697
v 0.192816 0.391539 0.655925
v 0.190618 0.376856 0.668641
v 0.186920 0.380986 0.672146
v 0.056765 0.376579 0.739235
v 0.060879 0.380986 0.738306
v 0.042395 0.385928 0.734012
v 0.044658 0.391539 0.732410
v 0.040407 0.385928 0.733289
v 0.039700 0.391539 0.730607
v 0.026037 0.376579 0.728065
v 0.023480 0.380986 0.724711
v -0.122022 0.315161 0.674242
v -0.115970 0.315933 0.674018
v -0.128420 0.339425 0.671916
v -0.122688 0.341410 0.671576
v -0.138295 0.361360 0.668326
v -0.133125 0.364593 0.667781
v -0.151999 0.376579 0.663345
v -0.147886 0.380986 0.662416
v -0.166369 0.385928 0.658121
v -0.164106 0.391539 0.656519
v -0.168358 0.385928 0.657398
v -0.169064 0.391539 0.654717
v -0.114179 0.058569 -0.006873
v -0.109684 0.052958 -0.002814
v -0.204862 0.058569 -0.039838
v -0.210914 0.052958 -0.039613
v -0.296908 0.035405 -0.002757
v -0.292518 0.029794 -0.008164
v -0.329210 0.035405 0.086101
v -0.329317 0.029794 0.093066
v -0.366458 0.153960 0.188567
v -0.362068 0.148349 0.183159
v -0.006988 0.342134 0.044464
v -0.000936 0.347745 0.044240
v -0.114179 0.315161 -0.006873
v -0.109684 0.315933 -0.002814
v -0.000936 0.465243 0.044240
v -0.006988 0.466359 0.044464
v 0.010112 0.499216 0.050681
v 0.014674 0.495190 0.049914
v 0.040991 0.517410 0.061906
v 0.042819 0.511799 0.060146
v 0.024824 0.510285 0.056029
v 0.028165 0.505341 0.054819
v -0.000292 0.483561 0.046899
v 0.005133 0.480834 0.046446
v -0.120577 0.339425 -0.009199
v -0.116402 0.341410 -0.005256
v -0.130452 0.361360 -0.012788
v -0.126839 0.364593 -0.009051
v -0.188588 0.361360 -0.033922
v -0.193758 0.364593 -0.033377
v -0.204862 0.315161 -0.039838
v -0.210914 0.315933 -0.039613
v -0.198463 0.339425 -0.037512
v -0.204195 0.341410 -0.037171
v -0.296908 0.315262 -0.002757
v -0.292518 0.315933 -0.008164
v -0.299248 0.339666 0.003679
v -0.294960 0.341410 -0.001446
v -0.302850 0.361676 0.013588
v -0.298754 0.364593 0.008991
v -0.144156 0.376579 -0.017770
v -0.141599 0.380986 -0.014416
v -0.158526 0.385928 -0.022994
v -0.157820 0.391539 -0.020313
v -0.160515 0.385928 -0.023717
v -0.162778 0.391539 -0.022115
v -0.174885 0.376579 -0.028941
v -0.178998 0.380986 -0.028011
v -0.329210 0.315262 0.086101
v -0.329317 0.315933 0.093066
v -0.326870 0.339666 0.079665
v -0.326875 0.341410 0.086347
v -0.323268 0.361676 0.069756
v -0.323081 0.364593 0.075910
v -0.366458 0.315262 0.188567
v -0.362068 0.315933 0.183159
v -0.307818 0.376856 0.027256
v -0.304120 0.380986 0.023751
v -0.312887 0.385928 0.041200
v -0.310016 0.391539 0.039972
v -0.313230 0.385928 0.042144
v -0.311818 0.391539 0.044930
v -0.318300 0.376856 0.056089
v -0.317715 0.380986 0.061150
v -0.212705 0.153960 0.641277
v -0.217200 0.148349 0.637219
v -0.334856 0.153960 0.596873
v -0.328804 0.148349 0.596648
v -0.398760 0.153960 0.277424
v -0.398867 0.148349 0.284389
v -0.434190 0.153960 0.374888
v -0.429800 0.148349 0.369480
v -0.425539 0.153960 0.563907
v -0.430034 0.148349 0.559849
v -0.466492 0.153960 0.463746
v -0.466599 0.148349 0.470711
v -0.196431 0.361360 0.647193
v -0.200044 0.364593 0.643455
v -0.212705 0.315161 0.641277
v -0.217200 0.315933 0.637219
v -0.206306 0.339425 0.643603
v -0.210481 0.341410 0.639661
v -0.334856 0.315161 0.596873
v -0.328804 0.315933 0.596648
v -0.182728 0.376579 0.652174
v -0.185284 0.380986 0.648821
v -0.368798 0.339666 0.195003
v -0.364510 0.341410 0.189878
v -0.372400 0.361676 0.204912
v -0.368304 0.364593 0.200315
v -0.392818 0.361676 0.261080
v -0.392631 0.364593 0.267233
v -0.398760 0.315262 0.277424
v -0.398867 0.315933 0.284389
v -0.396420 0.339666 0.270988
v -0.396425 0.341410 0.277670
v -0.377368 0.376856 0.218579
v -0.373670 0.380986 0.215075
v -0.382438 0.385928 0.232524
v -0.379566 0.391539 0.231295
v -0.382780 0.385928 0.233467
v -0.381369 0.391539 0.236253
v -0.387850 0.376856 0.247412
v -0.387265 0.380986 0.252473
v -0.341254 0.339425 0.594546
v -0.335522 0.341410 0.594206
v -0.351129 0.361360 0.590957
v -0.345959 0.364593 0.590412
v -0.434190 0.315262 0.374888
v -0.429800 0.315933 0.369480
v -0.436530 0.339666 0.381324
v -0.432242 0.341410 0.376199
v -0.440132 0.361676 0.391233
v -0.436036 0.364593 0.386636
v -0.460550 0.361676 0.447401
v -0.460363 0.364593 0.453555
v -0.425539 0.315161 0.563907
v -0.430034 0.315933 0.559849
v -0.419140 0.339425 0.566233
v -0.423315 0.341410 0.562291
v -0.409265 0.361360 0.569823
v -0.412878 0.364593 0.566085
v -0.466492 0.315262 0.463746
v -0.466599 0.315933 0.470711
v -0.464152 0.339666 0.457310
v -0.464157 0.341410 0.463992
v -0.364833 0.376579 0.585975
v -0.360720 0.380986 0.585046
v -0.379203 0.385928 0.580751
v -0.376940 0.391539 0.579150
v -0.381192 0.385928 0.580028
v -0.381898 0.391539 0.577347
v -0.395562 0.376579 0.574805
v -0.398118 0.380986 0.571451
v -0.445100 0.376856 0.404901
v -0.441402 0.380986 0.401396
v -0.450170 0.385928 0.418845
v -0.447298 0.391539 0.417617
v -0.450512 0.385928 0.419789
v -0.449101 0.391539 0.422574
v -0.455582 0.376856 0.433733
v -0.454997 0.380986 0.438795
v 0.011108 0.031120 -0.074220
v 0.156257 0.031120 -0.021455
v 0.156257 0.212363 -0.021455
v 0.086916 0.286144 -0.046662
v 0.080449 0.286144 -0.049013
v 0.011108 0.212363 -0.074220
v 0.146594 0.237185 -0.024968
v 0.131538 0.259842 -0.030441
v 0.110245 0.275862 -0.038181
v 0.035828 0.259842 -0.065234
v 0.020771 0.237185 -0.070707
v 0.057121 0.275862 -0.057493
v -0.207994 0.055236 -0.040976
v -0.111046 0.055236 -0.005734
v -0.111047 0.315620 -0.005734
v -0.157644 0.389261 -0.022673
v -0.161396 0.389261 -0.024037
v -0.207994 0.315620 -0.040976
v -0.117635 0.340604 -0.008129
v -0.127844 0.363280 -0.011840
v -0.142175 0.379197 -0.017050
v -0.191196 0.363280 -0.034870
v -0.201405 0.340604 -0.038581
v -0.176865 0.379197 -0.029661
v 0.211743 0.055236 0.111607
v 0.308690 0.055236 0.146849
v 0.308690 0.315620 0.146849
v 0.262093 0.389261 0.129910
v 0.258340 0.389261 0.128546
v 0.211743 0.315620 0.111607
v 0.302101 0.340604 0.144454
v 0.291893 0.363280 0.140743
v 0.277561 0.379197 0.135534
v 0.228540 0.363280 0.117713
v 0.218332 0.340604 0.114002
v 0.242871 0.379197 0.122923
v -0.004068 0.344413 0.043101
v -0.004068 0.465906 0.043101
v 0.092549 0.344413 0.078224
v 0.092549 0.465906 0.078224
v 0.086107 0.482454 0.075882
v 0.076055 0.497581 0.072228
v 0.061838 0.508277 0.067060
v 0.046286 0.515132 0.061406
v 0.042196 0.515132 0.059919
v 0.026643 0.508277 0.054266
v 0.012426 0.497581 0.049098
v 0.002374 0.482454 0.045443
v 0.213480 0.150628 0.605751
v 0.178238 0.150628 0.702699
v 0.213480 0.315620 0.605751
v 0.195177 0.389261 0.656101
v 0.196541 0.389261 0.652349
v 0.178238 0.315620 0.702699
v 0.207374 0.363280 0.622549
v 0.211085 0.340604 0.612340
v 0.202164 0.379197 0.636880
v 0.180633 0.340604 0.696110
v 0.184344 0.363280 0.685901
v 0.189554 0.379197 0.671570
v 0.350762 0.032073 0.228106
v 0.315520 0.032073 0.325054
v 0.350762 0.315620 0.228106
v 0.332459 0.389261 0.278456
v 0.333823 0.389261 0.274704
v 0.315520 0.315620 0.325054
v 0.344656 0.363280 0.244904
v 0.348367 0.340604 0.234695
v 0.339446 0.379197 0.259235
v 0.317915 0.340604 0.318465
v 0.321626 0.363280 0.308256
v 0.326836 0.379197 0.293925
v 0.281212 0.150628 0.419430
v 0.245970 0.150628 0.516377
v 0.281212 0.315620 0.419430
v 0.262909 0.389261 0.469780
v 0.264273 0.389261 0.466027
v 0.245970 0.315620 0.516377
v 0.275106 0.363280 0.436227
v 0.278817 0.340604 0.426019
v 0.269896 0.379197 0.450558
v 0.248365 0.340604 0.509788
v 0.252076 0.363280 0.499579
v 0.257285 0.379197 0.485248
v -0.467962 0.150628 0.467791
v -0.432720 0.150628 0.370843
v -0.432720 0.315620 0.370843
v -0.449659 0.389261 0.417441
v -0.451023 0.389261 0.421193
v -0.467962 0.315620 0.467791
v -0.435115 0.340604 0.377432
v -0.438826 0.363280 0.387641
v -0.444036 0.379197 0.401972
v -0.461856 0.363280 0.450993
v -0.465567 0.340604 0.461202
v -0.456646 0.379197 0.436662
v -0.330680 0.032073 0.090146
v -0.295438 0.032073 -0.006801
v -0.295438 0.315620 -0.006801
v -0.312377 0.389261 0.039796
v -0.313741 0.389261 0.043548
v -0.330680 0.315620 0.090146
v -0.297833 0.340604 -0.000213
v -0.301544 0.363280 0.009996
v -0.306753 0.379197 0.024327
v -0.324574 0.363280 0.073348
v -0.328285 0.340604 0.083557
v -0.319364 0.379197 0.059017
v -0.400230 0.150628 0.281469
v -0.364988 0.150628 0.184522
v -0.364988 0.315620 0.184522
v -0.381927 0.389261 0.231119
v -0.383291 0.389261 0.234872
v -0.400230 0.315620 0.281469
v -0.367383 0.340604 0.191111
v -0.371094 0.363280 0.201320
v -0.376304 0.379197 0.215651
v -0.394124 0.363280 0.264672
v -0.397835 0.340604 0.274880
v -0.388914 0.379197 0.250341
v -0.331724 0.150628 0.598011
v -0.428671 0.150628 0.562769
v -0.331724 0.315620 0.598011
v -0.382073 0.389261 0.579708
v -0.378321 0.389261 0.581072
v -0.428671 0.315620 0.562769
v -0.348521 0.363280 0.591905
v -0.338312 0.340604 0.595616
v -0.362852 0.379197 0.586695
v -0.422082 0.340604 0.565164
v -0.411873 0.363280 0.568875
v -0.397542 0.379197 0.574085
v 0.089875 0.032073 0.751271
v -0.007073 0.032073 0.716029
v 0.089875 0.315620 0.751271
v 0.039525 0.389261 0.732968
v 0.043277 0.389261 0.734332
v -0.007073 0.315620 0.716029
v 0.073077 0.363280 0.745165
v 0.083286 0.340604 0.748876
v 0.058746 0.379197 0.739955
v -0.000484 0.340604 0.718424
v 0.009725 0.363280 0.722135
v 0.024056 0.379197 0.727345
v -0.118890 0.150628 0.675381
v -0.215837 0.150628 0.640139
v -0.118890 0.315620 0.675381
v -0.169239 0.389261 0.657078
v -0.165487 0.389261 0.658442
v -0.215837 0.315620 0.640139
v -0.135687 0.363280 0.669275
v -0.125478 0.340604 0.672986
v -0.150018 0.379197 0.664065
v -0.209248 0.340604 0.642534
v -0.199039 0.363280 0.646245
v -0.184708 0.379197 0.651454
v -0.014375 0.034453 0.005635
v 0.124510 0.034453 0.056123
v 0.124510 0.211700 0.056123
v 0.057678 0.282811 0.031828
v 0.052457 0.282811 0.029930
v -0.014375 0.211700 0.005635
v 0.115220 0.235566 0.052745
v 0.100676 0.257451 0.047458
v 0.080108 0.272926 0.039981
v 0.009460 0.257451 0.014299
v -0.005084 0.235566 0.009012
v 0.030028 0.272926 0.021776
v -0.206570 0.058569 -0.035139
v -0.115887 0.058569 -0.002173
v -0.115887 0.315161 -0.002173
v -0.160234 0.385928 -0.018295
v -0.162223 0.385928 -0.019018
v -0.206570 0.315161 -0.035139
v -0.122286 0.339425 -0.004500
v -0.132161 0.361360 -0.008089
v -0.145864 0.376579 -0.013071
v -0.190296 0.361360 -0.029223
v -0.200171 0.339425 -0.032813
v -0.176593 0.376579 -0.024241
v 0.213167 0.058569 0.117445
v 0.303850 0.058569 0.150410
v 0.303850 0.315161 0.150410
v 0.259503 0.385928 0.134289
v 0.257514 0.385928 0.133566
v 0.213167 0.315161 0.117445
v 0.297451 0.339425 0.148084
v 0.287576 0.361360 0.144494
v 0.273873 0.376579 0.139513
v 0.229440 0.361360 0.123361
v 0.219566 0.339425 0.119771
v 0.243144 0.376579 0.128342
v -0.002644 0.347745 0.048939
v -0.002644 0.465243 0.048939
v 0.087709 0.347745 0.081785
v 0.087709 0.465243 0.081785
v 0.081640 0.480834 0.079578
v 0.072099 0.495190 0.076110
v 0.058608 0.505341 0.071206
v 0.043954 0.511799 0.065879
v 0.041110 0.511799 0.064845
v 0.026457 0.505341 0.059518
v 0.012965 0.495190 0.054614
v 0.003425 0.480834 0.051146
v -0.461793 0.153960 0.465454
v -0.429491 0.153960 0.376597
v -0.429491 0.315262 0.376597
v -0.445470 0.385928 0.420554
v -0.445813 0.385928 0.421497
v -0.461793 0.315262 0.465454
v -0.431831 0.339666 0.383032
v -0.435433 0.361676 0.392941
v -0.440401 0.376856 0.406609
v -0.455851 0.361676 0.449109
v -0.459453 0.339666 0.459018
v -0.450883 0.376856 0.435442
v -0.324510 0.035405 0.087809
v -0.292209 0.035405 -0.001048
v -0.292209 0.315262 -0.001048
v -0.308188 0.385928 0.042909
v -0.308531 0.385928 0.043852
v -0.324510 0.315262 0.087809
v -0.294548 0.339666 0.005387
v -0.298150 0.361676 0.015296
v -0.303119 0.376856 0.028964
v -0.318569 0.361676 0.071464
v -0.322171 0.339666 0.081373
v -0.313600 0.376856 0.057797
v -0.394061 0.153960 0.279132
v -0.361759 0.153960 0.190275
v -0.361759 0.315262 0.190275
v -0.377738 0.385928 0.234232
v -0.378081 0.385928 0.235175
v -0.394061 0.315262 0.279132
v -0.364099 0.339666 0.196711
v -0.367701 0.361676 0.206620
v -0.372669 0.376856 0.220287
v -0.388119 0.361676 0.262788
v -0.391721 0.339666 0.272697
v -0.383151 0.376856 0.249120
v -0.333147 0.153960 0.592173
v -0.423830 0.153960 0.559208
v -0.333147 0.315161 0.592173
v -0.379483 0.385928 0.575329
v -0.377494 0.385928 0.576052
v -0.423830 0.315161 0.559208
v -0.349421 0.361360 0.586257
v -0.339546 0.339425 0.589847
v -0.363124 0.376579 0.581276
v -0.417432 0.339425 0.561534
v -0.407557 0.361360 0.565124
v -0.393853 0.376579 0.570105
v 0.088451 0.035405 0.745434
v -0.002232 0.035405 0.712468
v 0.088451 0.315161 0.745434
v 0.042115 0.385928 0.728589
v 0.044104 0.385928 0.729312
v -0.002232 0.315161 0.712468
v 0.072177 0.361360 0.739518
v 0.082052 0.339425 0.743107
v 0.058474 0.376579 0.734536
v 0.004167 0.339425 0.714794
v 0.014041 0.361360 0.718384
v 0.027745 0.376579 0.723366
v -0.120313 0.153960 0.669543
v -0.210996 0.153960 0.636578
v -0.120313 0.315161 0.669543
v -0.166649 0.385928 0.652699
v -0.164660 0.385928 0.653422
v -0.210996 0.315161 0.636578
v -0.136587 0.361360 0.663627
v -0.126712 0.339425 0.667217
v -0.150290 0.376579 0.658646
v -0.204598 0.339425 0.638904
v -0.194723 0.361360 0.642494
v -0.181019 0.376579 0.647475
v 0.207310 0.153960 0.608088
v 0.175009 0.153960 0.696945
v 0.207310 0.315262 0.608088
v 0.190988 0.385928 0.652988
v 0.191331 0.385928 0.652045
v 0.175009 0.315262 0.696945
v 0.201369 0.361676 0.624433
v 0.204971 0.339666 0.614524
v 0.196400 0.376856 0.638100
v 0.177348 0.339666 0.690510
v 0.180950 0.361676 0.680601
v 0.185919 0.376856 0.666933
v 0.344593 0.035405 0.230443
v 0.312291 0.035405 0.319300
v 0.344593 0.315262 0.230443
v 0.328270 0.385928 0.275343
v 0.328613 0.385928 0.274400
v 0.312291 0.315262 0.319300
v 0.338651 0.361676 0.246788
v 0.342253 0.339666 0.236879
v 0.333683 0.376856 0.260455
v 0.314631 0.339666 0.312865
v 0.318233 0.361676 0.302956
v 0.323201 0.376856 0.289288
v 0.275042 0.153960 0.421767
v 0.242741 0.153960 0.510624
v 0.275042 0.315262 0.421767
v 0.258720 0.385928 0.466667
v 0.259063 0.385928 0.465724
v 0.242741 0.315262 0.510624
v 0.269101 0.361676 0.438111
v 0.272703 0.339666 0.428202
v 0.264132 0.376856 0.451779
v 0.245080 0.339666 0.504188
v 0.248682 0.361676 0.494279
v 0.253651 0.376856 0.480612
vn -0.0097 -0.9999 -0.0035
vn -0.2036 -0.9763 -0.0740
vn -0.2719 -0.6028 0.7501
vn 0.8530 -0.4198 0.3101
vn -0.4343 -0.5064 0.7450
vn -0.2623 -0.9603 -0.0953
vn -0.2935 -0.9500 -0.1067
vn -0.4345 -0.5296 0.7286
vn -0.3543 -0.9262 -0.1288
vn -0.4661 -0.5143 0.7199
vn -0.3955 -0.9072 -0.1438
vn -0.4947 -0.4945 0.7146
vn -0.4325 -0.8878 -0.1572
vn -0.5140 -0.4895 0.7044
vn -0.4898 -0.8535 -0.1780
vn -0.5406 -0.4774 0.6927
vn -0.5042 -0.8439 -0.1833
vn -0.5610 -0.4533 0.6926
vn -0.5895 -0.7789 -0.2143
vn -0.5881 -0.4598 0.6654
vn -0.6478 -0.7245 -0.2355
vn -0.6288 -0.3897 0.6728
vn -0.6804 -0.6898 -0.2473
vn -0.6482 -0.3779 0.6611
vn -0.7433 -0.6120 -0.2702
vn -0.6788 -0.3492 0.6460
vn -0.8127 -0.5022 -0.2954
vn -0.7137 -0.2837 0.6404
vn -0.8542 -0.4169 -0.3105
vn -0.7328 -0.2246 0.6424
vn -0.8851 -0.3361 -0.3218
vn -0.7502 -0.1854 0.6347
vn -0.9128 -0.2380 -0.3318
vn -0.7648 -0.1332 0.6304
vn -0.9298 -0.1460 -0.3380
vn -0.7714 -0.0816 0.6310
vn -0.9384 -0.0547 -0.3411
vn -0.7767 -0.0343 0.6289
vn -0.9364 0.0847 -0.3404
vn -0.7804 0.0370 0.6242
vn -0.9145 0.2305 -0.3325
vn -0.7643 0.1174 0.6341
vn -0.8992 0.2909 -0.3269
vn -0.7467 0.1460 0.6489
vn -0.8932 0.3110 -0.3247
vn -0.7474 0.1573 0.6455
vn -0.8665 0.3872 -0.3150
vn -0.7393 0.1997 0.6431
vn -0.8146 0.4987 -0.2961
vn -0.7117 0.2599 0.6526
vn -0.7550 0.5955 -0.2745
vn -0.6786 0.3093 0.6662
vn -0.6857 0.6839 -0.2493
vn -0.6432 0.3611 0.6752
vn -0.6056 0.7647 -0.2202
vn -0.6007 0.4019 0.6911
vn -0.5177 0.8346 -0.1882
vn -0.5527 0.4493 0.7019
vn -0.4307 0.8888 -0.1566
vn -0.5109 0.4675 0.7214
vn -0.4074 0.9011 -0.1481
vn -0.5026 0.4554 0.7349
vn -0.3771 0.9160 -0.1371
vn -0.4769 0.4808 0.7358
vn -0.2803 0.9545 -0.1019
vn -0.4270 0.5014 0.7525
vn -0.1696 0.9836 -0.0616
vn -0.3581 0.5309 0.7680
vn -0.0364 0.9993 -0.0132
vn -0.2896 0.5414 0.7893
vn 0.0440 0.9989 0.0160
vn -0.2631 0.5251 0.8093
vn 0.0858 0.9958 0.0312
vn -0.2347 0.5222 0.8199
vn 0.2093 0.9749 0.0761
vn -0.1168 0.5415 0.8325
vn 0.4256 0.8916 0.1547
vn 0.0464 0.5186 0.8538
vn 0.5754 0.7907 0.2092
vn 0.0818 0.4661 0.8809
vn 0.6233 0.7484 0.2266
vn 0.1451 0.4400 0.8862
vn 0.7020 0.6649 0.2552
vn 0.2189 0.3989 0.8905
vn 0.7829 0.5532 0.2846
vn 0.3938 0.3020 0.8682
vn 0.2733 -0.6028 -0.7496
vn 0.1455 -0.5064 -0.8499
vn 0.9055 -0.2678 0.3292
vn 0.8594 0.3020 -0.4126
vn 0.0385 0.4058 0.9132
vn 0.6155 0.7557 0.2238
vn 0.6612 0.7106 0.2404
vn 0.0597 0.3871 0.9201
vn 0.0377 0.3927 0.9189
vn 0.6176 0.7537 0.2245
vn 0.0518 0.3726 0.9265
vn 0.6504 0.7218 0.2364
vn 0.0671 0.3259 0.9430
vn 0.7022 0.6646 0.2553
vn 0.0952 0.3055 0.9474
vn 0.7528 0.5986 0.2737
vn 0.1038 0.3125 0.9442
vn 0.7566 0.5932 0.2750
vn 0.1040 0.3002 0.9482
vn 0.7598 0.5886 0.2762
vn 0.1141 0.2687 0.9564
vn 0.7914 0.5394 0.2877
vn 0.1302 0.2369 0.9628
vn 0.8264 0.4762 0.3004
vn 0.1484 0.2350 0.9606
vn 0.8412 0.4460 0.3058
vn 0.1373 0.1839 0.9733
vn 0.8627 0.3966 0.3136
vn 0.1586 0.1303 0.9787
vn 0.9043 0.2725 0.3287
vn 0.1751 0.1114 0.9782
vn 0.9169 0.2196 0.3333
vn 0.1667 0.0755 0.9831
vn 0.9268 0.1658 0.3369
vn 0.1736 0.0303 0.9843
vn 0.9376 0.0686 0.3408
vn 0.1638 -0.0222 0.9862
vn 0.9393 -0.0351 0.3414
vn 0.1668 -0.0718 0.9834
vn 0.9305 -0.1406 0.3383
vn 0.1697 -0.0981 0.9806
vn 0.9221 -0.1935 0.3352
vn 0.1590 -0.1227 0.9796
vn 0.9115 -0.2437 0.3313
vn 0.1545 -0.1515 0.9763
vn 0.8963 -0.3009 0.3258
vn 0.1216 -0.1938 0.9735
vn 0.8618 -0.3989 0.3133
vn 0.1240 -0.2401 0.9628
vn 0.8272 -0.4747 0.3007
vn 0.1057 -0.2529 0.9617
vn 0.8080 -0.5108 0.2937
vn 0.0777 -0.2874 0.9547
vn 0.7593 -0.5893 0.2760
vn 0.0948 -0.3060 0.9473
vn 0.7573 -0.5922 0.2753
vn 0.0617 -0.2915 0.9546
vn 0.7461 -0.6081 0.2712
vn 0.0074 -0.3403 0.9403
vn 0.6406 -0.7317 0.2329
vn -0.0171 -0.3933 0.9192
vn 0.5649 -0.7992 0.2054
vn -0.0690 -0.4011 0.9134
vn 0.4712 -0.8653 0.1713
vn -0.1484 -0.4457 0.8828
vn 0.2751 -0.9562 0.1000
vn -0.2297 -0.4950 0.8380
vn 0.0880 -0.9956 0.0320
vn -0.2904 -0.5213 0.8024
vn -0.0242 -0.9997 -0.0088
vn -0.3387 -0.5189 0.7849
vn -0.1253 -0.9911 -0.0456
vn -0.3825 -0.5238 0.7612
vn -0.1904 -0.9793 -0.0692
vn -0.4206 -0.5051 0.7537
vn -0.2914 -0.9507 -0.1059
vn -0.4761 -0.5099 0.7165
vn -0.3644 -0.9218 -0.1325
vn -0.5089 -0.4906 0.7074
vn -0.4405 -0.8834 -0.1601
vn -0.5452 -0.4917 0.6789
vn -0.4643 -0.8695 -0.1688
vn -0.5514 -0.4768 0.6846
vn -0.5020 -0.8454 -0.1825
vn 0.1351 -0.4045 0.9045
vn 0.1568 -0.9860 0.0570
vn 0.7740 0.5672 0.2814
vn 0.6366 0.3871 -0.6669
vn 0.7682 -0.0685 -0.6365
vn 0.1801 -0.0685 0.9813
vn 0.6845 -0.4045 -0.6066
vn 0.1348 -0.5296 -0.8375
vn 0.1050 -0.5143 -0.8511
vn 0.0797 -0.4945 -0.8655
vn 0.0583 -0.4895 -0.8700
vn 0.0305 -0.4774 -0.8782
vn 0.0147 -0.4533 -0.8912
vn -0.0236 -0.4598 -0.8877
vn -0.0499 -0.3897 -0.9196
vn -0.0723 -0.3779 -0.9230
vn -0.1055 -0.3492 -0.9311
vn -0.1358 -0.2837 -0.9492
vn -0.1492 -0.2246 -0.9630
vn -0.1675 -0.1854 -0.9683
vn -0.1814 -0.1332 -0.9743
vn -0.1861 -0.0816 -0.9791
vn -0.1915 -0.0343 -0.9809
vn -0.1974 0.0370 -0.9796
vn -0.1787 0.1174 -0.9769
vn -0.1557 0.1460 -0.9770
vn -0.1584 0.1573 -0.9748
vn -0.1537 0.1997 -0.9677
vn -0.1264 0.2599 -0.9573
vn -0.0924 0.3093 -0.9465
vn -0.0594 0.3611 -0.9306
vn -0.0167 0.4019 -0.9155
vn 0.0270 0.4493 -0.8930
vn 0.0716 0.4675 -0.8811
vn 0.0867 0.4554 -0.8861
vn 0.1070 0.4808 -0.8703
vn 0.1560 0.5014 -0.8510
vn 0.2187 0.5309 -0.8187
vn 0.2849 0.5414 -0.7910
vn 0.3180 0.5251 -0.7894
vn 0.3466 0.5222 -0.7792
vn 0.4451 0.5415 -0.7132
vn 0.5838 0.5186 -0.6247
vn 0.6284 0.4661 -0.6228
vn 0.6803 0.4400 -0.5862
vn 0.7396 0.3989 -0.5420
vn 0.6159 0.4058 -0.6753
vn 0.6189 0.3927 -0.6802
vn 0.6347 0.3726 -0.6770
vn 0.6571 0.3259 -0.6798
vn 0.6814 0.3055 -0.6651
vn 0.6859 0.3125 -0.6571
vn 0.6887 0.3002 -0.6600
vn 0.7017 0.2687 -0.6599
vn 0.7181 0.2369 -0.6544
vn 0.7307 0.2350 -0.6410
vn 0.7303 0.1839 -0.6579
vn 0.7501 0.1303 -0.6484
vn 0.7624 0.1114 -0.6375
vn 0.7591 0.0755 -0.6466
vn 0.7652 0.0303 -0.6430
vn 0.7589 -0.0222 -0.6508
vn 0.7593 -0.0718 -0.6467
vn 0.7598 -0.0981 -0.6427
vn 0.7510 -0.1227 -0.6489
vn 0.7454 -0.1515 -0.6492
vn 0.7184 -0.1938 -0.6681
vn 0.7133 -0.2401 -0.6584
vn 0.6986 -0.2529 -0.6693
vn 0.6726 -0.2874 -0.6819
vn 0.6810 -0.3060 -0.6653
vn 0.6603 -0.2915 -0.6921
vn 0.6096 -0.3403 -0.7160
vn 0.5772 -0.3933 -0.7156
vn 0.5337 -0.4011 -0.7445
vn 0.4531 -0.4457 -0.7720
vn 0.3620 -0.4950 -0.7899
vn 0.2927 -0.5213 -0.8016
vn 0.2444 -0.5189 -0.8192
vn 0.1956 -0.5238 -0.8291
vn 0.1616 -0.5051 -0.8478
vn 0.0952 -0.5099 -0.8550
vn 0.0642 -0.4906 -0.8690
vn 0.0181 -0.4917 -0.8706
vn 0.0170 -0.4768 -0.8789
vn 0.8309 0.4673 0.3020
vn -0.9398 -0.0000 -0.3416
vn 0.3416 -0.0000 -0.9398
vn 0.9398 -0.0000 0.3416
vn -0.3416 -0.0000 0.9398
vn -0.0000 1.0000 -0.0000
vn -0.0000 -1.0000 -0.0000
vn 0.8256 -0.5498 0.1267
vn 0.8113 -0.5498 -0.1989
vn 0.6734 -0.5498 -0.4942
vn 0.4331 -0.5498 -0.7143
vn 0.1267 -0.5498 -0.8256
vn -0.1989 -0.5498 -0.8113
vn -0.4942 -0.5498 -0.6734
vn -0.7143 -0.5498 -0.4331
vn -0.8256 -0.5498 -0.1267
vn -0.8113 -0.5498 0.1989
vn -0.6734 -0.5498 0.4942
vn -0.4331 -0.5498 0.7143
vn -0.1267 -0.5498 0.8256
vn 0.1989 -0.5498 0.8113
vn 0.4942 -0.5498 0.6734
vn 0.7143 -0.5498 0.4331
vn 0.9198 -0.3662 0.1412
vn 0.9038 -0.3662 -0.2215
vn 0.7502 -0.3662 -0.5505
vn 0.4824 -0.3662 -0.7957
vn 0.1412 -0.3662 -0.9198
vn -0.2215 -0.3662 -0.9038
vn -0.5505 -0.3662 -0.7502
vn -0.7957 -0.3662 -0.4824
vn -0.9198 -0.3662 -0.1412
vn -0.9038 -0.3662 0.2215
vn -0.7502 -0.3662 0.5505
vn -0.4824 -0.3662 0.7957
vn -0.1412 -0.3662 0.9198
vn 0.2215 -0.3662 0.9038
vn 0.5505 -0.3662 0.7502
vn 0.7957 -0.3662 0.4824
vn 0.9714 -0.1850 0.1491
vn 0.9773 -0.1496 0.1500
vn 0.9814 -0.1194 0.1506
vn 0.9850 -0.0837 0.1512
vn 0.9545 -0.1850 -0.2340
vn 0.9603 -0.1496 -0.2354
vn 0.9643 -0.1194 -0.2364
vn 0.9678 -0.0837 -0.2372
vn 0.7923 -0.1850 -0.5814
vn 0.7971 -0.1496 -0.5850
vn 0.8004 -0.1194 -0.5874
vn 0.8034 -0.0837 -0.5896
vn 0.5095 -0.1850 -0.8404
vn 0.5126 -0.1496 -0.8455
vn 0.5147 -0.1194 -0.8490
vn 0.5166 -0.0837 -0.8521
vn 0.1491 -0.1850 -0.9714
vn 0.1500 -0.1496 -0.9773
vn 0.1506 -0.1194 -0.9814
vn 0.1512 -0.0837 -0.9850
vn -0.2340 -0.1850 -0.9545
vn -0.2354 -0.1496 -0.9603
vn -0.2364 -0.1194 -0.9643
vn -0.2372 -0.0837 -0.9678
vn -0.5814 -0.1850 -0.7923
vn -0.5850 -0.1496 -0.7971
vn -0.5874 -0.1194 -0.8004
vn -0.5896 -0.0837 -0.8034
vn -0.8404 -0.1850 -0.5095
vn -0.8455 -0.1496 -0.5126
vn -0.8490 -0.1194 -0.5147
vn -0.8521 -0.0837 -0.5166
vn -0.9714 -0.1850 -0.1491
vn -0.9773 -0.1496 -0.1500
vn -0.9814 -0.1194 -0.1506
vn -0.9850 -0.0837 -0.1512
vn -0.9545 -0.1850 0.2340
vn -0.9603 -0.1496 0.2354
vn -0.9643 -0.1194 0.2364
vn -0.9678 -0.0837 0.2372
vn -0.7923 -0.1850 0.5814
vn -0.7971 -0.1496 0.5850
vn -0.8004 -0.1194 0.5874
vn -0.8034 -0.0837 0.5896
vn -0.5095 -0.1850 0.8404
vn -0.5126 -0.1496 0.8455
vn -0.5147 -0.1194 0.8490
vn -0.5166 -0.0837 0.8521
vn -0.1491 -0.1850 0.9714
vn -0.1500 -0.1496 0.9773
vn -0.1506 -0.1194 0.9814
vn -0.1512 -0.0837 0.9850
vn 0.2340 -0.1850 0.9545
vn 0.2354 -0.1496 0.9603
vn 0.2364 -0.1194 0.9643
vn 0.2372 -0.0837 0.9678
vn 0.5814 -0.1850 0.7923
vn 0.5850 -0.1496 0.7971
vn 0.5874 -0.1194 0.8004
vn 0.5896 -0.0837 0.8034
vn 0.8404 -0.1850 0.5095
vn 0.8455 -0.1496 0.5126
vn 0.8490 -0.1194 0.5147
vn 0.8521 -0.0837 0.5166
vn 0.8361 -0.2098 0.5069
vn 0.9664 -0.2098 0.1484
vn 0.9496 -0.2098 -0.2328
vn 0.7883 -0.2098 -0.5785
vn 0.5069 -0.2098 -0.8361
vn 0.1484 -0.2098 -0.9664
vn -0.2328 -0.2098 -0.9496
vn -0.5785 -0.2098 -0.7883
vn -0.8361 -0.2098 -0.5069
vn -0.9664 -0.2098 -0.1484
vn -0.9496 -0.2098 0.2328
vn -0.7883 -0.2098 0.5785
vn -0.5069 -0.2098 0.8361
vn -0.1484 -0.2098 0.9664
vn 0.2328 -0.2098 0.9496
vn 0.5785 -0.2098 0.7883
vn 0.8478 -0.1304 0.5140
vn 0.8518 -0.0883 0.5164
vn 0.5866 -0.1304 0.7993
vn 0.5893 -0.0883 0.8031
vn 0.2360 -0.1304 0.9629
vn 0.2371 -0.0883 0.9675
vn -0.1504 -0.1304 0.9800
vn -0.1511 -0.0883 0.9846
vn -0.5140 -0.1304 0.8478
vn -0.5164 -0.0883 0.8518
vn -0.7993 -0.1304 0.5866
vn -0.8031 -0.0883 0.5893
vn -0.9630 -0.1304 0.2360
vn -0.9675 -0.0883 0.2371
vn -0.9800 -0.1304 -0.1504
vn -0.9846 -0.0883 -0.1511
vn -0.8478 -0.1304 -0.5140
vn -0.8518 -0.0883 -0.5164
vn -0.5866 -0.1304 -0.7993
vn -0.5893 -0.0883 -0.8031
vn -0.2360 -0.1304 -0.9630
vn -0.2371 -0.0883 -0.9675
vn 0.1504 -0.1304 -0.9800
vn 0.1511 -0.0883 -0.9846
vn 0.5140 -0.1304 -0.8478
vn 0.5164 -0.0883 -0.8518
vn 0.7993 -0.1304 -0.5866
vn 0.8031 -0.0883 -0.5893
vn 0.9630 -0.1304 -0.2360
vn 0.9675 -0.0883 -0.2371
vn 0.9800 -0.1304 0.1504
vn 0.9846 -0.0883 0.1511
vn 0.9867 -0.0584 0.1515
vn 0.8537 -0.0584 0.5175
vn 0.9696 -0.0584 -0.2377
vn 0.8048 -0.0584 -0.5906
vn 0.5175 -0.0584 -0.8537
vn 0.1515 -0.0584 -0.9867
vn -0.2377 -0.0584 -0.9696
vn -0.5906 -0.0584 -0.8048
vn -0.8537 -0.0584 -0.5175
vn -0.9867 -0.0584 -0.1515
vn -0.9696 -0.0584 0.2377
vn -0.8048 -0.0584 0.5906
vn -0.5175 -0.0584 0.8537
vn -0.1515 -0.0584 0.9867
vn 0.2377 -0.0584 0.9696
vn 0.5906 -0.0584 0.8048
vn 0.9671 -0.2068 0.1485
vn 0.9516 -0.2703 0.1461
vn 0.9321 -0.3326 0.1431
vn 0.9503 -0.2068 -0.2329
vn 0.9351 -0.2703 -0.2292
vn 0.9159 -0.3326 -0.2245
vn 0.7888 -0.2068 -0.5788
vn 0.7762 -0.2703 -0.5696
vn 0.7603 -0.3326 -0.5579
vn 0.5072 -0.2068 -0.8366
vn 0.4991 -0.2703 -0.8233
vn 0.4889 -0.3326 -0.8064
vn 0.1484 -0.2068 -0.9671
vn 0.1461 -0.2703 -0.9516
vn 0.1431 -0.3326 -0.9321
vn -0.2329 -0.2068 -0.9503
vn -0.2292 -0.2703 -0.9351
vn -0.2245 -0.3326 -0.9159
vn -0.5788 -0.2068 -0.7888
vn -0.5696 -0.2703 -0.7762
vn -0.5579 -0.3326 -0.7603
vn -0.8366 -0.2068 -0.5072
vn -0.8233 -0.2703 -0.4991
vn -0.8064 -0.3326 -0.4889
vn -0.9671 -0.2068 -0.1485
vn -0.9516 -0.2703 -0.1461
vn -0.9321 -0.3326 -0.1431
vn -0.9503 -0.2068 0.2329
vn -0.9351 -0.2703 0.2292
vn -0.9159 -0.3326 0.2245
vn -0.7888 -0.2068 0.5788
vn -0.7762 -0.2703 0.5696
vn -0.7603 -0.3326 0.5579
vn -0.5072 -0.2068 0.8366
vn -0.4991 -0.2703 0.8233
vn -0.4889 -0.3326 0.8064
vn -0.1485 -0.2068 0.9671
vn -0.1461 -0.2703 0.9516
vn -0.1431 -0.3326 0.9321
vn 0.2329 -0.2068 0.9503
vn 0.2292 -0.2703 0.9351
vn 0.2245 -0.3326 0.9159
vn 0.5788 -0.2068 0.7888
vn 0.5696 -0.2703 0.7762
vn 0.5579 -0.3326 0.7603
vn 0.8366 -0.2068 0.5072
vn 0.8233 -0.2703 0.4991
vn 0.8064 -0.3326 0.4889
vn 0.8441 -0.1601 0.5117
vn 0.9757 -0.1601 0.1498
vn 0.9587 -0.1601 -0.2350
vn 0.7958 -0.1601 -0.5840
vn 0.5118 -0.1601 -0.8441
vn 0.1498 -0.1601 -0.9757
vn -0.2350 -0.1601 -0.9587
vn -0.5840 -0.1601 -0.7958
vn -0.8441 -0.1601 -0.5117
vn -0.9757 -0.1601 -0.1498
vn -0.9587 -0.1601 0.2350
vn -0.7958 -0.1601 0.5840
vn -0.5117 -0.1601 0.8441
vn -0.1498 -0.1601 0.9757
vn 0.2350 -0.1601 0.9587
vn 0.5840 -0.1601 0.7958
vn 0.9023 -0.4081 0.1385
vn 0.8827 -0.4500 0.1355
vn 0.8612 -0.4908 0.1322
vn 0.8867 -0.4081 -0.2173
vn 0.8674 -0.4500 -0.2126
vn 0.8462 -0.4908 -0.2074
vn 0.7360 -0.4081 -0.5401
vn 0.7200 -0.4500 -0.5283
vn 0.7024 -0.4908 -0.5155
vn 0.4733 -0.4081 -0.7807
vn 0.4630 -0.4500 -0.7637
vn 0.4517 -0.4908 -0.7450
vn 0.1385 -0.4081 -0.9023
vn 0.1355 -0.4500 -0.8827
vn 0.1322 -0.4908 -0.8612
vn -0.2173 -0.4081 -0.8867
vn -0.2126 -0.4500 -0.8674
vn -0.2074 -0.4908 -0.8462
vn -0.5401 -0.4081 -0.7360
vn -0.5284 -0.4500 -0.7200
vn -0.5155 -0.4908 -0.7024
vn -0.7807 -0.4081 -0.4733
vn -0.7637 -0.4500 -0.4630
vn -0.7450 -0.4908 -0.4517
vn -0.9023 -0.4081 -0.1385
vn -0.8827 -0.4500 -0.1355
vn -0.8612 -0.4908 -0.1322
vn -0.8867 -0.4081 0.2173
vn -0.8674 -0.4500 0.2126
vn -0.8462 -0.4908 0.2074
vn -0.7360 -0.4081 0.5401
vn -0.7200 -0.4500 0.5284
vn -0.7024 -0.4908 0.5155
vn -0.4733 -0.4081 0.7807
vn -0.4630 -0.4500 0.7637
vn -0.4517 -0.4908 0.7450
vn -0.1385 -0.4081 0.9023
vn -0.1355 -0.4500 0.8827
vn -0.1322 -0.4908 0.8612
vn 0.2173 -0.4081 0.8867
vn 0.2126 -0.4500 0.8674
vn 0.2074 -0.4908 0.8462
vn 0.5401 -0.4081 0.7360
vn 0.5284 -0.4500 0.7200
vn 0.5155 -0.4908 0.7024
vn 0.7807 -0.4081 0.4733
vn 0.7637 -0.4500 0.4630
vn 0.7450 -0.4908 0.4517
vn 0.7920 -0.3771 0.4802
vn 0.9155 -0.3771 0.1405
vn 0.8996 -0.3771 -0.2205
vn 0.7467 -0.3771 -0.5480
vn 0.4802 -0.3771 -0.7920
vn 0.1405 -0.3771 -0.9155
vn -0.2205 -0.3771 -0.8996
vn -0.5480 -0.3771 -0.7467
vn -0.7920 -0.3771 -0.4802
vn -0.9155 -0.3771 -0.1405
vn -0.8996 -0.3771 0.2205
vn -0.7467 -0.3771 0.5480
vn -0.4802 -0.3771 0.7920
vn -0.1405 -0.3771 0.9155
vn 0.2205 -0.3771 0.8996
vn 0.5480 -0.3771 0.7467
vn 0.7859 -0.6065 0.1206
vn 0.6887 -0.7173 0.1057
vn 0.5765 -0.8123 0.0885
vn 0.7722 -0.6065 -0.1893
vn 0.6768 -0.7173 -0.1659
vn 0.5665 -0.8123 -0.1389
vn 0.6410 -0.6065 -0.4704
vn 0.5618 -0.7173 -0.4122
vn 0.4702 -0.8123 -0.3451
vn 0.4122 -0.6065 -0.6799
vn 0.3612 -0.7173 -0.5958
vn 0.3024 -0.8123 -0.4988
vn 0.1206 -0.6065 -0.7859
vn 0.1057 -0.7173 -0.6887
vn 0.0885 -0.8123 -0.5765
vn -0.1893 -0.6065 -0.7722
vn -0.1659 -0.7173 -0.6768
vn -0.1389 -0.8123 -0.5665
vn -0.4704 -0.6065 -0.6410
vn -0.4122 -0.7173 -0.5618
vn -0.3451 -0.8123 -0.4702
vn -0.6799 -0.6065 -0.4122
vn -0.5958 -0.7173 -0.3612
vn -0.4988 -0.8123 -0.3024
vn -0.7859 -0.6065 -0.1206
vn -0.6887 -0.7173 -0.1057
vn -0.5765 -0.8123 -0.0885
vn -0.7722 -0.6065 0.1893
vn -0.6768 -0.7173 0.1659
vn -0.5665 -0.8123 0.1389
vn -0.6410 -0.6065 0.4704
vn -0.5618 -0.7173 0.4122
vn -0.4702 -0.8123 0.3451
vn -0.4122 -0.6065 0.6799
vn -0.3612 -0.7173 0.5958
vn -0.3024 -0.8123 0.4988
vn -0.1206 -0.6065 0.7859
vn -0.1057 -0.7173 0.6887
vn -0.0885 -0.8123 0.5765
vn 0.1893 -0.6065 0.7722
vn 0.1659 -0.7173 0.6768
vn 0.1389 -0.8123 0.5665
vn 0.4704 -0.6065 0.6410
vn 0.4122 -0.7173 0.5618
vn 0.3451 -0.8123 0.4702
vn 0.6799 -0.6065 0.4122
vn 0.5958 -0.7173 0.3612
vn 0.4988 -0.8123 0.3024
vn 0.4233 -0.8689 0.2567
vn 0.7304 -0.5200 0.4428
vn 0.4893 -0.8689 0.0751
vn 0.8443 -0.5200 0.1296
vn 0.8296 -0.5200 -0.2034
vn 0.4808 -0.8689 -0.1179
vn 0.6886 -0.5200 -0.5054
vn 0.3991 -0.8689 -0.2929
vn 0.4428 -0.5200 -0.7304
vn 0.2567 -0.8689 -0.4233
vn 0.1296 -0.5200 -0.8443
vn 0.0751 -0.8689 -0.4893
vn -0.2034 -0.5200 -0.8296
vn -0.1179 -0.8689 -0.4808
vn -0.5054 -0.5200 -0.6886
vn -0.2929 -0.8689 -0.3991
vn -0.7304 -0.5200 -0.4428
vn -0.4233 -0.8689 -0.2567
vn -0.8443 -0.5200 -0.1296
vn -0.4893 -0.8689 -0.0751
vn -0.8296 -0.5200 0.2034
vn -0.4808 -0.8689 0.1179
vn -0.6886 -0.5200 0.5054
vn -0.3991 -0.8689 0.2929
vn -0.4428 -0.5200 0.7304
vn -0.2567 -0.8689 0.4233
vn -0.1296 -0.5200 0.8443
vn -0.0751 -0.8689 0.4893
vn 0.2034 -0.5200 0.8296
vn 0.1179 -0.8689 0.4808
vn 0.5054 -0.5200 0.6886
vn 0.2929 -0.8689 0.3991
vn 0.5892 -0.8029 0.0905
vn 0.6798 -0.7259 0.1044
vn 0.5790 -0.8029 -0.1419
vn 0.6680 -0.7259 -0.1637
vn 0.4806 -0.8029 -0.3527
vn 0.5545 -0.7259 -0.4069
vn 0.3091 -0.8029 -0.5098
vn 0.3566 -0.7259 -0.5882
vn 0.0905 -0.8029 -0.5892
vn 0.1044 -0.7259 -0.6798
vn -0.1419 -0.8029 -0.5790
vn -0.1637 -0.7259 -0.6680
vn -0.3527 -0.8029 -0.4806
vn -0.4069 -0.7259 -0.5545
vn -0.5098 -0.8029 -0.3091
vn -0.5882 -0.7259 -0.3566
vn -0.5892 -0.8029 -0.0905
vn -0.6798 -0.7259 -0.1044
vn -0.5790 -0.8029 0.1419
vn -0.6680 -0.7259 0.1637
vn -0.4806 -0.8029 0.3527
vn -0.5545 -0.7259 0.4069
vn -0.3091 -0.8029 0.5098
vn -0.3566 -0.7259 0.5882
vn -0.0905 -0.8029 0.5892
vn -0.1044 -0.7259 0.6798
vn 0.1419 -0.8029 0.5790
vn 0.1637 -0.7259 0.6680
vn 0.3527 -0.8029 0.4806
vn 0.4069 -0.7259 0.5545
vn 0.5098 -0.8029 0.3091
vn 0.5882 -0.7259 0.3566
vn 0.4505 -0.8500 0.2731
vn 0.7376 -0.6657 0.1132
vn 0.5207 -0.8500 0.0799
vn 0.6381 -0.6657 0.3869
vn 0.5116 -0.8500 -0.1254
vn 0.7247 -0.6657 -0.1776
vn 0.4247 -0.8500 -0.3117
vn 0.6016 -0.6657 -0.4415
vn 0.2731 -0.8500 -0.4505
vn 0.3869 -0.6657 -0.6381
vn 0.0799 -0.8500 -0.5207
vn 0.1132 -0.6657 -0.7376
vn -0.1254 -0.8500 -0.5116
vn -0.1776 -0.6657 -0.7247
vn -0.3117 -0.8500 -0.4247
vn -0.4415 -0.6657 -0.6016
vn -0.4505 -0.8500 -0.2731
vn -0.6381 -0.6657 -0.3869
vn -0.5207 -0.8500 -0.0799
vn -0.7376 -0.6657 -0.1132
vn -0.5116 -0.8500 0.1254
vn -0.7247 -0.6657 0.1776
vn -0.4247 -0.8500 0.3117
vn -0.6016 -0.6657 0.4415
vn -0.2731 -0.8500 0.4505
vn -0.3869 -0.6657 0.6381
vn -0.0799 -0.8500 0.5207
vn -0.1132 -0.6657 0.7376
vn 0.1254 -0.8500 0.5116
vn 0.1776 -0.6657 0.7247
vn 0.3117 -0.8500 0.4247
vn 0.4415 -0.6657 0.6016
vn 0.7647 -0.4475 0.4636
vn 0.5291 -0.4475 0.7210
vn 0.2129 -0.4475 0.8686
vn -0.1357 -0.4475 0.8839
vn -0.4636 -0.4475 0.7647
vn -0.7210 -0.4475 0.5291
vn -0.8686 -0.4475 0.2129
vn -0.8839 -0.4475 -0.1357
vn -0.7647 -0.4475 -0.4636
vn -0.5291 -0.4475 -0.7210
vn -0.2129 -0.4475 -0.8686
vn 0.1357 -0.4475 -0.8839
vn 0.4636 -0.4475 -0.7647
vn 0.7210 -0.4475 -0.5291
vn 0.8686 -0.4475 -0.2129
vn 0.8839 -0.4475 0.1357
vn 0.9750 -0.1645 0.1497
vn -0.0024 1.0000 0.0039
vn 0.9580 -0.1645 -0.2348
vn 0.0011 -1.0000 0.0043
vn 0.7952 -0.1645 -0.5836
vn 0.0035 1.0000 0.0022
vn 0.5114 -0.1645 -0.8435
vn 0.0026 -1.0000 0.0035
vn 0.1497 -0.1645 -0.9750
vn -0.0007 1.0000 0.0045
vn -0.2348 -0.1645 -0.9580
vn 0.0035 -1.0000 0.0022
vn -0.5836 -0.1645 -0.7952
vn 0.0006 1.0000 -0.0036
vn -0.8435 -0.1645 -0.5114
vn -0.0036 1.0000 0.0026
vn -0.9750 -0.1645 -0.1497
vn -0.0034 1.0000 -0.0021
vn -0.9580 -0.1645 0.2348
vn 0.0039 -1.0000 0.0006
vn -0.7952 -0.1645 0.5836
vn 0.0037 1.0000 -0.0009
vn -0.5114 -0.1645 0.8435
vn 0.0037 -1.0000 -0.0009
vn -0.1497 -0.1645 0.9750
vn 0.2348 -0.1645 0.9580
vn 0.0030 -1.0000 -0.0022
vn 0.5836 -0.1645 0.7952
vn 0.0026 1.0000 0.0035
vn 0.8435 -0.1645 0.5114
vn -0.0023 1.0000 -0.0031
vn 0.8319 -0.2313 0.5044
vn 0.9884 -0.0000 0.1517
vn 0.9616 -0.2313 0.1476
vn 0.8551 -0.0000 0.5184
vn 0.9449 -0.2313 -0.2316
vn 0.9712 -0.0000 -0.2381
vn 0.7843 -0.2313 -0.5756
vn 0.8062 -0.0000 -0.5916
vn 0.5044 -0.2313 -0.8319
vn 0.5184 -0.0000 -0.8551
vn 0.1476 -0.2313 -0.9616
vn 0.1517 -0.0000 -0.9884
vn -0.2316 -0.2313 -0.9449
vn -0.2381 -0.0000 -0.9712
vn -0.5756 -0.2313 -0.7843
vn -0.5916 -0.0000 -0.8062
vn -0.8319 -0.2313 -0.5044
vn -0.8551 -0.0000 -0.5184
vn -0.9616 -0.2313 -0.1476
vn -0.9884 -0.0000 -0.1517
vn -0.9449 -0.2313 0.2316
vn -0.9712 -0.0000 0.2381
vn -0.7843 -0.2313 0.5756
vn -0.8062 -0.0000 0.5916
vn -0.5044 -0.2313 0.8319
vn -0.5184 -0.0000 0.8551
vn -0.1476 -0.2313 0.9616
vn -0.1517 -0.0000 0.9884
vn 0.2316 -0.2313 0.9449
vn 0.2381 -0.0000 0.9712
vn 0.5756 -0.2313 0.7843
vn 0.5916 -0.0000 0.8062
vn 0.0019 -1.0000 -0.0031
vn 0.1485 -0.2068 -0.9671
vn 0.1483 -0.2098 -0.9664
vn 0.0006 -1.0000 -0.0036
vn 0.5117 -0.1601 -0.8441
vn 0.5176 -0.0584 -0.8537
vn -0.8260 0.5493 -0.1268
vn -0.8116 0.5493 0.1989
vn -0.6737 0.5493 0.4944
vn -0.4332 0.5495 0.7144
vn -0.1268 0.5495 0.8258
vn 0.1989 0.5493 0.8116
vn 0.4944 0.5493 0.6737
vn 0.7146 0.5493 0.4332
vn 0.8260 0.5493 0.1268
vn 0.8116 0.5493 -0.1989
vn 0.6737 0.5493 -0.4944
vn 0.4332 0.5493 -0.7146
vn 0.1268 0.5493 -0.8260
vn -0.1989 0.5493 -0.8116
vn -0.4944 0.5493 -0.6737
vn -0.7146 0.5493 -0.4332
vn -0.9199 0.3659 -0.1412
vn -0.9039 0.3659 0.2216
vn -0.7503 0.3659 0.5506
vn -0.4825 0.3660 0.7958
vn -0.1412 0.3660 0.9198
vn 0.2216 0.3659 0.9039
vn 0.5506 0.3659 0.7503
vn 0.7958 0.3659 0.4825
vn 0.9199 0.3659 0.1412
vn 0.9039 0.3659 -0.2216
vn 0.7503 0.3659 -0.5506
vn 0.4825 0.3659 -0.7958
vn 0.1412 0.3659 -0.9199
vn -0.2216 0.3659 -0.9039
vn -0.5506 0.3659 -0.7503
vn -0.7958 0.3659 -0.4825
vn 0.9714 -0.1847 0.1491
vn 0.9773 -0.1494 0.1500
vn 0.9814 -0.1192 0.1506
vn -0.9850 0.0835 -0.1512
vn 0.9545 -0.1847 -0.2340
vn 0.9604 -0.1494 -0.2354
vn 0.9643 -0.1192 -0.2363
vn -0.9678 0.0835 0.2373
vn 0.7923 -0.1847 -0.5815
vn 0.7972 -0.1494 -0.5850
vn 0.8004 -0.1192 -0.5875
vn -0.8034 0.0835 0.5895
vn 0.5094 -0.1848 -0.8404
vn 0.5132 -0.1495 -0.8452
vn 0.5169 -0.1193 -0.8477
vn -0.5157 0.0836 0.8527
vn 0.1490 -0.1848 -0.9714
vn 0.1507 -0.1495 -0.9772
vn 0.1534 -0.1193 -0.9809
vn -0.1501 0.0836 0.9851
vn -0.2340 -0.1847 -0.9545
vn -0.2354 -0.1494 -0.9603
vn -0.2363 -0.1192 -0.9643
vn 0.2373 0.0835 0.9678
vn -0.5814 -0.1847 -0.7923
vn -0.5850 -0.1494 -0.7972
vn -0.5875 -0.1192 -0.8004
vn 0.5896 0.0835 0.8034
vn -0.8404 -0.1847 -0.5095
vn -0.8455 -0.1494 -0.5126
vn -0.8490 -0.1192 -0.5148
vn 0.8521 0.0835 0.5166
vn -0.9714 -0.1847 -0.1491
vn -0.9773 -0.1494 -0.1500
vn -0.9814 -0.1192 -0.1507
vn 0.9850 0.0835 0.1512
vn -0.9545 -0.1847 0.2340
vn -0.9603 -0.1494 0.2354
vn -0.9643 -0.1192 0.2365
vn 0.9679 0.0835 -0.2372
vn -0.7923 -0.1847 0.5814
vn -0.7972 -0.1494 0.5850
vn -0.8005 -0.1192 0.5873
vn 0.8034 0.0835 -0.5896
vn -0.5095 -0.1847 0.8404
vn -0.5126 -0.1494 0.8455
vn -0.5148 -0.1192 0.8490
vn 0.5166 0.0835 -0.8521
vn -0.1491 -0.1847 0.9714
vn -0.1500 -0.1494 0.9773
vn -0.1506 -0.1192 0.9814
vn 0.1512 0.0835 -0.9850
vn 0.2340 -0.1847 0.9545
vn 0.2354 -0.1494 0.9603
vn 0.2363 -0.1192 0.9643
vn -0.2373 0.0835 -0.9678
vn 0.5814 -0.1847 0.7923
vn 0.5850 -0.1494 0.7972
vn 0.5873 -0.1192 0.8005
vn -0.5896 0.0835 -0.8034
vn 0.8404 -0.1847 0.5095
vn 0.8455 -0.1494 0.5126
vn 0.8491 -0.1192 0.5147
vn -0.8521 0.0835 -0.5166
vn -0.8361 0.2098 -0.5069
vn -0.9664 0.2098 -0.1484
vn -0.9496 0.2098 0.2328
vn -0.7883 0.2098 0.5785
vn -0.5079 0.2098 0.8355
vn -0.1495 0.2098 0.9663
vn 0.2328 0.2098 0.9496
vn 0.5785 0.2098 0.7883
vn 0.8361 0.2098 0.5069
vn 0.9664 0.2098 0.1484
vn 0.9496 0.2098 -0.2328
vn 0.7883 0.2098 -0.5785
vn 0.5069 0.2098 -0.8361
vn 0.1484 0.2098 -0.9664
vn -0.2328 0.2098 -0.9496
vn -0.5785 0.2098 -0.7883
vn -0.8478 0.1308 -0.5140
vn -0.8518 0.0885 -0.5164
vn -0.5865 0.1308 -0.7993
vn -0.5893 0.0885 -0.8030
vn -0.2360 0.1308 -0.9629
vn -0.2371 0.0885 -0.9674
vn 0.1504 0.1308 -0.9799
vn 0.1511 0.0885 -0.9845
vn 0.5140 0.1308 -0.8478
vn 0.5164 0.0885 -0.8518
vn 0.7993 0.1308 -0.5866
vn 0.8030 0.0885 -0.5893
vn 0.9629 0.1308 -0.2360
vn 0.9674 0.0885 -0.2371
vn 0.9799 0.1308 0.1504
vn 0.9845 0.0885 0.1511
vn 0.8478 0.1308 0.5140
vn 0.8518 0.0885 0.5164
vn 0.5865 0.1308 0.7993
vn 0.5893 0.0885 0.8031
vn 0.2360 0.1308 0.9629
vn 0.2371 0.0885 0.9674
vn -0.1503 0.1306 0.9800
vn -0.1519 0.0884 0.9844
vn -0.5139 0.1306 0.8479
vn -0.5170 0.0884 0.8514
vn -0.7993 0.1308 0.5865
vn -0.8030 0.0885 0.5893
vn -0.9629 0.1308 0.2360
vn -0.9674 0.0885 0.2371
vn -0.9799 0.1308 -0.1504
vn -0.9845 0.0885 -0.1511
vn -0.9867 0.0584 -0.1515
vn -0.8537 0.0584 -0.5176
vn -0.9696 0.0584 0.2377
vn -0.8048 0.0584 0.5906
vn -0.5188 0.0584 0.8529
vn -0.1530 0.0584 0.9865
vn 0.2377 0.0584 0.9696
vn 0.5906 0.0584 0.8048
vn 0.8537 0.0584 0.5175
vn 0.9867 0.0584 0.1515
vn 0.9696 0.0584 -0.2377
vn 0.8048 0.0584 -0.5906
vn 0.5176 0.0584 -0.8537
vn 0.1515 0.0584 -0.9867
vn -0.2377 0.0584 -0.9696
vn -0.5906 0.0584 -0.8048
vn -0.9670 0.2073 -0.1484
vn -0.9515 0.2709 -0.1461
vn -0.9319 0.3333 -0.1431
vn -0.9502 0.2073 0.2329
vn -0.9349 0.2709 0.2292
vn -0.9157 0.3333 0.2245
vn -0.7887 0.2073 0.5788
vn -0.7761 0.2709 0.5695
vn -0.7601 0.3333 0.5578
vn -0.5067 0.2070 0.8369
vn -0.4990 0.2706 0.8233
vn -0.4891 0.3330 0.8062
vn -0.1478 0.2070 0.9671
vn -0.1459 0.2706 0.9516
vn -0.1433 0.3330 0.9320
vn 0.2329 0.2073 0.9502
vn 0.2292 0.2709 0.9349
vn 0.2245 0.3333 0.9157
vn 0.5788 0.2073 0.7887
vn 0.5695 0.2709 0.7761
vn 0.5578 0.3333 0.7601
vn 0.8365 0.2073 0.5072
vn 0.8232 0.2709 0.4991
vn 0.8062 0.3333 0.4888
vn 0.9670 0.2073 0.1484
vn 0.9515 0.2709 0.1461
vn 0.9319 0.3333 0.1431
vn 0.9502 0.2073 -0.2329
vn 0.9349 0.2709 -0.2292
vn 0.9157 0.3333 -0.2245
vn 0.7887 0.2073 -0.5788
vn 0.7761 0.2709 -0.5695
vn 0.7601 0.3333 -0.5578
vn 0.5072 0.2073 -0.8365
vn 0.4991 0.2709 -0.8231
vn 0.4888 0.3333 -0.8062
vn 0.1484 0.2073 -0.9670
vn 0.1461 0.2709 -0.9515
vn 0.1431 0.3333 -0.9319
vn -0.2329 0.2073 -0.9502
vn -0.2292 0.2709 -0.9349
vn -0.2245 0.3333 -0.9157
vn -0.5788 0.2073 -0.7887
vn -0.5695 0.2709 -0.7761
vn -0.5578 0.3333 -0.7601
vn -0.8365 0.2073 -0.5072
vn -0.8232 0.2709 -0.4991
vn -0.8062 0.3333 -0.4888
vn -0.8440 0.1604 -0.5117
vn -0.9756 0.1604 -0.1498
vn -0.9587 0.1604 0.2350
vn -0.7958 0.1604 0.5840
vn -0.5123 0.1602 0.8437
vn -0.1504 0.1602 0.9756
vn 0.2350 0.1604 0.9587
vn 0.5840 0.1604 0.7958
vn 0.8440 0.1604 0.5117
vn 0.9756 0.1604 0.1498
vn 0.9587 0.1604 -0.2350
vn 0.7958 0.1604 -0.5840
vn 0.5117 0.1604 -0.8440
vn 0.1498 0.1604 -0.9756
vn -0.2350 0.1604 -0.9587
vn -0.5840 0.1604 -0.7958
vn -0.9021 0.4087 -0.1385
vn -0.8824 0.4506 -0.1355
vn -0.8608 0.4915 -0.1321
vn -0.8864 0.4087 0.2173
vn -0.8671 0.4506 0.2125
vn -0.8459 0.4915 0.2073
vn -0.7358 0.4087 0.5400
vn -0.7197 0.4506 0.5282
vn -0.7021 0.4915 0.5152
vn -0.4731 0.4084 0.7806
vn -0.4629 0.4503 0.7635
vn -0.4517 0.4912 0.7448
vn -0.1384 0.4084 0.9022
vn -0.1355 0.4503 0.8825
vn -0.1323 0.4912 0.8610
vn 0.2173 0.4087 0.8864
vn 0.2125 0.4506 0.8671
vn 0.2073 0.4915 0.8459
vn 0.5400 0.4087 0.7358
vn 0.5282 0.4506 0.7197
vn 0.5152 0.4915 0.7021
vn 0.7804 0.4087 0.4732
vn 0.7634 0.4506 0.4628
vn 0.7447 0.4915 0.4515
vn 0.9021 0.4087 0.1385
vn 0.8824 0.4506 0.1355
vn 0.8608 0.4915 0.1321
vn 0.8864 0.4087 -0.2173
vn 0.8671 0.4506 -0.2125
vn 0.8459 0.4915 -0.2073
vn 0.7358 0.4087 -0.5400
vn 0.7197 0.4506 -0.5282
vn 0.7021 0.4915 -0.5152
vn 0.4732 0.4087 -0.7804
vn 0.4628 0.4506 -0.7634
vn 0.4515 0.4915 -0.7447
vn 0.1385 0.4087 -0.9021
vn 0.1355 0.4506 -0.8824
vn 0.1321 0.4915 -0.8608
vn -0.2173 0.4087 -0.8864
vn -0.2125 0.4506 -0.8671
vn -0.2073 0.4915 -0.8459
vn -0.5400 0.4087 -0.7358
vn -0.5282 0.4506 -0.7197
vn -0.5152 0.4915 -0.7021
vn -0.7804 0.4087 -0.4732
vn -0.7634 0.4506 -0.4628
vn -0.7447 0.4915 -0.4515
vn -0.7918 0.3776 -0.4801
vn -0.9153 0.3776 -0.1405
vn -0.8994 0.3776 0.2205
vn -0.7465 0.3776 0.5478
vn -0.4800 0.3773 0.7920
vn -0.1403 0.3773 0.9154
vn 0.2204 0.3776 0.8994
vn 0.5478 0.3776 0.7465
vn 0.7918 0.3776 0.4801
vn 0.9153 0.3776 0.1405
vn 0.8994 0.3776 -0.2204
vn 0.7465 0.3776 -0.5478
vn 0.4801 0.3776 -0.7918
vn 0.1405 0.3776 -0.9153
vn -0.2205 0.3776 -0.8994
vn -0.5478 0.3776 -0.7465
vn -0.7847 0.6081 -0.1205
vn -0.6872 0.7188 -0.1055
vn -0.5748 0.8135 -0.0882
vn -0.7711 0.6081 0.1890
vn -0.6753 0.7188 0.1655
vn -0.5648 0.8135 0.1385
vn -0.6400 0.6081 0.4697
vn -0.5605 0.7188 0.4113
vn -0.4689 0.8135 0.3441
vn -0.4117 0.6073 0.6795
vn -0.3610 0.7180 0.5951
vn -0.3023 0.8129 0.4978
vn -0.1203 0.6073 0.7853
vn -0.1058 0.7180 0.6879
vn -0.0888 0.8129 0.5756
vn 0.1890 0.6081 0.7711
vn 0.1655 0.7188 0.6753
vn 0.1385 0.8135 0.5648
vn 0.4697 0.6081 0.6400
vn 0.4113 0.7188 0.5605
vn 0.3441 0.8135 0.4689
vn 0.6789 0.6081 0.4116
vn 0.5945 0.7188 0.3604
vn 0.4973 0.8135 0.3015
vn 0.7847 0.6081 0.1205
vn 0.6872 0.7188 0.1055
vn 0.5748 0.8135 0.0882
vn 0.7711 0.6081 -0.1890
vn 0.6753 0.7188 -0.1655
vn 0.5648 0.8135 -0.1385
vn 0.6400 0.6081 -0.4697
vn 0.5605 0.7188 -0.4113
vn 0.4689 0.8135 -0.3441
vn 0.4116 0.6081 -0.6789
vn 0.3604 0.7188 -0.5945
vn 0.3015 0.8135 -0.4973
vn 0.1205 0.6081 -0.7847
vn 0.1055 0.7188 -0.6872
vn 0.0882 0.8135 -0.5748
vn -0.1890 0.6081 -0.7711
vn -0.1655 0.7188 -0.6753
vn -0.1385 0.8135 -0.5648
vn -0.4697 0.6081 -0.6400
vn -0.4113 0.7188 -0.5605
vn -0.3441 0.8135 -0.4689
vn -0.6789 0.6081 -0.4116
vn -0.5945 0.7188 -0.3604
vn -0.4973 0.8135 -0.3015
vn -0.4231 0.8690 -0.2565
vn -0.7299 0.5209 -0.4425
vn -0.4890 0.8690 -0.0751
vn -0.8437 0.5209 -0.1295
vn -0.8291 0.5209 0.2032
vn -0.4805 0.8690 0.1178
vn -0.6882 0.5209 0.5050
vn -0.3989 0.8690 0.2927
vn -0.4431 0.5204 0.7299
vn -0.2562 0.8690 0.4234
vn -0.1301 0.5204 0.8439
vn -0.0746 0.8690 0.4892
vn 0.2032 0.5209 0.8291
vn 0.1178 0.8690 0.4805
vn 0.5050 0.5209 0.6882
vn 0.2927 0.8690 0.3989
vn 0.7299 0.5209 0.4425
vn 0.4231 0.8690 0.2565
vn 0.8437 0.5209 0.1295
vn 0.4890 0.8690 0.0751
vn 0.8291 0.5209 -0.2032
vn 0.4805 0.8690 -0.1178
vn 0.6882 0.5209 -0.5050
vn 0.3989 0.8690 -0.2927
vn 0.4425 0.5209 -0.7299
vn 0.2565 0.8690 -0.4231
vn 0.1295 0.5209 -0.8437
vn 0.0751 0.8690 -0.4890
vn -0.2032 0.5209 -0.8291
vn -0.1178 0.8690 -0.4805
vn -0.5050 0.5209 -0.6882
vn -0.2927 0.8690 -0.3989
vn -0.5900 0.8023 -0.0906
vn -0.6806 0.7252 -0.1045
vn -0.5797 0.8023 0.1421
vn -0.6688 0.7252 0.1639
vn -0.4812 0.8023 0.3531
vn -0.5551 0.7252 0.4074
vn -0.3093 0.8026 0.5101
vn -0.3567 0.7255 0.5885
vn -0.0905 0.8026 0.5896
vn -0.1044 0.7255 0.6802
vn 0.1421 0.8023 0.5797
vn 0.1639 0.7252 0.6688
vn 0.3531 0.8023 0.4812
vn 0.4074 0.7252 0.5551
vn 0.5104 0.8023 0.3095
vn 0.5888 0.7252 0.3570
vn 0.5900 0.8023 0.0906
vn 0.6806 0.7252 0.1045
vn 0.5797 0.8023 -0.1421
vn 0.6688 0.7252 -0.1639
vn 0.4812 0.8023 -0.3531
vn 0.5551 0.7252 -0.4074
vn 0.3095 0.8023 -0.5104
vn 0.3570 0.7252 -0.5888
vn 0.0906 0.8023 -0.5900
vn 0.1045 0.7252 -0.6806
vn -0.1421 0.8023 -0.5797
vn -0.1639 0.7252 -0.6688
vn -0.3531 0.8023 -0.4812
vn -0.4074 0.7252 -0.5551
vn -0.5104 0.8023 -0.3095
vn -0.5888 0.7252 -0.3570
vn -0.4507 0.8498 -0.2732
vn -0.7383 0.6649 -0.1133
vn -0.5209 0.8498 -0.0800
vn -0.6387 0.6649 -0.3872
vn -0.5119 0.8498 0.1255
vn -0.7255 0.6649 0.1778
vn -0.4249 0.8498 0.3118
vn -0.6022 0.6649 0.4419
vn -0.2731 0.8499 0.4506
vn -0.3870 0.6653 0.6384
vn -0.0799 0.8499 0.5208
vn -0.1133 0.6653 0.7379
vn 0.1255 0.8498 0.5119
vn 0.1778 0.6649 0.7255
vn 0.3118 0.8498 0.4249
vn 0.4419 0.6649 0.6022
vn 0.4507 0.8498 0.2732
vn 0.6387 0.6649 0.3872
vn 0.5209 0.8498 0.0800
vn 0.7383 0.6649 0.1133
vn 0.5119 0.8498 -0.1255
vn 0.7255 0.6649 -0.1778
vn 0.4249 0.8498 -0.3118
vn 0.6022 0.6649 -0.4419
vn 0.2732 0.8498 -0.4507
vn 0.3872 0.6649 -0.6387
vn 0.0800 0.8498 -0.5209
vn 0.1133 0.6649 -0.7383
vn -0.1255 0.8498 -0.5119
vn -0.1778 0.6649 -0.7255
vn -0.3118 0.8498 -0.4249
vn -0.4419 0.6649 -0.6022
vn -0.7649 0.4472 -0.4637
vn -0.5292 0.4472 -0.7211
vn -0.2129 0.4472 -0.8687
vn 0.1357 0.4472 -0.8841
vn 0.4637 0.4472 -0.7649
vn 0.7211 0.4471 -0.5292
vn 0.8687 0.4472 -0.2129
vn 0.8841 0.4471 0.1357
vn 0.7649 0.4472 0.4637
vn 0.5292 0.4472 0.7211
vn 0.2129 0.4471 0.8687
vn -0.1357 0.4473 0.8840
vn -0.4637 0.4473 0.7648
vn -0.7211 0.4471 0.5292
vn -0.8687 0.4471 0.2129
vn -0.8841 0.4472 -0.1357
vn -0.9750 0.1641 -0.1497
vn -0.9861 0.0679 -0.1514
vn -0.9581 0.1641 0.2348
vn -0.9690 0.0679 0.2375
vn -0.7953 0.1641 0.5836
vn -0.8043 0.0679 0.5903
vn -0.5114 0.1643 0.8435
vn -0.5172 0.0680 0.8531
vn -0.1497 0.1643 0.9750
vn -0.1514 0.0680 0.9861
vn 0.2348 0.1641 0.9581
vn 0.2375 0.0679 0.9690
vn 0.5836 0.1641 0.7953
vn 0.5903 0.0679 0.8043
vn 0.8435 0.1641 0.5114
vn 0.8531 0.0679 0.5172
vn 0.9750 0.1641 0.1497
vn 0.9861 0.0679 0.1514
vn 0.9581 0.1641 -0.2348
vn 0.9690 0.0679 -0.2375
vn 0.7953 0.1641 -0.5836
vn 0.8043 0.0679 -0.5903
vn 0.5114 0.1641 -0.8435
vn 0.5172 0.0679 -0.8531
vn 0.1497 0.1641 -0.9750
vn 0.1514 0.0679 -0.9861
vn -0.2348 0.1641 -0.9581
vn -0.2375 0.0679 -0.9690
vn -0.5836 0.1641 -0.7953
vn -0.5903 0.0679 -0.8043
vn -0.8435 0.1641 -0.5114
vn -0.8531 0.0679 -0.5172
vn -0.8321 0.2306 -0.5045
vn -0.9618 0.2306 -0.1476
vn -0.9451 0.2306 0.2317
vn -0.7845 0.2306 0.5757
vn -0.5045 0.2309 0.8320
vn -0.1477 0.2309 0.9617
vn 0.2317 0.2306 0.9451
vn 0.5757 0.2306 0.7845
vn 0.8321 0.2306 0.5045
vn 0.9618 0.2306 0.1476
vn 0.9451 0.2306 -0.2317
vn 0.7845 0.2306 -0.5757
vn 0.5045 0.2306 -0.8321
vn 0.1476 0.2306 -0.9618
vn -0.2317 0.2306 -0.9451
vn -0.5757 0.2306 -0.7845
vn -0.1476 0.2309 0.9617
vn -0.0800 0.8499 0.5208
vn -0.1045 0.7255 0.6802
vn -0.0755 0.8690 0.4891
vn -0.1290 0.5204 0.8441
vn -0.0880 0.8129 0.5757
vn -0.1054 0.7180 0.6880
vn -0.1208 0.6073 0.7853
vn -0.1407 0.3773 0.9153
vn -0.1320 0.4912 0.8610
vn -0.1354 0.4503 0.8826
vn -0.1386 0.4084 0.9022
vn -0.1491 0.1602 0.9757
vn -0.1428 0.3330 0.9321
vn -0.1462 0.2706 0.9515
vn -0.1491 0.2070 0.9669
vn -0.1500 0.0584 0.9870
vn -0.1504 0.0884 0.9847
vn -0.1506 0.1306 0.9799
vn -0.1472 0.2098 0.9666
vn -0.1522 0.0836 0.9848
vn 0.1482 -0.1193 -0.9817
vn 0.1494 -0.1495 -0.9774
vn 0.1492 -0.1848 -0.9714
vn -0.1267 0.5495 0.8258
vn -0.5044 0.2309 0.8320
vn -0.4636 0.4473 0.7648
vn -0.3871 0.6653 0.6384
vn -0.2732 0.8499 0.4505
vn -0.3568 0.7255 0.5884
vn -0.3092 0.8026 0.5101
vn -0.2570 0.8690 0.4229
vn -0.4422 0.5204 0.7305
vn -0.3016 0.8129 0.4982
vn -0.3607 0.7180 0.5953
vn -0.4121 0.6073 0.6792
vn -0.4803 0.3773 0.7918
vn -0.4515 0.4912 0.7449
vn -0.4733 0.4084 0.7805
vn -0.5112 0.1602 0.8444
vn -0.4886 0.3330 0.8065
vn -0.4992 0.2706 0.8231
vn -0.5078 0.2070 0.8363
vn -0.5163 0.0584 0.8544
vn -0.5158 0.0884 0.8521
vn -0.5141 0.1306 0.8477
vn -0.5059 0.2098 0.8367
vn -0.5175 0.0836 0.8516
vn 0.5123 -0.1193 -0.8504
vn 0.5120 -0.1495 -0.8459
vn 0.5096 -0.1848 -0.8403
vn -0.4331 0.5495 0.7145
vn -0.0291 0.9815 0.1893
vn -0.0832 0.8364 0.5418
vn -0.1254 0.5630 0.8169
vn -0.1487 0.1988 0.9687
vn 0.5081 0.1988 -0.8381
vn 0.4285 0.5630 -0.7067
vn 0.2842 0.8364 -0.4687
vn 0.0993 0.9815 -0.1637
vn -0.2333 0.1988 -0.9519
vn -0.1968 0.5630 -0.8027
vn -0.1305 0.8364 -0.5324
vn -0.0456 0.9815 -0.1860
vn 0.1133 0.9815 0.1544
vn 0.3243 0.8364 0.4419
vn 0.4889 0.5630 0.6663
vn 0.5798 0.1988 0.7901
vn -0.8381 0.1988 -0.5081
vn -0.7067 0.5630 -0.4285
vn -0.4687 0.8364 -0.2842
vn -0.1637 0.9815 -0.0993
vn -0.9519 0.1988 0.2333
vn -0.8027 0.5630 0.1967
vn -0.5324 0.8364 0.1305
vn -0.1860 0.9815 0.0456
vn 0.1544 0.9815 -0.1133
vn 0.4419 0.8364 -0.3243
vn 0.6663 0.5630 -0.4889
vn 0.7901 0.1988 -0.5798
vn -0.5081 0.1988 0.8381
vn -0.4285 0.5630 0.7067
vn -0.2842 0.8364 0.4687
vn -0.0993 0.9815 0.1637
vn 0.0291 0.9815 -0.1893
vn 0.0832 0.8364 -0.5418
vn 0.1254 0.5630 -0.8169
vn 0.1487 0.1988 -0.9687
vn 0.2333 0.1988 0.9519
vn 0.1968 0.5630 0.8027
vn 0.1305 0.8364 0.5324
vn 0.0456 0.9815 0.1860
vn -0.1133 0.9815 -0.1544
vn -0.3243 0.8364 -0.4419
vn -0.4889 0.5630 -0.6663
vn -0.5798 0.1988 -0.7901
vn 0.8381 0.1988 0.5081
vn 0.7067 0.5630 0.4285
vn 0.4687 0.8364 0.2842
vn 0.1637 0.9815 0.0993
vn -0.1893 0.9815 -0.0291
vn -0.5418 0.8364 -0.0832
vn -0.8169 0.5630 -0.1254
vn -0.9687 0.1988 -0.1487
vn 0.9519 0.1988 -0.2333
vn 0.8027 0.5630 -0.1968
vn 0.5324 0.8364 -0.1305
vn 0.1860 0.9815 -0.0456
vn -0.1544 0.9815 0.1133
vn -0.4419 0.8364 0.3243
vn -0.6663 0.5630 0.4889
vn -0.7901 0.1988 0.5798
vn 0.1893 0.9815 0.0291
vn 0.5418 0.8364 0.0832
vn 0.8169 0.5630 0.1254
vn 0.9687 0.1988 0.1487
vn 0.5172 -0.0681 -0.8531
vn 0.1514 -0.0681 -0.9861
vn 0.8531 -0.0681 0.5172
vn 0.5903 -0.0681 0.8043
vn 0.2375 -0.0681 0.9690
vn -0.1514 -0.0681 0.9861
vn -0.5172 -0.0681 0.8531
vn -0.8043 -0.0681 0.5903
vn -0.9690 -0.0681 0.2375
vn -0.9861 -0.0681 -0.1514
vn -0.8531 -0.0681 -0.5172
vn -0.5903 -0.0681 -0.8043
vn -0.2375 -0.0681 -0.9690
vn 0.8043 -0.0681 -0.5903
vn 0.9690 -0.0681 -0.2375
vn 0.9861 -0.0681 0.1514
vn -0.5172 -0.0682 0.8531
vn 0.5902 -0.0681 0.8043
vn -0.0041 1.0000 -0.0006
vn -0.0007 -1.0000 0.0045
vn 0.0030 1.0000 -0.0022
vn -0.0024 -1.0000 0.0039
vn -0.0009 1.0000 -0.0036
vn -0.0036 -1.0000 0.0026
vn 0.0011 1.0000 0.0043
vn -0.0034 -1.0000 -0.0021
vn -0.0042 -1.0000 0.0010
vn -0.0023 -1.0000 -0.0031
vn 0.0039 1.0000 0.0006
vn -0.0041 -1.0000 -0.0006
vn -0.0009 -1.0000 -0.0036
vn -0.0042 1.0000 0.0010
vn 0.0019 1.0000 -0.0031
vn 0.8830 -0.4494 0.1355
vn 0.8677 -0.4494 -0.2127
vn 0.7202 -0.4494 -0.5285
vn 0.4631 -0.4494 -0.7639
vn 0.1355 -0.4494 -0.8830
vn -0.2127 -0.4494 -0.8677
vn -0.5285 -0.4494 -0.7202
vn -0.7639 -0.4494 -0.4631
vn -0.8830 -0.4494 -0.1355
vn -0.8677 -0.4494 0.2127
vn -0.7202 -0.4494 0.5285
vn -0.4631 -0.4494 0.7639
vn -0.1355 -0.4494 0.8830
vn 0.2127 -0.4494 0.8677
vn 0.5285 -0.4494 0.7202
vn 0.7639 -0.4494 0.4631
vn 0.9465 -0.2880 0.1453
vn 0.9301 -0.2880 -0.2280
vn 0.7720 -0.2880 -0.5666
vn 0.4965 -0.2880 -0.8189
vn 0.1453 -0.2880 -0.9465
vn -0.2280 -0.2880 -0.9301
vn -0.5666 -0.2880 -0.7720
vn -0.8189 -0.2880 -0.4965
vn -0.9465 -0.2880 -0.1453
vn -0.9301 -0.2880 0.2280
vn -0.7720 -0.2880 0.5666
vn -0.4965 -0.2880 0.8189
vn -0.1453 -0.2880 0.9465
vn 0.2280 -0.2880 0.9301
vn 0.5666 -0.2880 0.7720
vn 0.8189 -0.2880 0.4965
vn 0.9784 -0.1424 0.1502
vn 0.9819 -0.1148 0.1507
vn 0.9843 -0.0915 0.1511
vn 0.9864 -0.0640 0.1514
vn 0.9613 -0.1424 -0.2357
vn 0.9648 -0.1148 -0.2365
vn 0.9672 -0.0915 -0.2371
vn 0.9693 -0.0640 -0.2376
vn 0.7980 -0.1424 -0.5856
vn 0.8009 -0.1148 -0.5877
vn 0.8028 -0.0915 -0.5891
vn 0.8046 -0.0640 -0.5904
vn 0.5131 -0.1424 -0.8464
vn 0.5150 -0.1149 -0.8495
vn 0.5163 -0.0915 -0.8515
vn 0.5174 -0.0640 -0.8534
vn 0.1502 -0.1424 -0.9784
vn 0.1507 -0.1148 -0.9819
vn 0.1511 -0.0915 -0.9843
vn 0.1514 -0.0640 -0.9864
vn -0.2356 -0.1424 -0.9614
vn -0.2365 -0.1149 -0.9648
vn -0.2371 -0.0915 -0.9672
vn -0.2376 -0.0640 -0.9693
vn -0.5856 -0.1424 -0.7980
vn -0.5877 -0.1148 -0.8009
vn -0.5892 -0.0915 -0.8028
vn -0.5904 -0.0640 -0.8046
vn -0.8464 -0.1424 -0.5132
vn -0.8495 -0.1148 -0.5150
vn -0.8515 -0.0915 -0.5163
vn -0.8534 -0.0640 -0.5174
vn -0.9784 -0.1424 -0.1502
vn -0.9819 -0.1148 -0.1507
vn -0.9843 -0.0915 -0.1511
vn -0.9864 -0.0640 -0.1514
vn -0.9614 -0.1424 0.2356
vn -0.9648 -0.1149 0.2365
vn -0.9672 -0.0915 0.2371
vn -0.9693 -0.0640 0.2376
vn -0.7980 -0.1424 0.5856
vn -0.8009 -0.1149 0.5877
vn -0.8028 -0.0915 0.5891
vn -0.8046 -0.0640 0.5904
vn -0.5131 -0.1424 0.8464
vn -0.5150 -0.1149 0.8495
vn -0.5163 -0.0915 0.8515
vn -0.5174 -0.0640 0.8534
vn -0.1502 -0.1424 0.9783
vn -0.1507 -0.1148 0.9819
vn -0.1511 -0.0915 0.9843
vn -0.1514 -0.0640 0.9864
vn 0.2357 -0.1424 0.9613
vn 0.2365 -0.1148 0.9648
vn 0.2371 -0.0915 0.9672
vn 0.2376 -0.0640 0.9693
vn 0.5856 -0.1424 0.7980
vn 0.5877 -0.1148 0.8009
vn 0.5891 -0.0915 0.8028
vn 0.5904 -0.0640 0.8046
vn 0.8464 -0.1424 0.5132
vn 0.8495 -0.1148 0.5150
vn 0.8515 -0.0915 0.5162
vn 0.8534 -0.0640 0.5174
vn 0.8438 -0.1618 0.5116
vn 0.9754 -0.1618 0.1497
vn 0.9584 -0.1618 -0.2350
vn 0.7956 -0.1618 -0.5838
vn 0.5116 -0.1618 -0.8439
vn 0.1497 -0.1618 -0.9754
vn -0.2349 -0.1618 -0.9584
vn -0.5838 -0.1618 -0.7956
vn -0.8439 -0.1618 -0.5116
vn -0.9754 -0.1618 -0.1497
vn -0.9584 -0.1618 0.2349
vn -0.7956 -0.1618 0.5838
vn -0.5116 -0.1618 0.8439
vn -0.1498 -0.1618 0.9754
vn 0.2350 -0.1618 0.9584
vn 0.5838 -0.1618 0.7956
vn 0.8508 -0.1001 0.5158
vn 0.8532 -0.0676 0.5173
vn 0.5887 -0.1000 0.8022
vn 0.5903 -0.0676 0.8044
vn 0.2369 -0.1001 0.9664
vn 0.2375 -0.0676 0.9690
vn -0.1510 -0.1000 0.9835
vn -0.1514 -0.0676 0.9862
vn -0.5158 -0.1000 0.8508
vn -0.5173 -0.0676 0.8532
vn -0.8022 -0.1001 0.5887
vn -0.8044 -0.0676 0.5903
vn -0.9664 -0.1001 0.2369
vn -0.9690 -0.0676 0.2375
vn -0.9835 -0.1000 -0.1510
vn -0.9862 -0.0676 -0.1514
vn -0.8508 -0.1001 -0.5158
vn -0.8532 -0.0676 -0.5172
vn -0.5887 -0.1000 -0.8022
vn -0.5903 -0.0676 -0.8044
vn -0.2369 -0.1001 -0.9664
vn -0.2375 -0.0676 -0.9690
vn 0.1510 -0.1000 -0.9835
vn 0.1514 -0.0676 -0.9862
vn 0.5158 -0.1001 -0.8508
vn 0.5173 -0.0676 -0.8532
vn 0.8022 -0.1000 -0.5887
vn 0.8044 -0.0676 -0.5903
vn 0.9664 -0.1001 -0.2369
vn 0.9690 -0.0676 -0.2375
vn 0.9835 -0.1000 0.1510
vn 0.9862 -0.0676 0.1514
vn 0.9874 -0.0447 0.1516
vn 0.8543 -0.0447 0.5179
vn 0.9703 -0.0447 -0.2378
vn 0.8054 -0.0447 -0.5910
vn 0.5179 -0.0447 -0.8543
vn 0.1516 -0.0447 -0.9874
vn -0.2378 -0.0447 -0.9703
vn -0.5910 -0.0447 -0.8054
vn -0.8543 -0.0447 -0.5179
vn -0.9874 -0.0447 -0.1516
vn -0.9703 -0.0447 0.2378
vn -0.8054 -0.0447 0.5910
vn -0.5179 -0.0447 0.8543
vn -0.1516 -0.0447 0.9874
vn 0.2379 -0.0447 0.9703
vn 0.5910 -0.0447 0.8054
vn 0.9758 -0.1595 0.1498
vn 0.9544 -0.2603 0.1465
vn 0.9588 -0.1595 -0.2350
vn 0.9378 -0.2603 -0.2299
vn 0.7959 -0.1595 -0.5841
vn 0.7784 -0.2603 -0.5712
vn 0.5118 -0.1595 -0.8442
vn 0.5006 -0.2603 -0.8256
vn 0.1498 -0.1595 -0.9758
vn 0.1465 -0.2603 -0.9544
vn -0.2350 -0.1595 -0.9588
vn -0.2299 -0.2603 -0.9378
vn -0.5841 -0.1595 -0.7959
vn -0.5712 -0.2603 -0.7784
vn -0.8442 -0.1595 -0.5118
vn -0.8256 -0.2603 -0.5006
vn -0.9758 -0.1595 -0.1498
vn -0.9544 -0.2603 -0.1465
vn -0.9588 -0.1595 0.2350
vn -0.9378 -0.2603 0.2299
vn -0.7959 -0.1595 0.5841
vn -0.7784 -0.2603 0.5712
vn -0.5118 -0.1595 0.8442
vn -0.5006 -0.2603 0.8256
vn -0.1498 -0.1595 0.9758
vn -0.1465 -0.2603 0.9544
vn 0.2350 -0.1595 0.9588
vn 0.2299 -0.2603 0.9378
vn 0.5841 -0.1595 0.7959
vn 0.5712 -0.2603 0.7784
vn 0.8442 -0.1595 0.5118
vn 0.8256 -0.2603 0.5006
vn 0.8486 -0.1230 0.5145
vn 0.9809 -0.1230 0.1506
vn 0.9639 -0.1230 -0.2363
vn 0.8001 -0.1230 -0.5871
vn 0.5145 -0.1230 -0.8486
vn 0.1506 -0.1230 -0.9809
vn -0.2363 -0.1230 -0.9639
vn -0.5871 -0.1230 -0.8001
vn -0.8486 -0.1230 -0.5145
vn -0.9809 -0.1230 -0.1506
vn -0.9639 -0.1230 0.2363
vn -0.8001 -0.1230 0.5871
vn -0.5145 -0.1230 0.8486
vn -0.1506 -0.1230 0.9809
vn 0.2363 -0.1230 0.9639
vn 0.5871 -0.1230 0.8001
vn 0.9353 -0.3233 0.1436
vn 0.9224 -0.3594 0.1416
vn 0.9078 -0.3955 0.1394
vn 0.9191 -0.3233 -0.2253
vn 0.9064 -0.3594 -0.2222
vn 0.8921 -0.3955 -0.2187
vn 0.7629 -0.3233 -0.5598
vn 0.7524 -0.3594 -0.5521
vn 0.7405 -0.3955 -0.5434
vn 0.4906 -0.3233 -0.8092
vn 0.4838 -0.3594 -0.7980
vn 0.4762 -0.3955 -0.7854
vn 0.1436 -0.3233 -0.9353
vn 0.1416 -0.3594 -0.9224
vn 0.1394 -0.3955 -0.9078
vn -0.2253 -0.3233 -0.9191
vn -0.2222 -0.3594 -0.9064
vn -0.2187 -0.3955 -0.8921
vn -0.5599 -0.3233 -0.7629
vn -0.5521 -0.3594 -0.7523
vn -0.5434 -0.3955 -0.7405
vn -0.8092 -0.3233 -0.4906
vn -0.7980 -0.3594 -0.4838
vn -0.7854 -0.3955 -0.4762
vn -0.9353 -0.3233 -0.1436
vn -0.9224 -0.3594 -0.1416
vn -0.9078 -0.3955 -0.1394
vn -0.9191 -0.3233 0.2253
vn -0.9064 -0.3594 0.2222
vn -0.8921 -0.3955 0.2187
vn -0.7629 -0.3233 0.5599
vn -0.7524 -0.3594 0.5521
vn -0.7405 -0.3955 0.5434
vn -0.4906 -0.3233 0.8092
vn -0.4838 -0.3594 0.7980
vn -0.4762 -0.3955 0.7854
vn -0.1436 -0.3233 0.9353
vn -0.1416 -0.3594 0.9224
vn -0.1394 -0.3955 0.9078
vn 0.2253 -0.3233 0.9191
vn 0.2222 -0.3594 0.9064
vn 0.2187 -0.3955 0.8921
vn 0.5598 -0.3233 0.7629
vn 0.5521 -0.3594 0.7523
vn 0.5434 -0.3955 0.7405
vn 0.8092 -0.3233 0.4906
vn 0.7980 -0.3594 0.4838
vn 0.7854 -0.3955 0.4762
vn 0.8165 -0.2971 0.4950
vn 0.9438 -0.2971 0.1449
vn 0.9274 -0.2971 -0.2273
vn 0.7698 -0.2971 -0.5649
vn 0.4950 -0.2971 -0.8165
vn 0.1449 -0.2971 -0.9438
vn -0.2273 -0.2971 -0.9274
vn -0.5649 -0.2971 -0.7698
vn -0.8165 -0.2971 -0.4950
vn -0.9438 -0.2971 -0.1449
vn -0.9274 -0.2971 0.2273
vn -0.7698 -0.2971 0.5649
vn -0.4950 -0.2971 0.8165
vn -0.1449 -0.2971 0.9438
vn 0.2273 -0.2971 0.9274
vn 0.5649 -0.2971 0.7698
vn 0.8539 -0.5037 0.1311
vn 0.7768 -0.6183 0.1193
vn 0.6768 -0.7288 0.1039
vn 0.8391 -0.5037 -0.2057
vn 0.7633 -0.6183 -0.1871
vn 0.6650 -0.7288 -0.1630
vn 0.6965 -0.5037 -0.5111
vn 0.6336 -0.6183 -0.4650
vn 0.5520 -0.7288 -0.4051
vn 0.4479 -0.5037 -0.7387
vn 0.4075 -0.6183 -0.6721
vn 0.3550 -0.7288 -0.5855
vn 0.1311 -0.5037 -0.8539
vn 0.1192 -0.6183 -0.7768
vn 0.1039 -0.7288 -0.6768
vn -0.2057 -0.5037 -0.8391
vn -0.1871 -0.6183 -0.7633
vn -0.1630 -0.7288 -0.6650
vn -0.5111 -0.5037 -0.6965
vn -0.4650 -0.6183 -0.6336
vn -0.4051 -0.7288 -0.5520
vn -0.7387 -0.5037 -0.4479
vn -0.6721 -0.6183 -0.4075
vn -0.5855 -0.7288 -0.3550
vn -0.8539 -0.5037 -0.1311
vn -0.7768 -0.6183 -0.1193
vn -0.6768 -0.7288 -0.1039
vn -0.8391 -0.5037 0.2057
vn -0.7633 -0.6183 0.1871
vn -0.6650 -0.7288 0.1630
vn -0.6965 -0.5037 0.5111
vn -0.6336 -0.6183 0.4650
vn -0.5520 -0.7288 0.4051
vn -0.4479 -0.5037 0.7387
vn -0.4075 -0.6183 0.6721
vn -0.3550 -0.7288 0.5855
vn -0.1311 -0.5037 0.8539
vn -0.1193 -0.6183 0.7768
vn -0.1039 -0.7288 0.6768
vn 0.2057 -0.5037 0.8390
vn 0.1871 -0.6183 0.7633
vn 0.1630 -0.7288 0.6650
vn 0.5111 -0.5037 0.6965
vn 0.4650 -0.6183 0.6336
vn 0.4051 -0.7288 0.5520
vn 0.7387 -0.5037 0.4479
vn 0.6721 -0.6183 0.4075
vn 0.5855 -0.7288 0.3550
vn 0.5111 -0.8017 0.3099
vn 0.7753 -0.4219 0.4700
vn 0.5908 -0.8017 0.0907
vn 0.8962 -0.4218 0.1376
vn 0.8806 -0.4218 -0.2159
vn 0.5805 -0.8017 -0.1423
vn 0.7310 -0.4218 -0.5364
vn 0.4819 -0.8017 -0.3536
vn 0.4700 -0.4219 -0.7753
vn 0.3099 -0.8017 -0.5111
vn 0.1376 -0.4218 -0.8962
vn 0.0907 -0.8017 -0.5908
vn -0.2159 -0.4218 -0.8806
vn -0.1423 -0.8017 -0.5805
vn -0.5364 -0.4218 -0.7310
vn -0.3536 -0.8017 -0.4819
vn -0.7753 -0.4218 -0.4700
vn -0.5111 -0.8017 -0.3099
vn -0.8962 -0.4218 -0.1376
vn -0.5908 -0.8017 -0.0907
vn -0.8806 -0.4218 0.2158
vn -0.5805 -0.8017 0.1423
vn -0.7310 -0.4218 0.5364
vn -0.4819 -0.8017 0.3536
vn -0.4700 -0.4218 0.7753
vn -0.3099 -0.8017 0.5111
vn -0.1376 -0.4218 0.8962
vn -0.0907 -0.8017 0.5908
vn 0.2159 -0.4218 0.8806
vn 0.1423 -0.8017 0.5805
vn 0.5364 -0.4218 0.7310
vn 0.3536 -0.8017 0.4819
vn 0.7693 -0.6278 0.1181
vn 0.7560 -0.6278 -0.1853
vn 0.5618 -0.7173 -0.4123
vn 0.6275 -0.6278 -0.4605
vn 0.3613 -0.7173 -0.5959
vn 0.4035 -0.6278 -0.6656
vn 0.1181 -0.6278 -0.7693
vn -0.1853 -0.6278 -0.7560
vn -0.4123 -0.7173 -0.5618
vn -0.4605 -0.6278 -0.6275
vn -0.5959 -0.7173 -0.3613
vn -0.6656 -0.6278 -0.4035
vn -0.7693 -0.6278 -0.1181
vn -0.7560 -0.6278 0.1853
vn -0.5618 -0.7173 0.4123
vn -0.6275 -0.6278 0.4605
vn -0.3613 -0.7173 0.5959
vn -0.4035 -0.6278 0.6656
vn -0.1181 -0.6278 0.7693
vn 0.1853 -0.6278 0.7560
vn 0.4123 -0.7173 0.5618
vn 0.4605 -0.6278 0.6275
vn 0.5959 -0.7173 0.3613
vn 0.6656 -0.6278 0.4035
vn 0.5386 -0.7767 0.3265
vn 0.8166 -0.5634 0.1254
vn 0.6225 -0.7767 0.0956
vn 0.7065 -0.5634 0.4283
vn 0.6117 -0.7767 -0.1499
vn 0.8025 -0.5634 -0.1967
vn 0.5078 -0.7767 -0.3726
vn 0.6661 -0.5634 -0.4888
vn 0.3265 -0.7767 -0.5386
vn 0.4283 -0.5634 -0.7065
vn 0.0956 -0.7767 -0.6225
vn 0.1254 -0.5634 -0.8166
vn -0.1499 -0.7767 -0.6117
vn -0.1967 -0.5634 -0.8025
vn -0.3726 -0.7767 -0.5078
vn -0.4888 -0.5634 -0.6661
vn -0.5386 -0.7767 -0.3265
vn -0.7065 -0.5634 -0.4283
vn -0.6225 -0.7767 -0.0956
vn -0.8166 -0.5634 -0.1254
vn -0.6117 -0.7767 0.1499
vn -0.8025 -0.5634 0.1967
vn -0.5078 -0.7767 0.3726
vn -0.6661 -0.5634 0.4888
vn -0.3265 -0.7767 0.5386
vn -0.4283 -0.5634 0.7065
vn -0.0956 -0.7767 0.6225
vn -0.1254 -0.5634 0.8166
vn 0.1499 -0.7767 0.6117
vn 0.1967 -0.5634 0.8025
vn 0.3726 -0.7767 0.5078
vn 0.4888 -0.5634 0.6661
vn 0.7987 -0.3572 0.4842
vn 0.5526 -0.3572 0.7530
vn 0.2224 -0.3572 0.9072
vn -0.1417 -0.3572 0.9232
vn -0.4842 -0.3572 0.7987
vn -0.7530 -0.3572 0.5526
vn -0.9072 -0.3572 0.2224
vn -0.9232 -0.3572 -0.1417
vn -0.7987 -0.3572 -0.4842
vn -0.5526 -0.3572 -0.7530
vn -0.2224 -0.3572 -0.9072
vn 0.1417 -0.3572 -0.9232
vn 0.4842 -0.3572 -0.7987
vn 0.7530 -0.3572 -0.5526
vn 0.9072 -0.3572 -0.2224
vn 0.9232 -0.3572 0.1417
vn 0.9805 -0.1264 0.1505
vn -0.0023 1.0000 0.0039
vn 0.9635 -0.1264 -0.2362
vn 0.7997 -0.1264 -0.5869
vn 0.0035 1.0000 0.0021
vn 0.5143 -0.1264 -0.8483
vn 0.0025 -1.0000 0.0034
vn 0.1505 -0.1264 -0.9805
vn -0.2362 -0.1264 -0.9635
vn 0.0035 -1.0000 0.0021
vn -0.5869 -0.1264 -0.7997
vn -0.8483 -0.1264 -0.5143
vn -0.9805 -0.1264 -0.1505
vn -0.9635 -0.1264 0.2362
vn -0.7997 -0.1264 0.5869
vn -0.5143 -0.1264 0.8483
vn -0.1505 -0.1264 0.9805
vn 0.2362 -0.1264 0.9635
vn 0.5869 -0.1264 0.7997
vn 0.0025 1.0000 0.0035
vn 0.8483 -0.1264 0.5143
vn 0.8413 -0.1788 0.5101
vn 0.9725 -0.1788 0.1493
vn 0.9556 -0.1788 -0.2342
vn 0.7932 -0.1788 -0.5821
vn 0.5101 -0.1788 -0.8413
vn 0.1493 -0.1788 -0.9725
vn -0.2342 -0.1788 -0.9556
vn -0.5821 -0.1788 -0.7932
vn -0.8413 -0.1788 -0.5101
vn -0.9725 -0.1788 -0.1493
vn -0.9556 -0.1788 0.2342
vn -0.7932 -0.1788 0.5821
vn -0.5101 -0.1788 0.8413
vn -0.1493 -0.1788 0.9725
vn 0.2342 -0.1788 0.9556
vn 0.5821 -0.1788 0.7932
vn 0.1510 -0.1001 -0.9835
vn 0.1498 -0.1618 -0.9754
vn 0.4700 -0.4218 -0.7753
vn 0.5172 -0.0676 -0.8532
vn 0.5158 -0.1000 -0.8508
vn 0.5116 -0.1618 -0.8438
vn 0.5162 -0.0915 -0.8515
vn 0.5150 -0.1148 -0.8495
vn -0.8832 0.4489 -0.1356
vn -0.8679 0.4489 0.2127
vn -0.7204 0.4489 0.5287
vn -0.4632 0.4492 0.7640
vn -0.1356 0.4492 0.8831
vn 0.2127 0.4489 0.8679
vn 0.5287 0.4489 0.7204
vn 0.7641 0.4489 0.4633
vn 0.8832 0.4489 0.1356
vn 0.8679 0.4489 -0.2127
vn 0.7204 0.4489 -0.5287
vn 0.4633 0.4489 -0.7641
vn 0.1356 0.4489 -0.8832
vn -0.2127 0.4489 -0.8679
vn -0.5287 0.4489 -0.7204
vn -0.7641 0.4489 -0.4633
vn -0.9773 0.1498 -0.1500
vn -0.9603 0.1498 0.2354
vn -0.7971 0.1498 0.5850
vn -0.5130 0.1499 0.8452
vn -0.1505 0.1499 0.9772
vn 0.2354 0.1498 0.9603
vn 0.5850 0.1498 0.7971
vn 0.8455 0.1498 0.5126
vn 0.9773 0.1498 0.1500
vn 0.9603 0.1498 -0.2354
vn 0.7971 0.1498 -0.5850
vn 0.5126 0.1498 -0.8455
vn 0.1500 0.1498 -0.9773
vn -0.2354 0.1498 -0.9603
vn -0.5850 0.1498 -0.7971
vn -0.8455 0.1498 -0.5126
vn 0.9784 -0.1422 0.1501
vn 0.9819 -0.1147 0.1507
vn 0.9843 -0.0914 0.1511
vn -0.9864 0.0639 -0.1511
vn 0.9614 -0.1422 -0.2356
vn 0.9648 -0.1147 -0.2365
vn 0.9674 -0.0886 -0.2371
vn -0.9674 0.0886 0.2372
vn -0.9691 0.0672 0.2375
vn 0.7980 -0.1422 -0.5856
vn 0.7873 -0.1157 -0.6056
vn 0.7553 -0.0903 -0.6491
vn -0.8045 0.0639 0.5904
vn 0.5131 -0.1423 -0.8465
vn 0.5172 -0.1148 -0.8481
vn -0.5906 0.0900 0.8019
vn -0.5576 0.0664 0.8275
vn 0.1501 -0.1423 -0.9784
vn 0.1534 -0.1148 -0.9815
vn -0.1530 0.0651 0.9861
vn -0.2357 -0.1422 -0.9614
vn -0.2365 -0.1147 -0.9648
vn -0.2368 -0.0914 -0.9672
vn 0.2377 0.0639 0.9692
vn -0.5856 -0.1422 -0.7980
vn -0.5877 -0.1147 -0.8009
vn -0.5897 -0.0842 -0.8032
vn 0.6877 0.0847 0.7210
vn 0.6393 0.0695 0.7659
vn -0.8464 -0.1422 -0.5132
vn -0.8495 -0.1147 -0.5150
vn -0.8516 -0.0895 -0.5165
vn 0.8533 0.0662 0.5172
vn -0.9784 -0.1422 -0.1502
vn -0.9819 -0.1147 -0.1507
vn -0.9845 -0.0895 -0.1510
vn 0.9862 0.0662 0.1515
vn -0.9614 -0.1422 0.2357
vn -0.9648 -0.1147 0.2365
vn -0.9675 -0.0886 0.2369
vn 0.9900 0.0875 -0.1110
vn 0.9818 0.0695 -0.1765
vn -0.7980 -0.1422 0.5856
vn -0.8009 -0.1147 0.5877
vn -0.8029 -0.0914 0.5891
vn 0.8045 0.0639 -0.5904
vn -0.5132 -0.1422 0.8464
vn -0.5149 -0.1147 0.8495
vn -0.5162 -0.0886 0.8519
vn 0.5165 0.0886 -0.8517
vn 0.5173 0.0672 -0.8532
vn -0.1502 -0.1422 0.9784
vn -0.1508 -0.1147 0.9819
vn -0.1512 -0.0914 0.9843
vn 0.1514 0.0639 -0.9864
vn 0.2356 -0.1422 0.9614
vn 0.2365 -0.1147 0.9648
vn 0.2371 -0.0886 0.9674
vn -0.2373 0.0886 -0.9674
vn -0.2375 0.0672 -0.9691
vn 0.5856 -0.1422 0.7980
vn 0.5878 -0.1147 0.8009
vn 0.5891 -0.0914 0.8028
vn -0.5905 0.0639 -0.8045
vn 0.8464 -0.1422 0.5132
vn 0.8494 -0.1147 0.5151
vn 0.8518 -0.0886 0.5164
vn -0.8518 0.0886 -0.5163
vn -0.8532 0.0672 -0.5173
vn -0.8438 0.1619 -0.5116
vn -0.9754 0.1619 -0.1497
vn -0.9584 0.1619 0.2349
vn -0.7956 0.1618 0.5838
vn -0.5126 0.1618 0.8432
vn -0.1509 0.1618 0.9752
vn 0.2350 0.1618 0.9584
vn 0.5838 0.1618 0.7956
vn 0.8438 0.1618 0.5116
vn 0.9754 0.1618 0.1497
vn 0.9585 0.1618 -0.2349
vn 0.7956 0.1619 -0.5838
vn 0.5116 0.1619 -0.8438
vn 0.1497 0.1619 -0.9754
vn -0.2349 0.1619 -0.9585
vn -0.5839 0.1619 -0.7956
vn -0.8508 0.1003 -0.5158
vn -0.8532 0.0678 -0.5172
vn -0.5886 0.1003 -0.8022
vn -0.5903 0.0678 -0.8044
vn -0.2369 0.1003 -0.9664
vn -0.2374 0.0678 -0.9690
vn 0.1510 0.1003 -0.9834
vn 0.1513 0.0678 -0.9862
vn 0.5158 0.1003 -0.8508
vn 0.5173 0.0678 -0.8531
vn 0.8022 0.1003 -0.5886
vn 0.8043 0.0678 -0.5903
vn 0.9663 0.1003 -0.2369
vn 0.9690 0.0678 -0.2375
vn 0.9834 0.1003 0.1510
vn 0.9862 0.0678 0.1514
vn 0.8508 0.1003 0.5158
vn 0.8531 0.0678 0.5173
vn 0.5886 0.1003 0.8022
vn 0.5903 0.0678 0.8043
vn 0.2369 0.1003 0.9663
vn 0.2375 0.0678 0.9690
vn -0.1509 0.1002 0.9835
vn -0.1521 0.0677 0.9860
vn -0.5158 0.1002 0.8509
vn -0.5179 0.0677 0.8527
vn -0.8022 0.1003 0.5886
vn -0.8043 0.0678 0.5903
vn -0.9663 0.1003 0.2369
vn -0.9690 0.0678 0.2375
vn -0.9834 0.1003 -0.1510
vn -0.9861 0.0678 -0.1514
vn -0.9875 0.0447 -0.1514
vn -0.8542 0.0447 -0.5180
vn -0.9703 0.0447 0.2377
vn -0.8054 0.0447 0.5911
vn -0.5192 0.0447 0.8535
vn -0.1531 0.0447 0.9872
vn 0.2379 0.0447 0.9703
vn 0.5911 0.0447 0.8054
vn 0.8543 0.0447 0.5179
vn 0.9874 0.0447 0.1516
vn 0.9703 0.0447 -0.2379
vn 0.8054 0.0447 -0.5911
vn 0.5180 0.0447 -0.8542
vn 0.1515 0.0447 -0.9874
vn -0.2377 0.0447 -0.9703
vn -0.5911 0.0447 -0.8054
vn -0.9757 0.1598 -0.1498
vn -0.9663 0.2103 -0.1483
vn -0.9542 0.2608 -0.1465
vn -0.9588 0.1598 0.2350
vn -0.9495 0.2103 0.2328
vn -0.9376 0.2608 0.2298
vn -0.7958 0.1598 0.5840
vn -0.7882 0.2103 0.5784
vn -0.7783 0.2608 0.5711
vn -0.5112 0.1597 0.8445
vn -0.5067 0.2100 0.8361
vn -0.5007 0.2605 0.8255
vn -0.1491 0.1596 0.9758
vn -0.1482 0.2100 0.9664
vn -0.1467 0.2605 0.9542
vn 0.2350 0.1598 0.9588
vn 0.2327 0.2103 0.9495
vn 0.2298 0.2608 0.9376
vn 0.5840 0.1598 0.7958
vn 0.5784 0.2103 0.7882
vn 0.5712 0.2608 0.7783
vn 0.8441 0.1598 0.5118
vn 0.8360 0.2103 0.5068
vn 0.8255 0.2608 0.5005
vn 0.9757 0.1598 0.1498
vn 0.9663 0.2103 0.1483
vn 0.9542 0.2608 0.1465
vn 0.9588 0.1598 -0.2350
vn 0.9495 0.2103 -0.2327
vn 0.9376 0.2608 -0.2298
vn 0.7958 0.1598 -0.5840
vn 0.7882 0.2103 -0.5784
vn 0.7783 0.2608 -0.5712
vn 0.5118 0.1598 -0.8441
vn 0.5069 0.2103 -0.8360
vn 0.5005 0.2608 -0.8255
vn 0.1498 0.1598 -0.9757
vn 0.1483 0.2103 -0.9663
vn 0.1465 0.2608 -0.9542
vn -0.2350 0.1598 -0.9588
vn -0.2327 0.2103 -0.9495
vn -0.2298 0.2608 -0.9376
vn -0.5840 0.1598 -0.7958
vn -0.5784 0.2103 -0.7882
vn -0.5711 0.2608 -0.7783
vn -0.8441 0.1598 -0.5118
vn -0.8360 0.2103 -0.5069
vn -0.8255 0.2608 -0.5005
vn -0.8486 0.1233 -0.5145
vn -0.9809 0.1232 -0.1506
vn -0.9638 0.1232 0.2362
vn -0.8001 0.1232 0.5871
vn -0.5151 0.1231 0.8483
vn -0.1513 0.1231 0.9808
vn 0.2363 0.1232 0.9638
vn 0.5871 0.1232 0.8001
vn 0.8486 0.1232 0.5145
vn 0.9809 0.1232 0.1506
vn 0.9639 0.1232 -0.2362
vn 0.8001 0.1232 -0.5871
vn 0.5145 0.1232 -0.8486
vn 0.1506 0.1232 -0.9809
vn -0.2362 0.1232 -0.9638
vn -0.5871 0.1232 -0.8000
vn -0.9352 0.3238 -0.1436
vn -0.9222 0.3599 -0.1416
vn -0.9076 0.3960 -0.1393
vn -0.9189 0.3238 0.2252
vn -0.9062 0.3599 0.2221
vn -0.8918 0.3960 0.2186
vn -0.7628 0.3238 0.5597
vn -0.7522 0.3599 0.5520
vn -0.7403 0.3960 0.5433
vn -0.4904 0.3236 0.8092
vn -0.4838 0.3596 0.7979
vn -0.4762 0.3958 0.7852
vn -0.1434 0.3236 0.9353
vn -0.1416 0.3596 0.9223
vn -0.1395 0.3958 0.9077
vn 0.2252 0.3238 0.9189
vn 0.2221 0.3599 0.9062
vn 0.2186 0.3960 0.8918
vn 0.5598 0.3238 0.7628
vn 0.5520 0.3599 0.7522
vn 0.5433 0.3960 0.7403
vn 0.8090 0.3238 0.4905
vn 0.7978 0.3599 0.4837
vn 0.7852 0.3960 0.4760
vn 0.9352 0.3238 0.1436
vn 0.9222 0.3599 0.1416
vn 0.9076 0.3960 0.1393
vn 0.9189 0.3238 -0.2252
vn 0.9062 0.3599 -0.2221
vn 0.8918 0.3960 -0.2186
vn 0.7628 0.3238 -0.5598
vn 0.7522 0.3599 -0.5520
vn 0.7403 0.3960 -0.5433
vn 0.4905 0.3238 -0.8090
vn 0.4837 0.3599 -0.7978
vn 0.4760 0.3960 -0.7852
vn 0.1436 0.3238 -0.9352
vn 0.1416 0.3599 -0.9222
vn 0.1393 0.3960 -0.9076
vn -0.2252 0.3238 -0.9189
vn -0.2221 0.3599 -0.9062
vn -0.2186 0.3960 -0.8918
vn -0.5597 0.3238 -0.7628
vn -0.5520 0.3599 -0.7522
vn -0.5433 0.3960 -0.7403
vn -0.8090 0.3238 -0.4905
vn -0.7978 0.3599 -0.4837
vn -0.7852 0.3960 -0.4760
vn -0.8164 0.2975 -0.4949
vn -0.9437 0.2975 -0.1449
vn -0.9273 0.2975 0.2273
vn -0.7697 0.2975 0.5648
vn -0.4948 0.2973 0.8166
vn -0.1447 0.2973 0.9438
vn 0.2273 0.2975 0.9273
vn 0.5648 0.2975 0.7697
vn 0.8164 0.2975 0.4950
vn 0.9437 0.2975 0.1449
vn 0.9273 0.2975 -0.2273
vn 0.7697 0.2975 -0.5648
vn 0.4950 0.2975 -0.8164
vn 0.1449 0.2975 -0.9437
vn -0.2273 0.2975 -0.9273
vn -0.5648 0.2975 -0.7697
vn -0.8530 0.5052 -0.1310
vn -0.7755 0.6200 -0.1191
vn -0.6752 0.7303 -0.1036
vn -0.8382 0.5052 0.2055
vn -0.7621 0.6200 0.1868
vn -0.6635 0.7303 0.1626
vn -0.6958 0.5052 0.5106
vn -0.6326 0.6200 0.4642
vn -0.5507 0.7303 0.4041
vn -0.4474 0.5044 0.7385
vn -0.4073 0.6192 0.6714
vn -0.3550 0.7296 0.5845
vn -0.1307 0.5044 0.8535
vn -0.1194 0.6192 0.7761
vn -0.1043 0.7296 0.6759
vn 0.2055 0.5052 0.8382
vn 0.1868 0.6200 0.7621
vn 0.1626 0.7303 0.6635
vn 0.5106 0.5052 0.6958
vn 0.4642 0.6200 0.6326
vn 0.4041 0.7303 0.5507
vn 0.7380 0.5052 0.4474
vn 0.6709 0.6200 0.4068
vn 0.5841 0.7303 0.3541
vn 0.8530 0.5052 0.1309
vn 0.7755 0.6200 0.1191
vn 0.6752 0.7303 0.1037
vn 0.8382 0.5052 -0.2055
vn 0.7621 0.6200 -0.1868
vn 0.6635 0.7303 -0.1626
vn 0.6958 0.5052 -0.5106
vn 0.6326 0.6200 -0.4642
vn 0.5507 0.7303 -0.4041
vn 0.4474 0.5052 -0.7380
vn 0.4068 0.6200 -0.6709
vn 0.3541 0.7303 -0.5841
vn 0.1309 0.5052 -0.8530
vn 0.1191 0.6200 -0.7755
vn 0.1036 0.7303 -0.6752
vn -0.2055 0.5052 -0.8382
vn -0.1868 0.6200 -0.7621
vn -0.1626 0.7303 -0.6635
vn -0.5106 0.5052 -0.6958
vn -0.4642 0.6200 -0.6326
vn -0.4041 0.7303 -0.5507
vn -0.7380 0.5052 -0.4474
vn -0.6709 0.6200 -0.4068
vn -0.5841 0.7303 -0.3541
vn -0.5108 0.8019 -0.3097
vn -0.7750 0.4227 -0.4698
vn -0.5905 0.8019 -0.0906
vn -0.8958 0.4227 -0.1375
vn -0.8802 0.4227 0.2158
vn -0.5802 0.8019 0.1422
vn -0.7306 0.4227 0.5362
vn -0.4816 0.8019 0.3534
vn -0.4704 0.4223 0.7749
vn -0.3093 0.8019 0.5112
vn -0.1381 0.4223 0.8959
vn -0.0901 0.8019 0.5907
vn 0.2158 0.4227 0.8802
vn 0.1422 0.8019 0.5802
vn 0.5362 0.4227 0.7306
vn 0.3534 0.8019 0.4816
vn 0.7750 0.4227 0.4698
vn 0.5108 0.8019 0.3097
vn 0.8958 0.4227 0.1375
vn 0.5905 0.8019 0.0906
vn 0.8802 0.4227 -0.2158
vn 0.5802 0.8019 -0.1422
vn 0.7306 0.4227 -0.5362
vn 0.4816 0.8019 -0.3534
vn 0.4698 0.4227 -0.7750
vn 0.3097 0.8019 -0.5108
vn 0.1375 0.4227 -0.8958
vn 0.0906 0.8019 -0.5905
vn -0.2158 0.4227 -0.8802
vn -0.1422 0.8019 -0.5802
vn -0.5362 0.4227 -0.7306
vn -0.3534 0.8019 -0.4816
vn -0.6894 0.7166 -0.1058
vn -0.7700 0.6270 -0.1182
vn -0.6775 0.7166 0.1661
vn -0.7566 0.6270 0.1855
vn -0.5624 0.7166 0.4127
vn -0.6280 0.6270 0.4609
vn -0.3614 0.7169 0.5962
vn -0.4036 0.6274 0.6659
vn -0.1058 0.7169 0.6891
vn -0.1181 0.6274 0.7697
vn 0.1661 0.7166 0.6775
vn 0.1855 0.6270 0.7566
vn 0.4127 0.7166 0.5624
vn 0.4609 0.6270 0.6280
vn 0.5965 0.7166 0.3616
vn 0.6661 0.6270 0.4039
vn 0.6895 0.7166 0.1058
vn 0.7700 0.6270 0.1182
vn 0.6775 0.7166 -0.1661
vn 0.7566 0.6270 -0.1855
vn 0.5624 0.7166 -0.4127
vn 0.6280 0.6270 -0.4609
vn 0.3616 0.7166 -0.5965
vn 0.4039 0.6270 -0.6661
vn 0.1058 0.7166 -0.6894
vn 0.1182 0.6270 -0.7700
vn -0.1661 0.7166 -0.6775
vn -0.1855 0.6270 -0.7566
vn -0.4127 0.7166 -0.5624
vn -0.4609 0.6270 -0.6280
vn -0.5965 0.7166 -0.3616
vn -0.6661 0.6270 -0.4039
vn -0.5388 0.7765 -0.3267
vn -0.8172 0.5625 -0.1255
vn -0.6228 0.7765 -0.0956
vn -0.7070 0.5625 -0.4286
vn -0.6120 0.7765 0.1500
vn -0.8030 0.5625 0.1968
vn -0.5080 0.7765 0.3728
vn -0.6666 0.5625 0.4892
vn -0.3266 0.7766 0.5387
vn -0.4285 0.5629 0.7068
vn -0.0955 0.7766 0.6227
vn -0.1254 0.5629 0.8169
vn 0.1500 0.7765 0.6120
vn 0.1968 0.5625 0.8030
vn 0.3728 0.7765 0.5080
vn 0.4892 0.5625 0.6666
vn 0.5388 0.7765 0.3267
vn 0.7070 0.5625 0.4286
vn 0.6228 0.7765 0.0956
vn 0.8172 0.5625 0.1255
vn 0.6120 0.7765 -0.1500
vn 0.8030 0.5625 -0.1968
vn 0.5080 0.7765 -0.3728
vn 0.6666 0.5625 -0.4892
vn 0.3267 0.7765 -0.5388
vn 0.4286 0.5625 -0.7070
vn 0.0956 0.7765 -0.6228
vn 0.1254 0.5625 -0.8172
vn -0.1500 0.7765 -0.6120
vn -0.1968 0.5625 -0.8030
vn -0.3728 0.7765 -0.5080
vn -0.4892 0.5625 -0.6666
vn -0.7988 0.3569 -0.4843
vn -0.5527 0.3569 -0.7531
vn -0.2224 0.3569 -0.9073
vn 0.1417 0.3569 -0.9233
vn 0.4843 0.3569 -0.7988
vn 0.7531 0.3569 -0.5527
vn 0.9073 0.3569 -0.2224
vn 0.9233 0.3569 0.1417
vn 0.7988 0.3569 0.4843
vn 0.5527 0.3569 0.7531
vn 0.2224 0.3569 0.9073
vn -0.1418 0.3571 0.9233
vn -0.4843 0.3571 0.7987
vn -0.7531 0.3569 0.5527
vn -0.9073 0.3569 0.2224
vn -0.9233 0.3569 -0.1417
vn -0.9750 0.1642 -0.1497
vn 0.1497 0.1642 -0.9750
vn -0.2348 0.1642 -0.9581
vn -0.1417 0.3571 0.9233
vn -0.0956 0.7766 0.6227
vn -0.1182 0.6274 0.7696
vn -0.0912 0.8019 0.5905
vn -0.1370 0.4223 0.8961
vn -0.1033 0.7296 0.6760
vn -0.1189 0.6192 0.7762
vn -0.1313 0.5044 0.8534
vn -0.1451 0.2973 0.9437
vn -0.1392 0.3958 0.9077
vn -0.1437 0.3236 0.9352
vn -0.1499 0.1231 0.9810
vn -0.1463 0.2606 0.9543
vn -0.1485 0.2100 0.9664
vn -0.1504 0.1596 0.9757
vn -0.1501 0.0447 0.9877
vn -0.1505 0.0677 0.9863
vn -0.1510 0.1002 0.9834
vn -0.1485 0.1618 0.9756
vn -0.1040 0.0664 0.9924
vn 0.1488 -0.0887 -0.9849
vn -0.0623 0.0890 0.9941
vn 0.1495 -0.1148 -0.9821
vn 0.1503 -0.1423 -0.9783
vn -0.1495 0.1499 0.9773
vn -0.1355 0.4491 0.8831
vn -0.4842 0.3571 0.7988
vn -0.4285 0.5629 0.7067
vn -0.4037 0.6274 0.6658
vn -0.3102 0.8019 0.5107
vn -0.4695 0.4223 0.7754
vn -0.3541 0.7296 0.5851
vn -0.4069 0.6192 0.6716
vn -0.4479 0.5044 0.7382
vn -0.4952 0.2973 0.8163
vn -0.4760 0.3958 0.7854
vn -0.4837 0.3596 0.7979
vn -0.4906 0.3236 0.8091
vn -0.5139 0.1231 0.8490
vn -0.5003 0.2606 0.8257
vn -0.5070 0.2100 0.8360
vn -0.5123 0.1597 0.8438
vn -0.5167 0.0447 0.8550
vn -0.5166 0.0677 0.8535
vn -0.5159 0.1002 0.8508
vn -0.5106 0.1618 0.8445
vn -0.5159 0.0651 0.8542
vn 0.4307 -0.0903 -0.8980
vn 0.4809 -0.1162 -0.8690
vn 0.5132 -0.1423 -0.8464
vn -0.5121 0.1499 0.8457
vn -0.8027 0.5630 0.1968
vn 0.8027 0.5630 -0.1967
vn 0.5183 -0.0184 -0.8550
vn 0.1517 -0.0184 -0.9883
vn 0.8550 -0.0184 0.5183
vn 0.5915 -0.0184 0.8061
vn 0.2380 -0.0184 0.9711
vn -0.1517 -0.0184 0.9883
vn -0.5183 -0.0184 0.8550
vn -0.8061 -0.0184 0.5915
vn -0.9711 -0.0184 0.2380
vn -0.9883 -0.0184 -0.1517
vn -0.8550 -0.0184 -0.5183
vn -0.5915 -0.0184 -0.8061
vn -0.2380 -0.0184 -0.9711
vn 0.8061 -0.0184 -0.5915
vn 0.9711 -0.0184 -0.2380
vn 0.9883 -0.0184 0.1517
vn 0.9861 -0.0682 0.1514
vn 0.9690 -0.0682 -0.2375
vn 0.8043 -0.0682 -0.5903
vn -0.2375 -0.0682 -0.9690
vn -0.5902 -0.0681 -0.8043
vn -0.8043 -0.0682 0.5902
vn -0.0007 -1.0000 0.0044
vn -0.0023 -1.0000 0.0038
vn -0.0034 -1.0000 -0.0020
vn -0.0041 -1.0000 0.0010
vn -0.0022 -1.0000 -0.0030
vn -0.0040 -1.0000 -0.0006
vn 0.5733 -0.0000 -0.8194
vn 0.9061 -0.0000 -0.4230
vn 0.9962 -0.0000 0.0868
vn 0.8194 -0.0000 0.5733
vn 0.4230 -0.0000 0.9061
vn -0.0868 -0.0000 0.9962
vn -0.5733 -0.0000 0.8194
vn -0.9061 -0.0000 0.4230
vn -0.9962 -0.0000 -0.0868
vn -0.8194 -0.0000 -0.5733
vn -0.3379 0.8078 0.4830
vn -0.4230 -0.0000 -0.9061
vn 0.0868 -0.0000 -0.9962
vn 0.6950 -0.5296 0.4863
vn -0.0511 0.8078 0.5872
vn 0.2493 0.8078 0.5341
vn 0.4830 0.8078 0.3379
vn 0.0511 0.8078 -0.5872
vn 0.3379 0.8078 -0.4830
vn 0.5872 0.8078 0.0511
vn -0.2493 0.8078 -0.5341
vn 0.5341 0.8078 -0.2493
vn -0.4830 0.8078 -0.3379
vn -0.5872 0.8078 -0.0511
vn -0.5341 0.8078 0.2493
vn 0.0736 -0.5296 -0.8451
vn 0.4863 -0.5296 -0.6950
vn 0.8451 -0.5296 0.0736
vn -0.3588 -0.5296 -0.7686
vn 0.7686 -0.5296 -0.3588
vn -0.6950 -0.5296 -0.4863
vn -0.8451 -0.5296 -0.0736
vn -0.7686 -0.5296 0.3588
vn -0.4863 -0.5296 0.6950
vn -0.0736 -0.5296 0.8451
vn 0.3588 -0.5296 0.7686
vn 0.2643 0.7807 0.5663
vn -0.9566 -0.0000 -0.2915
vn 0.0542 0.7807 -0.6226
vn 0.5663 0.7807 -0.2643
vn -0.6226 0.7807 -0.0542
vn -0.0542 0.7807 0.6226
vn 0.6226 0.7807 0.0542
vn -0.5120 0.7807 -0.3582
vn -0.3582 0.7807 0.5120
vn 0.5120 0.7807 0.3582
vn -0.2643 0.7807 -0.5663
vn 0.3582 0.7807 -0.5120
vn -0.5663 0.7807 0.2643
vn 0.3435 -0.8007 -0.4909
vn -0.1426 -0.9847 -0.0997
vn 0.3913 -0.0000 -0.9203
vn 0.0645 0.6684 -0.7410
vn -0.2258 -0.0000 -0.9742
vn 0.6013 -0.0000 0.7990
vn -0.2599 0.7890 -0.5568
vn -0.5429 -0.8007 0.2534
vn 0.2534 -0.8007 0.5429
vn 0.0520 -0.8007 -0.5969
vn 0.5429 -0.8007 -0.2534
vn -0.5969 -0.8007 -0.0520
vn -0.0520 -0.8007 0.5969
vn 0.5969 -0.8007 0.0520
vn -0.4909 -0.8007 -0.3435
vn -0.3435 -0.8007 0.4909
vn 0.4909 -0.8007 0.3435
vn -0.2534 -0.8007 -0.5429
vn -0.0151 -0.9847 0.1733
vn 0.3522 0.7890 -0.5035
vn -0.5568 0.7890 0.2599
vn 0.2599 0.7890 0.5568
vn 0.0533 0.7890 -0.6121
vn 0.5568 0.7890 -0.2599
vn -0.6121 0.7890 -0.0533
vn -0.0533 0.7890 0.6121
vn 0.6121 0.7890 0.0533
vn -0.5035 0.7890 -0.3522
vn -0.3522 0.7890 0.5035
vn 0.5035 0.7890 0.3522
vn -0.6013 -0.0000 -0.7990
vn -0.7307 -0.0000 0.6827
vn 0.1757 0.9767 0.1229
vn 0.7307 -0.0000 -0.6826
vn 0.1943 0.9767 -0.0907
vn -0.3974 0.7207 0.5681
vn 0.5681 0.7207 0.3974
vn -0.2932 0.7207 -0.6282
vn 0.3974 0.7207 -0.5681
vn -0.6282 0.7207 0.2932
vn 0.2932 0.7207 0.6282
vn 0.0601 0.7207 -0.6907
vn 0.6282 0.7207 -0.2932
vn -0.6907 0.7207 -0.0601
vn -0.0602 0.7207 0.6907
vn 0.6907 0.7207 0.0601
vn -0.5681 0.7207 -0.3974
vn -0.0637 -0.6788 0.7315
vn -0.6017 -0.0000 -0.7987
vn 0.6740 0.6684 -0.3146
vn -0.6017 -0.6788 -0.4209
vn -0.6740 0.6684 0.3146
vn 0.2263 -0.0000 0.9741
vn -0.6094 0.6684 -0.4264
vn -0.7304 -0.0000 0.6830
vn 0.1577 -0.9847 -0.0736
vn 0.7304 -0.0000 -0.6830
vn 0.6017 -0.0000 0.7987
vn -0.2263 -0.0000 -0.9741
vn 0.6094 0.6684 0.4264
vn -0.0186 0.9767 0.2136
vn 0.3908 -0.0000 -0.9205
vn 0.9567 -0.0000 0.2910
vn 0.9926 -0.0000 -0.1218
vn -0.9567 -0.0000 -0.2910
vn 0.1426 -0.9847 0.0997
vn 0.6017 -0.6788 0.4209
vn -0.3908 -0.0000 0.9205
vn 0.0637 -0.6788 -0.7315
vn -0.0645 0.6684 0.7410
vn 0.9926 -0.0000 -0.1213
vn 0.0186 0.9767 -0.2136
vn -0.9926 -0.0000 0.1218
vn -0.6654 -0.6788 0.3106
vn -0.9926 -0.0000 0.1213
vn -0.1577 -0.9847 0.0736
vn -0.3913 -0.0000 0.9203
vn 0.6654 -0.6788 -0.3106
vn 0.0151 -0.9847 -0.1733
vn -0.1757 0.9767 -0.1229
vn 0.2258 -0.0000 0.9742
vn -0.1943 0.9767 0.0907
vn 0.9566 -0.0000 0.2915
vn -0.9398 -0.0000 -0.3417
vn -0.0420 0.9990 -0.0153
vn 0.0084 -0.9997 -0.0230
vn -0.0420 -0.9990 -0.0153
vn 0.0420 0.9990 0.0153
vn -0.0053 -0.9999 0.0145
vn 0.0420 -0.9990 0.0153
vn -0.0053 0.9999 0.0145
vn 0.0084 0.9997 -0.0230
vn -0.3349 0.0123 0.9422
vn -0.3407 -0.0729 0.9373
vn -0.3365 -0.1733 0.9256
vn -0.3288 -0.2720 0.9044
vn -0.3211 -0.3415 0.8833
vn -0.2416 0.7071 0.6645
vn -0.2416 -0.7071 0.6646
vn -0.7842 -0.4083 0.4673
vn -0.6253 -0.5773 0.5251
vn 0.3010 -0.4083 0.8618
vn 0.1421 -0.5774 0.8040
vn -0.4959 -0.6533 0.5721
vn -0.8556 -0.2706 0.4414
vn 0.3724 -0.2706 0.8877
vn 0.0127 -0.6533 0.7570
vn -0.7674 0.5774 -0.2790
vn -0.8683 -0.3827 -0.3156
vn -0.7674 -0.5774 -0.2790
vn -0.5426 -0.8165 -0.1973
vn -0.3597 -0.9239 -0.1307
vn 0.8683 -0.3827 0.3156
vn 0.7674 -0.5774 0.2790
vn 0.3597 -0.9239 0.1307
vn 0.5426 -0.8165 0.1973
vn -0.6646 0.7071 -0.2416
vn -0.6646 -0.7071 -0.2416
vn -0.8824 -0.3055 0.3578
vn -0.8390 -0.4892 0.2383
vn -0.4467 -0.3055 -0.8409
vn -0.4901 -0.4892 -0.7215
vn -0.7906 -0.6033 0.1051
vn -0.8972 -0.1910 0.3983
vn -0.4320 -0.1910 -0.8814
vn -0.5385 -0.6033 -0.5883
vn -0.5385 -0.6033 -0.5882
vn -0.2416 0.7071 0.6646
vn -0.8409 -0.3055 0.4467
vn -0.7215 -0.4892 0.4901
vn 0.3578 -0.3055 0.8824
vn 0.2383 -0.4892 0.8390
vn -0.5883 -0.6033 0.5385
vn -0.8814 -0.1910 0.4320
vn 0.3983 -0.1910 0.8972
vn 0.1051 -0.6033 0.7906
vn 0.6646 0.7071 0.2416
vn 0.6646 -0.7071 0.2416
vn 0.4467 -0.3055 0.8409
vn 0.4901 -0.4892 0.7215
vn 0.8824 -0.3055 -0.3578
vn 0.8390 -0.4892 -0.2383
vn 0.5385 -0.6033 0.5883
vn 0.4320 -0.1910 0.8814
vn 0.8972 -0.1910 -0.3983
vn 0.7906 -0.6033 -0.1051
vn 0.2416 0.7071 -0.6646
vn 0.2416 -0.7071 -0.6646
vn -0.3578 -0.3055 -0.8824
vn -0.2383 -0.4892 -0.8390
vn 0.8409 -0.3055 -0.4467
vn 0.7215 -0.4892 -0.4901
vn -0.1051 -0.6033 -0.7906
vn -0.3983 -0.1910 -0.8972
vn 0.8814 -0.1910 -0.4320
vn 0.5883 -0.6033 -0.5385
vn 0.8556 0.2706 -0.4414
vn 0.7842 0.4082 -0.4673
vn 0.6253 0.5774 -0.5251
vn 0.4959 0.6533 -0.5721
vn -0.0127 0.6533 -0.7570
vn -0.1421 0.5773 -0.8040
vn -0.3010 0.4082 -0.8618
vn -0.3724 0.2706 -0.8878
vn 0.3081 0.4320 -0.8476
vn -0.9049 0.2702 -0.3289
vn 0.2467 0.6918 -0.6786
vn -0.3289 -0.2702 0.9049
vn -0.3081 -0.4320 0.8476
vn -0.2467 -0.6918 0.6786
vn -0.9049 -0.2702 -0.3289
vn -0.8476 -0.4320 -0.3081
vn -0.6786 -0.6918 -0.2467
vn 0.8476 -0.4320 0.3081
vn 0.9049 -0.2702 0.3289
vn 0.6786 -0.6918 0.2467
vn -0.4903 -0.8532 -0.1782
vn 0.4903 -0.8532 0.1782
vn 0.3289 -0.2702 -0.9049
vn 0.3081 -0.4320 -0.8476
vn 0.2467 -0.6918 -0.6786
vn -0.1782 -0.8532 0.4903
vn 0.1782 -0.8532 -0.4903
vn 0.8683 0.3827 0.3156
vn 0.7674 0.5774 0.2790
vn 0.5426 0.8165 0.1973
vn 0.3597 0.9239 0.1307
vn -0.4903 0.8532 -0.1782
vn 0.4903 0.8532 0.1782
vn 0.1782 0.8532 -0.4903
vn 0.3289 0.2702 -0.9049
vn -0.8683 0.3827 -0.3156
vn -0.5426 0.8165 -0.1973
vn -0.3597 0.9239 -0.1307
vn -0.3081 0.4320 0.8476
vn -0.3417 -0.0000 0.9398
vn 0.3417 -0.0000 -0.9398
vn 0.9398 -0.0000 0.3417
vn 0.9049 0.2702 0.3289
vn 0.8476 0.4320 0.3081
vn 0.6786 0.6918 0.2467
vn -0.8476 0.4320 -0.3081
vn -0.6786 0.6918 -0.2467
vn -0.2467 0.6918 0.6786
vn -0.3289 0.2702 0.9049
vn -0.1782 0.8532 0.4903
vn -0.3504 0.0123 0.9365
vt 0.000000 0.000000
vt 0.375000 0.000000
vt 0.625000 0.000000
vt 0.625000 0.250000
vt 0.375000 0.250000
vt 0.625000 0.500000
vt 0.375000 0.500000
vt 0.625000 0.750000
vt 0.375000 0.750000
vt 0.625000 1.000000
vt 0.375000 1.000000
vt 0.125000 0.500000
vt 0.125000 0.750000
vt 0.875000 0.500000
vt 0.875000 0.750000
vt 0.000000 -0.130092
vt 0.000000 -0.142976
vt 0.062500 -0.142976
vt 0.062500 -0.130092
vt 0.125000 -0.142976
vt 0.125000 -0.130092
vt 0.187500 -0.142976
vt 0.187500 -0.130092
vt 0.218750 -0.130092
vt 0.218750 -0.142976
vt 0.250000 -0.142976
vt 0.250000 -0.130092
vt 0.281250 -0.130092
vt 0.281250 -0.142976
vt 0.312500 -0.142976
vt 0.312500 -0.130092
vt 0.375000 -0.142976
vt 0.375000 -0.130092
vt 0.437500 -0.142976
vt 0.437500 -0.130092
vt 0.500000 -0.142976
vt 0.500000 -0.130092
vt 0.562500 -0.142976
vt 0.562500 -0.130092
vt 0.625000 -0.142976
vt 0.625000 -0.130092
vt 0.687500 -0.142976
vt 0.687500 -0.130092
vt 0.750000 -0.142976
vt 0.750000 -0.130092
vt 0.812500 -0.142976
vt 0.812500 -0.130092
vt 0.875000 -0.142976
vt 0.875000 -0.130092
vt 0.937500 -0.142976
vt 0.937500 -0.130092
vt 1.000000 -0.142976
vt 1.000000 -0.130092
vt 0.000000 -0.157603
vt 0.000000 -0.172230
vt 0.062500 -0.172230
vt 0.062500 -0.157603
vt 0.125000 -0.172230
vt 0.125000 -0.157603
vt 0.187500 -0.172230
vt 0.187500 -0.157603
vt 0.218750 -0.157603
vt 0.218750 -0.172230
vt 0.250000 -0.172230
vt 0.250000 -0.157603
vt 0.281250 -0.157603
vt 0.281250 -0.172230
vt 0.312500 -0.172230
vt 0.312500 -0.157603
vt 0.375000 -0.172230
vt 0.375000 -0.157603
vt 0.437500 -0.172230
vt 0.437500 -0.157603
vt 0.500000 -0.172230
vt 0.500000 -0.157603
vt 0.562500 -0.172230
vt 0.562500 -0.157603
vt 0.625000 -0.172230
vt 0.625000 -0.157603
vt 0.687500 -0.172230
vt 0.687500 -0.157603
vt 0.750000 -0.172230
vt 0.750000 -0.157603
vt 0.812500 -0.172230
vt 0.812500 -0.157603
vt 0.875000 -0.172230
vt 0.875000 -0.157603
vt 0.937500 -0.172230
vt 0.937500 -0.157603
vt 1.000000 -0.172230
vt 1.000000 -0.157603
vt 0.062500 -0.014103
vt 0.000000 -0.014103
vt 0.000859 -0.018361
vt 0.062500 -0.018361
vt 0.002624 -0.023403
vt 0.062500 -0.023403
vt 0.000646 -0.028550
vt 0.062500 -0.028550
vt 0.000000 -0.032898
vt 0.062500 -0.032898
vt 0.125000 -0.014103
vt 0.125000 -0.018361
vt 0.125000 -0.023403
vt 0.125000 -0.028550
vt 0.125000 -0.032898
vt 0.187500 -0.014103
vt 0.187500 -0.018361
vt 0.187500 -0.023403
vt 0.187500 -0.028550
vt 0.187500 -0.032898
vt 0.218750 -0.014103
vt 0.218750 -0.018361
vt 0.218750 -0.023403
vt 0.218750 -0.028550
vt 0.218750 -0.032898
vt 0.281250 -0.014103
vt 0.250000 -0.014103
vt 0.250000 -0.018361
vt 0.281250 -0.018361
vt 0.250000 -0.023403
vt 0.281250 -0.023403
vt 0.250000 -0.028550
vt 0.281250 -0.028550
vt 0.250000 -0.032898
vt 0.281250 -0.032898
vt 0.375000 -0.014103
vt 0.312500 -0.014103
vt 0.312500 -0.018361
vt 0.375000 -0.018361
vt 0.312500 -0.023403
vt 0.375000 -0.023403
vt 0.312500 -0.028550
vt 0.375000 -0.028550
vt 0.312500 -0.032898
vt 0.375000 -0.032898
vt 0.437500 -0.014103
vt 0.437500 -0.018361
vt 0.437500 -0.023403
vt 0.437500 -0.028550
vt 0.437500 -0.032898
vt 0.500000 -0.014103
vt 0.500000 -0.018361
vt 0.500000 -0.023403
vt 0.500000 -0.028550
vt 0.500000 -0.032898
vt 0.562500 -0.014103
vt 0.562500 -0.018361
vt 0.562500 -0.023403
vt 0.562500 -0.028550
vt 0.562500 -0.032898
vt 0.625000 -0.014103
vt 0.625000 -0.018361
vt 0.625000 -0.023403
vt 0.625000 -0.028550
vt 0.625000 -0.032898
vt 0.687500 -0.014103
vt 0.687500 -0.018361
vt 0.687500 -0.023403
vt 0.687500 -0.028550
vt 0.687500 -0.032898
vt 0.750000 -0.014103
vt 0.750000 -0.018361
vt 0.750000 -0.023403
vt 0.750000 -0.028550
vt 0.750000 -0.032898
vt 0.812500 -0.014103
vt 0.812500 -0.018361
vt 0.812500 -0.023403
vt 0.812500 -0.028550
vt 0.812500 -0.032898
vt 0.875000 -0.014103
vt 0.875000 -0.018361
vt 0.875000 -0.023403
vt 0.875000 -0.028550
vt 0.875000 -0.032898
vt 0.937500 -0.014103
vt 0.937500 -0.018361
vt 0.937500 -0.023403
vt 0.937500 -0.028550
vt 0.937500 -0.032898
vt 1.000000 -0.014103
vt 0.999141 -0.018361
vt 0.997376 -0.023403
vt 0.999354 -0.028550
vt 1.000000 -0.032898
vt 1.000000 0.000000
vt 0.062500 0.000000
vt 0.125000 0.000000
vt 0.187500 0.000000
vt 0.250000 0.000000
vt 0.312500 0.000000
vt 0.437500 0.000000
vt 0.500000 0.000000
vt 0.562500 0.000000
vt 0.687500 0.000000
vt 0.750000 0.000000
vt 0.812500 0.000000
vt 0.875000 0.000000
vt 0.937500 0.000000
vt 0.937500 -0.040739
vt 1.000000 -0.040739
vt 1.000000 -0.038029
vt 0.937500 -0.038029
vt 1.000000 -0.035289
vt 0.937500 -0.035289
vt 0.875000 -0.040739
vt 0.875000 -0.038029
vt 0.875000 -0.035289
vt 0.812500 -0.040739
vt 0.812500 -0.038029
vt 0.812500 -0.035289
vt 0.750000 -0.040739
vt 0.750000 -0.038029
vt 0.750000 -0.035289
vt 0.687500 -0.040739
vt 0.687500 -0.038029
vt 0.687500 -0.035289
vt 0.625000 -0.040739
vt 0.625000 -0.038029
vt 0.625000 -0.035289
vt 0.562500 -0.040739
vt 0.562500 -0.038029
vt 0.562500 -0.035289
vt 0.500000 -0.040739
vt 0.500000 -0.038029
vt 0.500000 -0.035289
vt 0.437500 -0.040739
vt 0.437500 -0.038029
vt 0.437500 -0.035289
vt 0.375000 -0.040739
vt 0.375000 -0.038029
vt 0.375000 -0.035289
vt 0.312500 -0.040739
vt 0.312500 -0.038029
vt 0.312500 -0.035289
vt 0.281250 -0.040739
vt 0.281250 -0.038029
vt 0.281250 -0.035289
vt 0.218750 -0.040739
vt 0.250000 -0.040739
vt 0.250000 -0.038029
vt 0.218750 -0.038029
vt 0.250000 -0.035289
vt 0.218750 -0.035289
vt 0.125000 -0.040739
vt 0.187500 -0.040739
vt 0.187500 -0.038029
vt 0.125000 -0.038029
vt 0.187500 -0.035289
vt 0.125000 -0.035289
vt 0.062500 -0.040739
vt 0.062500 -0.038029
vt 0.062500 -0.035289
vt 0.000000 -0.040739
vt 0.000000 -0.038029
vt 0.000000 -0.035289
vt 0.062500 -0.044707
vt 0.000000 -0.044707
vt -0.000967 -0.049719
vt 0.062500 -0.049719
vt -0.000724 -0.055412
vt 0.062500 -0.055412
vt 0.000000 -0.060115
vt 0.062500 -0.060115
vt 0.125000 -0.044707
vt 0.125000 -0.049719
vt 0.125000 -0.055412
vt 0.125000 -0.060115
vt 0.187500 -0.044707
vt 0.187500 -0.049719
vt 0.187500 -0.055412
vt 0.187500 -0.060115
vt 0.218750 -0.044707
vt 0.218750 -0.049719
vt 0.218750 -0.055412
vt 0.218750 -0.060115
vt 0.281250 -0.044707
vt 0.250000 -0.044707
vt 0.250000 -0.049719
vt 0.281250 -0.049719
vt 0.250000 -0.055412
vt 0.281250 -0.055412
vt 0.250000 -0.060115
vt 0.281250 -0.060115
vt 0.375000 -0.044707
vt 0.312500 -0.044707
vt 0.312500 -0.049719
vt 0.375000 -0.049719
vt 0.312500 -0.055412
vt 0.375000 -0.055412
vt 0.312500 -0.060115
vt 0.375000 -0.060115
vt 0.437500 -0.044707
vt 0.437500 -0.049719
vt 0.437500 -0.055412
vt 0.437500 -0.060115
vt 0.500000 -0.044707
vt 0.500000 -0.049719
vt 0.500000 -0.055412
vt 0.500000 -0.060115
vt 0.562500 -0.044707
vt 0.562500 -0.049719
vt 0.562500 -0.055412
vt 0.562500 -0.060115
vt 0.625000 -0.044707
vt 0.625000 -0.049719
vt 0.625000 -0.055412
vt 0.625000 -0.060115
vt 0.687500 -0.044707
vt 0.687500 -0.049719
vt 0.687500 -0.055412
vt 0.687500 -0.060115
vt 0.750000 -0.044707
vt 0.750000 -0.049719
vt 0.750000 -0.055412
vt 0.750000 -0.060115
vt 0.812500 -0.044707
vt 0.812500 -0.049719
vt 0.812500 -0.055412
vt 0.812500 -0.060115
vt 0.875000 -0.044707
vt 0.875000 -0.049719
vt 0.875000 -0.055412
vt 0.875000 -0.060115
vt 0.937500 -0.044707
vt 0.937500 -0.049719
vt 0.937500 -0.055412
vt 0.937500 -0.060115
vt 1.000000 -0.044707
vt 1.000967 -0.049719
vt 1.000724 -0.055412
vt 1.000000 -0.060115
vt 0.062500 -0.065063
vt 0.000000 -0.065063
vt -0.000317 -0.069472
vt 0.062500 -0.069472
vt -0.000231 -0.074402
vt 0.062500 -0.074402
vt 0.000000 -0.078468
vt 0.062500 -0.078468
vt 0.125000 -0.065063
vt 0.125000 -0.069472
vt 0.125000 -0.074402
vt 0.125000 -0.078468
vt 0.187500 -0.065063
vt 0.187500 -0.069472
vt 0.187500 -0.074402
vt 0.187500 -0.078468
vt 0.218750 -0.065063
vt 0.218750 -0.069472
vt 0.218750 -0.074402
vt 0.218750 -0.078468
vt 0.281250 -0.065063
vt 0.250000 -0.065063
vt 0.250000 -0.069472
vt 0.281250 -0.069472
vt 0.250000 -0.074402
vt 0.281250 -0.074402
vt 0.250000 -0.078468
vt 0.281250 -0.078468
vt 0.375000 -0.065063
vt 0.312500 -0.065063
vt 0.312500 -0.069472
vt 0.375000 -0.069472
vt 0.312500 -0.074402
vt 0.375000 -0.074402
vt 0.312500 -0.078468
vt 0.375000 -0.078468
vt 0.437500 -0.065063
vt 0.437500 -0.069472
vt 0.437500 -0.074402
vt 0.437500 -0.078468
vt 0.500000 -0.065063
vt 0.500000 -0.069472
vt 0.500000 -0.074402
vt 0.500000 -0.078468
vt 0.562500 -0.065063
vt 0.562500 -0.069472
vt 0.562500 -0.074402
vt 0.562500 -0.078468
vt 0.625000 -0.065063
vt 0.625000 -0.069472
vt 0.625000 -0.074402
vt 0.625000 -0.078468
vt 0.687500 -0.065063
vt 0.687500 -0.069472
vt 0.687500 -0.074402
vt 0.687500 -0.078468
vt 0.750000 -0.065063
vt 0.750000 -0.069472
vt 0.750000 -0.074402
vt 0.750000 -0.078468
vt 0.812500 -0.065063
vt 0.812500 -0.069472
vt 0.812500 -0.074402
vt 0.812500 -0.078468
vt 0.875000 -0.065063
vt 0.875000 -0.069472
vt 0.875000 -0.074402
vt 0.875000 -0.078468
vt 0.937500 -0.065063
vt 0.937500 -0.069472
vt 0.937500 -0.074402
vt 0.937500 -0.078468
vt 1.000000 -0.065063
vt 1.000317 -0.069472
vt 1.000231 -0.074402
vt 1.000000 -0.078468
vt 0.062500 -0.083572
vt 0.000000 -0.083572
vt -0.000755 -0.089542
vt 0.062500 -0.089542
vt -0.000317 -0.095392
vt 0.062500 -0.095392
vt 0.000000 -0.098852
vt 0.062500 -0.098852
vt 0.125000 -0.083572
vt 0.125000 -0.089542
vt 0.125000 -0.095392
vt 0.125000 -0.098852
vt 0.187500 -0.083572
vt 0.187500 -0.089542
vt 0.187500 -0.095392
vt 0.187500 -0.098852
vt 0.218750 -0.083572
vt 0.218750 -0.089542
vt 0.218750 -0.095392
vt 0.218750 -0.098852
vt 0.281250 -0.083572
vt 0.250000 -0.083572
vt 0.250000 -0.089542
vt 0.281250 -0.089542
vt 0.250000 -0.095392
vt 0.281250 -0.095392
vt 0.250000 -0.098852
vt 0.281250 -0.098852
vt 0.375000 -0.083572
vt 0.312500 -0.083572
vt 0.312500 -0.089542
vt 0.375000 -0.089542
vt 0.312500 -0.095392
vt 0.375000 -0.095392
vt 0.312500 -0.098852
vt 0.375000 -0.098852
vt 0.437500 -0.083572
vt 0.437500 -0.089542
vt 0.437500 -0.095392
vt 0.437500 -0.098852
vt 0.500000 -0.083572
vt 0.500000 -0.089542
vt 0.500000 -0.095392
vt 0.500000 -0.098852
vt 0.562500 -0.083572
vt 0.562500 -0.089542
vt 0.562500 -0.095392
vt 0.562500 -0.098852
vt 0.625000 -0.083572
vt 0.625000 -0.089542
vt 0.625000 -0.095392
vt 0.625000 -0.098852
vt 0.687500 -0.083572
vt 0.687500 -0.089542
vt 0.687500 -0.095392
vt 0.687500 -0.098852
vt 0.750000 -0.083572
vt 0.750000 -0.089542
vt 0.750000 -0.095392
vt 0.750000 -0.098852
vt 0.812500 -0.083572
vt 0.812500 -0.089542
vt 0.812500 -0.095392
vt 0.812500 -0.098852
vt 0.875000 -0.083572
vt 0.875000 -0.089542
vt 0.875000 -0.095392
vt 0.875000 -0.098852
vt 0.937500 -0.083572
vt 0.937500 -0.089542
vt 0.937500 -0.095392
vt 0.937500 -0.098852
vt 1.000000 -0.083572
vt 1.000755 -0.089542
vt 1.000317 -0.095392
vt 1.000000 -0.098852
vt 0.937500 -0.107141
vt 1.000000 -0.107141
vt 0.000000 -0.107141
vt 0.062500 -0.107141
vt 0.125000 -0.107141
vt 0.187500 -0.107141
vt 0.218750 -0.107141
vt 0.250000 -0.107141
vt 0.281250 -0.107141
vt 0.312500 -0.107141
vt 0.375000 -0.107141
vt 0.437500 -0.107141
vt 0.500000 -0.107141
vt 0.562500 -0.107141
vt 0.625000 -0.107141
vt 0.687500 -0.107141
vt 0.750000 -0.107141
vt 0.812500 -0.107141
vt 0.875000 -0.107141
vt 0.062500 -0.114387
vt 0.000000 -0.114387
vt 0.000183 -0.118476
vt 0.062500 -0.118476
vt 0.000000 -0.124270
vt 0.062500 -0.124270
vt 0.125000 -0.114387
vt 0.125000 -0.118476
vt 0.125000 -0.124270
vt 0.187500 -0.114387
vt 0.187500 -0.118476
vt 0.187500 -0.124270
vt 0.218750 -0.114387
vt 0.218750 -0.118476
vt 0.218750 -0.124270
vt 0.281250 -0.114387
vt 0.250000 -0.114387
vt 0.250000 -0.118476
vt 0.281250 -0.118476
vt 0.250000 -0.124270
vt 0.281250 -0.124270
vt 0.375000 -0.114387
vt 0.312500 -0.114387
vt 0.312500 -0.118476
vt 0.375000 -0.118476
vt 0.312500 -0.124270
vt 0.375000 -0.124270
vt 0.437500 -0.114387
vt 0.437500 -0.118476
vt 0.437500 -0.124270
vt 0.500000 -0.114387
vt 0.500000 -0.118476
vt 0.500000 -0.124270
vt 0.562500 -0.114387
vt 0.562500 -0.118476
vt 0.562500 -0.124270
vt 0.625000 -0.114387
vt 0.625000 -0.118476
vt 0.625000 -0.124270
vt 0.687500 -0.114387
vt 0.687500 -0.118476
vt 0.687500 -0.124270
vt 0.750000 -0.114387
vt 0.750000 -0.118476
vt 0.750000 -0.124270
vt 0.812500 -0.114387
vt 0.812500 -0.118476
vt 0.812500 -0.124270
vt 0.875000 -0.114387
vt 0.875000 -0.118476
vt 0.875000 -0.124270
vt 0.937500 -0.114387
vt 0.937500 -0.118476
vt 0.937500 -0.124270
vt 1.000000 -0.114387
vt 0.999817 -0.118476
vt 1.000000 -0.124270
vt 0.062500 -0.178072
vt 0.000000 -0.178072
vt 0.000127 -0.184297
vt 0.062500 -0.184297
vt 0.218750 -0.190695
vt 0.250000 -0.190695
vt 0.125000 -0.178072
vt 0.125000 -0.184297
vt 0.375000 -0.189823
vt 0.312500 -0.189823
vt 0.187500 -0.178072
vt 0.187500 -0.184297
vt 0.437500 -0.190695
vt 0.500000 -0.190695
vt 0.218750 -0.178072
vt 0.218750 -0.184297
vt 0.437500 -0.189823
vt 0.281250 -0.178072
vt 0.250000 -0.178072
vt 0.250000 -0.184297
vt 0.281250 -0.184297
vt 0.281250 -0.190695
vt 0.312500 -0.190695
vt 0.375000 -0.178072
vt 0.312500 -0.178072
vt 0.312500 -0.184297
vt 0.375000 -0.184297
vt 0.500000 -0.189823
vt 0.437500 -0.178072
vt 0.437500 -0.184297
vt 0.750000 -0.190695
vt 0.812500 -0.190695
vt 0.500000 -0.178072
vt 0.500000 -0.184297
vt 0.125000 -0.190695
vt 0.187500 -0.190695
vt 0.562500 -0.178072
vt 0.562500 -0.184297
vt 0.937500 -0.190695
vt 1.000000 -0.190695
vt 0.625000 -0.178072
vt 0.625000 -0.184297
vt 0.562500 -0.189823
vt 0.687500 -0.178072
vt 0.687500 -0.184297
vt 0.562500 -0.190695
vt 0.625000 -0.190695
vt 0.750000 -0.178072
vt 0.750000 -0.184297
vt 0.625000 -0.189823
vt 0.812500 -0.178072
vt 0.812500 -0.184297
vt 0.875000 -0.178072
vt 0.875000 -0.184297
vt 0.687500 -0.189823
vt 0.937500 -0.178072
vt 0.937500 -0.184297
vt 0.375000 -0.190695
vt 1.000000 -0.178072
vt 0.999873 -0.184297
vt 0.875000 -0.190695
vt 0.062500 -0.234297
vt 0.062500 -0.190695
vt 0.000000 -0.190695
vt 0.000000 -0.191200
vt 0.015567 -0.191200
vt 0.023390 -0.192235
vt 0.030021 -0.195181
vt 0.034452 -0.199591
vt 0.036008 -0.204793
vt 0.036008 -0.234297
vt 1.000000 -0.191200
vt 0.937500 -0.234297
vt 0.977203 -0.234297
vt 0.977203 -0.204793
vt 0.978759 -0.199591
vt 0.983190 -0.195181
vt 0.989822 -0.192235
vt 0.997645 -0.191200
vt 0.125000 -0.191200
vt 0.100268 -0.234297
vt 0.100268 -0.204793
vt 0.101824 -0.199591
vt 0.106256 -0.195181
vt 0.112887 -0.192235
vt 0.120710 -0.191200
vt 0.187500 -0.234297
vt 0.138632 -0.191200
vt 0.146455 -0.192235
vt 0.153086 -0.195181
vt 0.157517 -0.199591
vt 0.159073 -0.204793
vt 0.159073 -0.234297
vt 0.218750 -0.234297
vt 0.220597 -0.234297
vt 0.220597 -0.204793
vt 0.222153 -0.199591
vt 0.226585 -0.195181
vt 0.233216 -0.192235
vt 0.241039 -0.191200
vt 0.250000 -0.191200
vt 0.281250 -0.234297
vt 0.312500 -0.234297
vt 0.340926 -0.234297
vt 0.340926 -0.204793
vt 0.342482 -0.199591
vt 0.346914 -0.195181
vt 0.353545 -0.192235
vt 0.361368 -0.191200
vt 0.375000 -0.191200
vt 0.437500 -0.234297
vt 0.379290 -0.191200
vt 0.387113 -0.192235
vt 0.393744 -0.195181
vt 0.398175 -0.199591
vt 0.399731 -0.204793
vt 0.399731 -0.234297
vt 0.463992 -0.234297
vt 0.463992 -0.204793
vt 0.465548 -0.199591
vt 0.469979 -0.195181
vt 0.476610 -0.192235
vt 0.484433 -0.191200
vt 0.500000 -0.191200
vt 0.562500 -0.234297
vt 0.502355 -0.191200
vt 0.510178 -0.192235
vt 0.516810 -0.195181
vt 0.521241 -0.199591
vt 0.522797 -0.204793
vt 0.522797 -0.234297
vt 0.590926 -0.234297
vt 0.590926 -0.204793
vt 0.592482 -0.199591
vt 0.596914 -0.195181
vt 0.603545 -0.192235
vt 0.611368 -0.191200
vt 0.625000 -0.191200
vt 0.649731 -0.234297
vt 0.687500 -0.234297
vt 0.687500 -0.190695
vt 0.629290 -0.191200
vt 0.637113 -0.192235
vt 0.643744 -0.195181
vt 0.648175 -0.199591
vt 0.649731 -0.204793
vt 0.750000 -0.191200
vt 0.720597 -0.234297
vt 0.720597 -0.204793
vt 0.722153 -0.199591
vt 0.726585 -0.195181
vt 0.733216 -0.192235
vt 0.741039 -0.191200
vt 0.812500 -0.234297
vt 0.758961 -0.191200
vt 0.766784 -0.192235
vt 0.773415 -0.195181
vt 0.777847 -0.199591
vt 0.779402 -0.204793
vt 0.779402 -0.234297
vt 0.875000 -0.191200
vt 0.850268 -0.234297
vt 0.850268 -0.204793
vt 0.851824 -0.199591
vt 0.856256 -0.195181
vt 0.862887 -0.192235
vt 0.870710 -0.191200
vt 0.888632 -0.191200
vt 0.896455 -0.192235
vt 0.903086 -0.195181
vt 0.907518 -0.199591
vt 0.909073 -0.204793
vt 0.909073 -0.234297
vt 0.258961 -0.191200
vt 0.266784 -0.192235
vt 0.273415 -0.195181
vt 0.277846 -0.199591
vt 0.279402 -0.204793
vt 0.279402 -0.234297
vt 0.750000 -0.189823
vt 0.812500 -0.189823
vt 0.218750 -0.189823
vt 0.250000 -0.189823
vt 0.281250 -0.189823
vt 0.937501 -0.189823
vt 0.999985 -0.189823
vt 0.875000 -0.189823
vt 0.187500 -0.189823
vt 0.125000 -0.189823
vt 0.062499 -0.189823
vt 0.000015 -0.189823
vt 0.062500 -0.233008
vt 0.036008 -0.233189
vt 0.937500 -0.233008
vt 0.977203 -0.233189
vt 0.076478 -0.233070
vt 0.100268 -0.233189
vt 0.159913 -0.233163
vt 0.187500 -0.233008
vt 0.159073 -0.233189
vt 0.218750 -0.233008
vt 0.220597 -0.233189
vt 0.312500 -0.233008
vt 0.281250 -0.233008
vt 0.340087 -0.233163
vt 0.340926 -0.233189
vt 0.437500 -0.233008
vt 0.399731 -0.233189
vt 0.423997 -0.233069
vt 0.463992 -0.233189
vt 0.562500 -0.233008
vt 0.522797 -0.233189
vt 0.590087 -0.233163
vt 0.590926 -0.233189
vt 0.687500 -0.233008
vt 0.649731 -0.233189
vt 0.720597 -0.233189
vt 0.812500 -0.233008
vt 0.779402 -0.233189
vt 0.849153 -0.233157
vt 0.850268 -0.233189
vt 0.909073 -0.233189
vt 0.909913 -0.233163
vt 0.279402 -0.233189
vt 0.062500 -0.233005
vt 0.036008 -0.233189
vt 0.977203 -0.233189
vt 0.937500 -0.233005
vt 0.100268 -0.233189
vt 0.187500 -0.233005
vt 0.159073 -0.233189
vt 0.218750 -0.233005
vt 0.220597 -0.233189
vt 0.281250 -0.233005
vt 0.312500 -0.233005
vt 0.340926 -0.233189
vt 0.437500 -0.233005
vt 0.399731 -0.233189
vt 0.463992 -0.233189
vt 0.562500 -0.233005
vt 0.590926 -0.233189
vt 0.687500 -0.233005
vt 0.649731 -0.233189
vt 0.720597 -0.233189
vt 0.812500 -0.233005
vt 0.850268 -0.233189
vt 0.909073 -0.233189
vt 0.279402 -0.233189
vt 1.000000 0.500000
vt 1.000000 1.000000
vt 0.916667 1.000000
vt 0.916667 0.500000
vt 0.833333 1.000000
vt 0.833333 0.500000
vt 0.750000 1.000000
vt 0.750000 0.500000
vt 0.666667 1.000000
vt 0.666667 0.500000
vt 0.583333 1.000000
vt 0.583333 0.500000
vt 0.500000 1.000000
vt 0.500000 0.500000
vt 0.416667 1.000000
vt 0.416667 0.500000
vt 0.333333 1.000000
vt 0.333333 0.500000
vt 0.250000 1.000000
vt 0.250000 0.500000
vt 0.166667 1.000000
vt 0.166667 0.500000
vt 0.083333 1.000000
vt 0.083333 0.500000
vt 0.000000 1.000000
vt 0.000000 0.500000
vt 0.336596 0.457952
vt 0.368870 0.436388
vt 0.370000 0.457846
vt 0.250000 0.490000
vt 0.290922 0.467037
vt 0.293471 0.466530
vt 0.209771 0.467037
vt 0.130000 0.457846
vt 0.131823 0.436388
vt 0.164096 0.457952
vt 0.207221 0.466530
vt 0.031222 0.218268
vt 0.010000 0.250000
vt 0.042154 0.130000
vt 0.063686 0.131204
vt 0.042121 0.163477
vt 0.130000 0.042154
vt 0.250000 0.010000
vt 0.209771 0.032416
vt 0.164097 0.041502
vt 0.119911 0.071025
vt 0.290921 0.032416
vt 0.370000 0.042154
vt 0.379476 0.070153
vt 0.336596 0.041502
vt 0.465843 0.299418
vt 0.490000 0.250000
vt 0.457846 0.370000
vt 0.447644 0.352330
vt 0.458571 0.335977
vt 0.042154 0.370000
vt 0.034849 0.299418
vt 0.042121 0.335977
vt 0.052677 0.351774
vt 0.457846 0.130000
vt 0.469470 0.218267
vt 0.458571 0.163477
vt 0.437007 0.131203
vt 0.369852 0.435731
vt 0.364087 0.427103
vt 0.332547 0.448178
vt 0.291447 0.456353
vt 0.288897 0.456860
vt 0.211795 0.456860
vt 0.209246 0.456353
vt 0.168145 0.448178
vt 0.136605 0.427103
vt 0.130840 0.435731
vt 0.071645 0.380162
vt 0.080272 0.374397
vt 0.051895 0.331928
vt 0.045026 0.297394
vt 0.041399 0.220292
vt 0.051895 0.167526
vt 0.072970 0.135986
vt 0.064342 0.130221
vt 0.125676 0.079653
vt 0.168145 0.051276
vt 0.211795 0.042593
vt 0.288897 0.042593
vt 0.332547 0.051276
vt 0.375017 0.079653
vt 0.380781 0.071025
vt 0.436350 0.130221
vt 0.427723 0.135986
vt 0.448797 0.167526
vt 0.459293 0.220292
vt 0.455666 0.297394
vt 0.448797 0.331928
vt 0.420420 0.374397
vt 0.429048 0.380162
vt 0.008696 0.500000
vt 0.008696 0.500000
vt 0.675362 0.500000
vt 0.741304 0.500000
vt 0.241224 0.500000
vt 0.241224 0.500000
vt 0.074638 0.500000
vt 0.842029 0.500000
vt 0.842029 0.500000
vt 0.907891 0.500000
vt 0.907890 0.500000
vt 0.407891 0.500000
vt 0.175362 0.500000
vt 0.175363 0.500000
vt 0.175443 0.500000
vt 0.342110 0.500000
vt 0.630000 0.457846
vt 0.750000 0.490000
vt 0.870000 0.457846
vt 0.957846 0.370000
vt 0.990000 0.250000
vt 0.957846 0.130000
vt 0.870000 0.042154
vt 0.750000 0.010000
vt 0.630000 0.042154
vt 0.542154 0.130000
vt 0.510000 0.250000
vt 0.542154 0.370000
vt 0.675443 0.500000
vt 0.675443 0.500000
vt 0.008776 0.500000
vt 0.074557 0.500000
vt 0.008776 0.500000
vt 0.074557 0.500000
vt 0.508776 0.500000
vt 0.574557 0.500000
vt 0.574557 0.500000
vt 0.842110 0.500000
vt 0.842110 0.500000
vt 0.508776 0.500000
vt 0.741224 0.500000
vt 0.342029 0.500000
vt 0.907971 0.500000
vt 0.241304 0.500000
vt 0.907971 0.500000
vt 0.241304 0.500000
vt 0.508696 0.500000
vt 0.574638 0.500000
vt 0.574638 0.500000
vt 0.508696 0.500000
vt 0.407971 0.500000
vt 0.407971 0.500000
vt 0.741304 0.500000
vt 0.566716 0.166667
vt 0.625000 0.166667
vt 0.625000 0.190360
vt 0.566716 0.190360
vt 0.712156 0.640542
vt 0.712156 0.750000
vt 0.636467 0.750000
vt 0.636467 0.640542
vt 0.136467 0.750000
vt 0.136467 0.640542
vt 0.212156 0.640542
vt 0.212156 0.750000
vt 0.363672 0.645045
vt 0.375000 0.645045
vt 0.375000 0.700462
vt 0.363672 0.700463
vt 0.363672 0.750000
vt 0.363533 0.750000
vt 0.363533 0.640542
vt 0.363672 0.640542
vt 0.414244 0.825829
vt 0.566716 0.825829
vt 0.566716 0.837156
vt 0.375000 0.837156
vt 0.375000 0.761467
vt 0.566716 0.761467
vt 0.566716 0.773216
vt 0.414244 0.773216
vt 0.375000 0.331891
vt 0.375000 0.261467
vt 0.566716 0.261467
vt 0.566716 0.278717
vt 0.399869 0.278717
vt 0.399869 0.331330
vt 0.566716 0.331330
vt 0.566716 0.331891
vt 0.566716 0.260820
vt 0.625000 0.260820
vt 0.625000 0.261467
vt 0.135820 0.750000
vt 0.135820 0.700463
vt 0.125000 0.700463
vt 0.125000 0.645045
vt 0.135820 0.645045
vt 0.135820 0.640542
vt 0.636328 0.750000
vt 0.636328 0.700462
vt 0.625000 0.700463
vt 0.625000 0.645045
vt 0.636328 0.645045
vt 0.636328 0.640542
vt 0.625000 0.488672
vt 0.566716 0.488672
vt 0.566716 0.488533
vt 0.625000 0.488533
vt 0.864180 0.645045
vt 0.875000 0.645045
vt 0.875000 0.700462
vt 0.864180 0.700463
vt 0.864180 0.750000
vt 0.863533 0.750000
vt 0.863533 0.640542
vt 0.864180 0.640542
vt 0.566716 0.101348
vt 0.577448 0.101348
vt 0.593259 0.100255
vt 0.607647 0.098558
vt 0.617820 0.096157
vt 0.624370 0.093519
vt 0.624370 0.092713
vt 0.617820 0.090075
vt 0.607647 0.087675
vt 0.593259 0.085977
vt 0.577448 0.084885
vt 0.566716 0.084885
vt 0.566716 0.049537
vt 0.625000 0.049538
vt 0.625000 0.104955
vt 0.566716 0.104955
vt 0.625000 0.761467
vt 0.566716 0.761328
vt 0.625000 0.761328
vt 0.566716 0.989180
vt 0.566716 0.988533
vt 0.625000 0.988533
vt 0.625000 0.989180
vt 0.875000 0.583333
vt 0.863533 0.583333
vt 0.863533 0.500000
vt 0.864180 0.500000
vt 0.864180 0.559640
vt 0.875000 0.559640
vt 0.636467 0.583333
vt 0.625000 0.583333
vt 0.625000 0.559640
vt 0.636328 0.559639
vt 0.636328 0.500000
vt 0.636467 0.500000
vt 0.136467 0.583333
vt 0.125000 0.583333
vt 0.125000 0.559640
vt 0.135820 0.559640
vt 0.135820 0.500000
vt 0.136467 0.500000
vt 0.363533 0.583333
vt 0.363533 0.500000
vt 0.363672 0.500000
vt 0.363672 0.559640
vt 0.375000 0.559640
vt 0.375000 0.583333
vt 0.212156 0.583333
vt 0.206891 0.500000
vt 0.206891 0.559640
vt 0.212156 0.559640
vt 0.706606 0.559640
vt 0.712156 0.559640
vt 0.712156 0.583333
vt 0.706606 0.500000
vt 0.566716 0.583333
vt 0.566716 0.559640
vt 0.787844 0.640542
vt 0.787844 0.750000
vt 0.566716 0.162763
vt 0.577448 0.162763
vt 0.593259 0.161671
vt 0.607647 0.159973
vt 0.617820 0.157573
vt 0.624369 0.154935
vt 0.624369 0.154129
vt 0.617820 0.151491
vt 0.607647 0.149090
vt 0.593259 0.147393
vt 0.577448 0.146300
vt 0.566716 0.146300
vt 0.566716 0.142693
vt 0.625000 0.142693
vt 0.566716 0.132462
vt 0.577448 0.132462
vt 0.593259 0.131370
vt 0.607647 0.129672
vt 0.617820 0.127272
vt 0.624370 0.124634
vt 0.624369 0.123828
vt 0.617820 0.121190
vt 0.607647 0.118789
vt 0.593259 0.117092
vt 0.577448 0.115999
vt 0.566716 0.115999
vt 0.566716 0.111358
vt 0.625000 0.111358
vt 0.625000 0.136289
vt 0.566716 0.136289
vt 0.787844 0.750000
vt 0.787844 0.717185
vt 0.787844 0.717185
vt 0.287844 0.750000
vt 0.287844 0.640542
vt 0.787844 0.583333
vt 0.787844 0.559640
vt 0.793109 0.559640
vt 0.793109 0.500000
vt 0.779612 0.500000
vt 0.779612 0.559640
vt 0.775966 0.583333
vt 0.750000 0.583333
vt 0.720234 0.559640
vt 0.720234 0.500000
vt 0.224034 0.640542
vt 0.224034 0.750000
vt 0.712156 0.717185
vt 0.712156 0.717185
vt 0.287844 0.583333
vt 0.287844 0.559640
vt 0.293394 0.559640
vt 0.293394 0.500000
vt 0.250000 0.583333
vt 0.224034 0.583333
vt 0.220388 0.559640
vt 0.220388 0.500000
vt 0.279766 0.500000
vt 0.279766 0.559640
vt 0.375000 0.488533
vt 0.375000 0.418393
vt 0.566716 0.418393
vt 0.566716 0.424723
vt 0.473445 0.424723
vt 0.473445 0.477336
vt 0.566716 0.477336
vt 0.375000 0.404766
vt 0.375000 0.345388
vt 0.566716 0.345388
vt 0.566716 0.359363
vt 0.473445 0.359363
vt 0.473445 0.387860
vt 0.566716 0.387860
vt 0.566716 0.404766
vt 0.375000 0.988533
vt 0.375000 0.912844
vt 0.566716 0.912844
vt 0.566716 0.927319
vt 0.414244 0.927319
vt 0.414244 0.979932
vt 0.566716 0.979932
vt 0.250000 0.750000
vt 0.750000 0.640542
vt 0.625000 0.607307
vt 0.566716 0.607307
vt 0.566716 0.603700
vt 0.577448 0.603700
vt 0.593259 0.602607
vt 0.607647 0.600910
vt 0.617820 0.598509
vt 0.624370 0.595871
vt 0.624369 0.595065
vt 0.617820 0.592427
vt 0.607647 0.590027
vt 0.593259 0.588329
vt 0.577448 0.587237
vt 0.566716 0.587237
vt 0.625000 0.638642
vt 0.566716 0.638642
vt 0.566716 0.634001
vt 0.577448 0.634001
vt 0.593259 0.632908
vt 0.607647 0.631211
vt 0.617820 0.628810
vt 0.624369 0.626172
vt 0.624369 0.625366
vt 0.617820 0.622728
vt 0.607647 0.620328
vt 0.593259 0.618630
vt 0.577448 0.617538
vt 0.566716 0.617538
vt 0.566716 0.613711
vt 0.625000 0.613711
vt 0.375000 0.607307
vt 0.363672 0.607307
vt 0.363672 0.613711
vt 0.375000 0.613711
vt 0.375000 0.638642
vt 0.363672 0.638642
vt 0.135820 0.638642
vt 0.125000 0.638642
vt 0.125000 0.613711
vt 0.135820 0.613711
vt 0.135820 0.607307
vt 0.125000 0.607307
vt 0.636328 0.638642
vt 0.636328 0.613711
vt 0.636328 0.607307
vt 0.875000 0.607307
vt 0.864180 0.607307
vt 0.864180 0.613711
vt 0.875000 0.613711
vt 0.875000 0.638642
vt 0.864180 0.638642
vt 0.775966 0.750000
vt 0.750000 0.750000
vt 0.775966 0.640542
vt 0.775966 0.640542
vt 0.625000 0.837156
vt 0.625000 0.875000
vt 0.375000 0.104955
vt 0.375000 0.049537
vt 0.399869 0.084885
vt 0.399869 0.101348
vt 0.473445 0.634001
vt 0.473445 0.617538
vt 0.473445 0.587237
vt 0.473445 0.603700
vt 0.399869 0.648652
vt 0.399869 0.665115
vt 0.566716 0.665115
vt 0.566716 0.700463
vt 0.566716 0.645045
vt 0.566716 0.648652
vt 0.577448 0.979932
vt 0.593259 0.976440
vt 0.607647 0.971016
vt 0.617820 0.963344
vt 0.624369 0.954914
vt 0.624369 0.952337
vt 0.617820 0.943907
vt 0.607647 0.936236
vt 0.593259 0.930811
vt 0.577448 0.927319
vt 0.625000 0.912844
vt 0.577448 0.387860
vt 0.593259 0.385969
vt 0.607647 0.383031
vt 0.617820 0.378876
vt 0.624369 0.374309
vt 0.624369 0.372914
vt 0.617820 0.368347
vt 0.607647 0.364192
vt 0.593259 0.361254
vt 0.577448 0.359363
vt 0.625000 0.345388
vt 0.625000 0.404766
vt 0.577448 0.477336
vt 0.593259 0.473845
vt 0.607647 0.468420
vt 0.617820 0.460748
vt 0.624370 0.452318
vt 0.624369 0.449741
vt 0.617820 0.441311
vt 0.607647 0.433640
vt 0.593259 0.428215
vt 0.577448 0.424723
vt 0.625000 0.418393
vt 0.375000 0.166667
vt 0.375000 0.142693
vt 0.473445 0.146300
vt 0.473445 0.162763
vt 0.375000 0.136289
vt 0.375000 0.111358
vt 0.473445 0.115999
vt 0.473445 0.132462
vt 0.375000 0.989180
vt 0.375000 0.761328
vt 0.375000 0.488672
vt 0.375000 0.260820
vt 0.577448 0.331330
vt 0.593259 0.327838
vt 0.607647 0.322413
vt 0.617820 0.314742
vt 0.624369 0.306312
vt 0.624369 0.303735
vt 0.617820 0.295305
vt 0.607647 0.287633
vt 0.593259 0.282209
vt 0.577448 0.278717
vt 0.625000 0.331891
vt 0.577448 0.825829
vt 0.593259 0.822337
vt 0.607647 0.816912
vt 0.617820 0.809241
vt 0.624370 0.800811
vt 0.624370 0.798234
vt 0.617820 0.789804
vt 0.607647 0.782132
vt 0.593259 0.776708
vt 0.577448 0.773216
vt 0.375000 0.190360
vt 0.566716 0.875000
vt 0.375000 0.875000
vt 0.566716 0.912844
vt 0.566716 0.837156
vt 0.566716 0.900966
vt 0.566716 0.898165
vt 0.573918 0.250000
vt 0.573918 0.175791
vt 0.573918 0.000000
vt 0.597554 0.354471
vt 0.597554 0.422601
vt 0.603594 0.422601
vt 0.375000 0.427430
vt 0.527543 0.427430
vt 0.573918 0.427430
vt 0.603594 0.354471
vt 0.573918 1.000000
vt 0.573918 0.822570
vt 0.527543 0.822570
vt 0.375000 0.822570
vt 0.603594 0.827399
vt 0.597554 0.827399
vt 0.597554 0.895529
vt 0.603594 0.895529
vt 0.302430 0.750000
vt 0.125000 0.574208
vt 0.302430 0.500000
vt 0.597554 0.343038
vt 0.597554 0.411168
vt 0.603594 0.411168
vt 0.573918 0.500000
vt 0.573918 0.330533
vt 0.527544 0.330533
vt 0.375000 0.330533
vt 0.603594 0.343038
vt 0.603594 0.696822
vt 0.603594 0.538468
vt 0.597554 0.538468
vt 0.597554 0.696822
vt 0.375000 0.613957
vt 0.527544 0.613956
vt 0.573918 0.613956
vt 0.205533 0.500000
vt 0.603594 0.411168
vt 0.573918 0.330533
vt 0.527543 0.330533
vt 0.375000 0.330533
vt 0.573918 0.750000
vt 0.573918 0.574208
vt 0.375000 0.919467
vt 0.527543 0.919467
vt 0.573918 0.919467
vt 0.603594 0.838832
vt 0.597554 0.838832
vt 0.597554 0.906962
vt 0.603594 0.906962
vt 0.205533 0.750000
vt 0.205533 0.500000
vt 0.375000 0.574209
vt 0.603594 0.699538
vt 0.603594 0.631407
vt 0.597554 0.631407
vt 0.573918 0.612805
vt 0.527544 0.612805
vt 0.375000 0.612805
vt 0.597554 0.699537
vt 0.375000 0.919467
vt 0.527544 0.919467
vt 0.573918 0.919467
vt 0.603594 0.838832
vt 0.597554 0.838832
vt 0.603594 0.906962
vt 0.205533 0.750000
vt 0.573918 0.136044
vt 0.527543 0.136044
vt 0.375000 0.136044
vt 0.603594 0.053178
vt 0.597554 0.053178
vt 0.597554 0.211532
vt 0.603594 0.211532
vt 0.597554 0.354471
vt 0.597554 0.422601
vt 0.603594 0.422601
vt 0.375000 0.427429
vt 0.527544 0.427429
vt 0.573918 0.427429
vt 0.603594 0.354471
vt 0.125000 0.613957
vt 0.302429 0.500000
vt 0.603594 0.422601
vt 0.603594 0.354471
vt 0.597554 0.354471
vt 0.527544 0.427430
vt 0.573918 0.427430
vt 0.573918 0.822570
vt 0.527544 0.822571
vt 0.603594 0.827399
vt 0.597554 0.895529
vt 0.603594 0.895529
vt 0.302430 0.750000
vt 0.302430 0.500000
vt 0.375000 0.137195
vt 0.527544 0.137195
vt 0.573918 0.137195
vt 0.597554 0.118594
vt 0.603594 0.118594
vt 0.603594 0.050464
vt 0.597554 0.050464
vt 0.573918 0.822571
vt 0.527544 0.822571
vt 0.375000 0.822571
vt 0.603594 0.827399
vt 0.597554 0.827399
vt 0.597554 0.895529
vt 0.603594 0.895529
vt 0.125000 0.612805
vt 0.302429 0.750000
vt 0.597554 0.118594
vt 0.603594 0.118594
vt 0.603594 0.050463
vt 0.597554 0.050463
vt 0.603594 0.699537
vt 0.603594 0.631406
vt 0.597554 0.631406
vt 0.597554 0.699537
vt 0.573918 0.817790
vt 0.307210 0.750000
vt 0.597554 0.118593
vt 0.603594 0.118594
vt 0.603594 0.050463
vt 0.597554 0.050463
vt 0.603594 0.699537
vt 0.603594 0.631406
vt 0.597554 0.631406
vt 0.597554 0.699537
vt 0.573918 0.935680
vt 0.189320 0.750000
vt 0.399278 0.897151
vt 0.375000 0.900966
vt 0.399278 0.877650
vt 0.513453 0.897151
vt 0.529264 0.895857
vt 0.543652 0.893847
vt 0.553826 0.891003
vt 0.560375 0.887878
vt 0.560375 0.886923
vt 0.553826 0.883799
vt 0.543652 0.880955
vt 0.529264 0.878945
vt 0.513453 0.877650
vt 0.625000 0.900966
vt 0.250000 0.640542
vt 0.489116 0.838987
vt 0.552184 0.750000
vt 0.583496 0.755531
vt 0.617051 0.763866
vt 0.663098 0.776273
vt 0.704252 0.789626
vt 0.212156 0.750000
vt 0.625000 0.912844
vt 0.712156 0.750000
vt 0.712156 0.750000
vt 0.787844 0.750000
vt 0.787844 0.750000
vt 0.787844 0.750000
vt 0.375000 0.497653
vt 0.625000 0.497653
vt 0.625000 0.252788
vt 0.375000 0.252788
vt 0.625000 0.997212
vt 0.625000 0.752347
vt 0.375000 0.752347
vt 0.375000 0.997212
vt 0.372653 0.750000
vt 0.372653 0.630823
vt 0.372653 0.500000
vt 0.127788 0.500000
vt 0.127788 0.750000
vt 0.627347 0.500000
vt 0.627347 0.630823
vt 0.627347 0.750000
vt 0.872212 0.750000
vt 0.872212 0.500000
vt 0.375000 0.498248
vt 0.625000 0.498248
vt 0.625000 0.251280
vt 0.375000 0.251280
vt 0.625000 0.998720
vt 0.625000 0.751752
vt 0.375000 0.751752
vt 0.375000 0.998720
vt 0.373248 0.750000
vt 0.373248 0.500000
vt 0.126280 0.500000
vt 0.126280 0.630823
vt 0.126280 0.750000
vt 0.626752 0.500000
vt 0.626752 0.750000
vt 0.873720 0.750000
vt 0.873720 0.630823
vt 0.873720 0.500000
vt 0.375000 0.497781
vt 0.625000 0.497781
vt 0.625000 0.430886
vt 0.375000 0.430886
vt 0.375000 0.323976
vt 0.625000 0.323976
vt 0.625000 0.252104
vt 0.375000 0.252104
vt 0.375000 0.412745
vt 0.625000 0.412745
vt 0.625000 0.342117
vt 0.375000 0.342117
vt 0.625000 0.997896
vt 0.625000 0.926024
vt 0.375000 0.926024
vt 0.375000 0.997896
vt 0.625000 0.907883
vt 0.625000 0.837255
vt 0.375000 0.837255
vt 0.375000 0.907883
vt 0.625000 0.819114
vt 0.625000 0.752219
vt 0.375000 0.752219
vt 0.375000 0.819114
vt 0.217117 0.750000
vt 0.287745 0.750000
vt 0.287745 0.500000
vt 0.217117 0.500000
vt 0.127104 0.750000
vt 0.198976 0.750000
vt 0.198976 0.500000
vt 0.127104 0.500000
vt 0.305886 0.750000
vt 0.372781 0.750000
vt 0.372781 0.500000
vt 0.305886 0.500000
vt 0.627219 0.500000
vt 0.627219 0.750000
vt 0.694114 0.750000
vt 0.694114 0.500000
vt 0.712255 0.500000
vt 0.712255 0.750000
vt 0.782883 0.750000
vt 0.782883 0.500000
vt 0.801024 0.500000
vt 0.801024 0.750000
vt 0.872896 0.750000
vt 0.872896 0.500000
vt 0.375000 0.497766
vt 0.625000 0.497766
vt 0.625000 0.430421
vt 0.375000 0.430421
vt 0.375000 0.322792
vt 0.625000 0.322792
vt 0.625000 0.250436
vt 0.375000 0.250436
vt 0.375000 0.412158
vt 0.625000 0.412158
vt 0.625000 0.341055
vt 0.375000 0.341055
vt 0.625000 0.819579
vt 0.625000 0.752234
vt 0.375000 0.752234
vt 0.375000 0.819579
vt 0.625000 0.999564
vt 0.625000 0.927208
vt 0.375000 0.927208
vt 0.375000 0.999564
vt 0.625000 0.908945
vt 0.625000 0.837842
vt 0.375000 0.837842
vt 0.375000 0.908945
vt 0.305421 0.750000
vt 0.372766 0.750000
vt 0.372766 0.500000
vt 0.305421 0.500000
vt 0.216055 0.750000
vt 0.287158 0.750000
vt 0.287158 0.500000
vt 0.216055 0.500000
vt 0.125436 0.750000
vt 0.197792 0.750000
vt 0.197792 0.500000
vt 0.125436 0.500000
vt 0.627234 0.500000
vt 0.627234 0.750000
vt 0.694579 0.750000
vt 0.694579 0.500000
vt 0.802208 0.500000
vt 0.802208 0.750000
vt 0.874564 0.750000
vt 0.874564 0.500000
vt 0.712842 0.500000
vt 0.712842 0.750000
vt 0.783945 0.750000
vt 0.783945 0.500000
vt 0.625000 0.310999
vt 0.625000 0.250581
vt 0.375000 0.250581
vt 0.375000 0.310999
vt 0.625000 0.421306
vt 0.625000 0.328351
vt 0.375000 0.328351
vt 0.375000 0.421306
vt 0.625000 0.498282
vt 0.625000 0.438658
vt 0.375000 0.438658
vt 0.375000 0.498282
vt 0.375000 0.811342
vt 0.625000 0.811342
vt 0.625000 0.751718
vt 0.375000 0.751718
vt 0.375000 0.921649
vt 0.625000 0.921649
vt 0.625000 0.828694
vt 0.375000 0.828694
vt 0.375000 0.999419
vt 0.625000 0.999419
vt 0.625000 0.939001
vt 0.375000 0.939001
vt 0.203351 0.500000
vt 0.203351 0.750000
vt 0.296306 0.750000
vt 0.296306 0.500000
vt 0.373282 0.500000
vt 0.313658 0.500000
vt 0.313658 0.750000
vt 0.373282 0.750000
vt 0.125581 0.500000
vt 0.125581 0.750000
vt 0.185999 0.750000
vt 0.185999 0.500000
vt 0.814001 0.750000
vt 0.874419 0.750000
vt 0.874419 0.500000
vt 0.814001 0.500000
vt 0.626718 0.750000
vt 0.686342 0.750000
vt 0.686342 0.500000
vt 0.626718 0.500000
vt 0.703694 0.750000
vt 0.796649 0.750000
vt 0.796649 0.500000
vt 0.703694 0.500000
vt 0.577448 0.665115
vt 0.593259 0.664023
vt 0.607647 0.662325
vt 0.617820 0.659925
vt 0.624369 0.657287
vt 0.624369 0.656481
vt 0.617820 0.653843
vt 0.607647 0.651442
vt 0.593259 0.649745
vt 0.577448 0.648652
vt 0.125000 0.718206
vt 0.375000 0.728804
vt 0.371417 0.750000
vt 0.128583 0.750000
vt 0.377194 0.246904
vt 0.551748 0.000616
vt 0.552184 0.010598
vt 0.699191 0.789309
vt 0.699191 0.789309
vt 0.704252 0.758221
vt 0.552184 0.728804
vt 0.552411 0.753270
vt 0.377253 0.997058
vt 0.582954 0.757205
vt 0.616331 0.765166
vt 0.660527 0.777092
vt 0.583496 0.722330
vt 0.617055 0.728539
vt 0.582954 0.757205
vt 0.660527 0.777092
vt 0.663098 0.737796
vt 0.552411 0.753270
vt 0.582184 0.759748
vt 0.615132 0.767071
vt 0.125000 0.596886
vt 0.375000 0.596886
vt 0.552184 0.000000
vt 0.552184 0.153114
vt 0.586238 0.032850
vt 0.583772 0.158195
vt 0.583772 0.158196
vt 0.623297 0.034706
vt 0.616801 0.167134
vt 0.875000 0.596886
vt 0.875000 0.718206
vt 0.812772 0.718206
vt 0.812772 0.596885
vt 0.756122 0.718206
vt 0.756122 0.596885
vt 0.704252 0.587973
vt 0.552184 0.500000
vt 0.583496 0.595642
vt 0.552184 0.596886
vt 0.617069 0.593739
vt 0.663098 0.590976
vt 0.130289 0.500000
vt 0.373561 0.498394
vt 0.375000 0.531794
vt 0.125000 0.531794
vt 0.551853 0.000468
vt 0.377409 0.246601
vt 0.756122 0.531794
vt 0.704252 0.502247
vt 0.706753 0.462995
vt 0.753867 0.497591
vt 0.377409 0.746601
vt 0.552204 0.500201
vt 0.552184 0.515897
vt 0.582449 0.225447
vt 0.613315 0.238185
vt 0.609287 0.276243
vt 0.580982 0.260786
vt 0.875000 0.531794
vt 0.812772 0.531794
vt 0.812763 0.500000
vt 0.874001 0.500000
vt 0.617076 0.521415
vt 0.583496 0.527670
vt 0.583509 0.494458
vt 0.617211 0.486048
vt 0.663099 0.473710
vt 0.663098 0.512204
vt 0.552184 0.218206
vt 0.551989 0.254155
vt 0.130289 0.500000
vt 0.373069 0.499035
vt 0.551990 0.000274
vt 0.376411 0.248009
vt 0.706753 0.462995
vt 0.753867 0.497591
vt 0.376411 0.748009
vt 0.552273 0.500104
vt 0.582449 0.225447
vt 0.613315 0.238185
vt 0.609615 0.275846
vt 0.581406 0.260232
vt 0.812763 0.500000
vt 0.874001 0.500000
vt 0.583508 0.494458
vt 0.663099 0.473710
vt 0.552184 0.218206
vt 0.552910 0.252861
vt 0.373561 0.498394
vt 0.704252 0.502247
vt 0.753867 0.497591
vt 0.552204 0.500201
vt 0.580982 0.260786
vt 0.874001 0.500000
vt 0.551989 0.254155
vt 0.125000 0.718206
vt 0.375000 0.728804
vt 0.369711 0.750000
vt 0.130289 0.750000
vt 0.376535 0.247834
vt 0.551973 0.000298
vt 0.552184 0.010598
vt 0.698568 0.788500
vt 0.698568 0.788500
vt 0.704252 0.758221
vt 0.553247 0.752502
vt 0.376572 0.997885
vt 0.583724 0.756806
vt 0.617336 0.764868
vt 0.661160 0.776682
vt 0.617336 0.764868
vt 0.583724 0.756806
vt 0.583496 0.722330
vt 0.617055 0.728539
vt 0.663098 0.737796
vt 0.661160 0.776682
vt 0.553247 0.752502
vt 0.130289 0.750000
vt 0.551973 0.000298
vt 0.552184 0.010598
vt 0.698568 0.788500
vt 0.376572 0.997885
vt 0.583724 0.756806
vt 0.661160 0.776682
vt 0.583496 0.722330
vt 0.617336 0.764868
vt 0.583724 0.756806
vt 0.661160 0.776682
vt 0.553247 0.752502
vt 0.551853 0.000468
vt 0.552184 0.010598
vt 0.698345 0.788724
vt 0.698345 0.788724
vt 0.552440 0.753636
vt 0.377452 0.996744
vt 0.583353 0.757291
vt 0.617045 0.765219
vt 0.660888 0.776980
vt 0.617046 0.765219
vt 0.583353 0.757291
vt 0.617055 0.728539
vt 0.660888 0.776980
vt 0.552440 0.753635
vt 0.369711 0.750000
vt 0.551990 0.000274
vt 0.552184 0.010598
vt 0.698601 0.788465
vt 0.698601 0.788465
vt 0.553361 0.752340
vt 0.376445 0.998051
vt 0.583778 0.756735
vt 0.617378 0.764816
vt 0.661200 0.776636
vt 0.617378 0.764815
vt 0.661200 0.776636
vt 0.553361 0.752340
vt 0.552184 0.010598
vt 0.698345 0.788724
vt 0.552440 0.753636
vt 0.583353 0.757291
vt 0.660888 0.776980
vt 0.552440 0.753635
vt 0.375000 0.531794
vt 0.125000 0.531794
vt 0.756122 0.531795
vt 0.704252 0.502248
vt 0.552184 0.515897
vt 0.582449 0.225447
vt 0.613316 0.238185
vt 0.609287 0.276243
vt 0.875000 0.531794
vt 0.812772 0.531794
vt 0.583508 0.494458
vt 0.617211 0.486048
vt 0.617076 0.521415
vt 0.583496 0.527671
vt 0.663098 0.512204
vt 0.552184 0.218205
vt 0.551989 0.254155
vt 0.373069 0.499035
vt 0.375000 0.531795
vt 0.125000 0.531795
vt 0.551990 0.000274
vt 0.582449 0.225446
vt 0.613316 0.238185
vt 0.609615 0.275846
vt 0.581406 0.260232
vt 0.875000 0.531795
vt 0.812772 0.531795
vt 0.812763 0.500000
vt 0.583508 0.494458
vt 0.617076 0.521415
vt 0.583496 0.527671
vt 0.552184 0.218205
vt 0.552910 0.252861
vt 0.756122 0.531794
vt 0.704252 0.502248
vt 0.552184 0.515897
vt 0.613316 0.238185
vt 0.609287 0.276243
vt 0.580983 0.260786
vt 0.812763 0.500000
vt 0.552184 0.218205
vt 0.551989 0.254155
vt 0.378338 0.995646
vt 0.552520 0.754803
vt 0.378338 0.995645
vt 0.552520 0.754803
vt 0.582699 0.758030
vt 0.615956 0.765789
vt 0.659269 0.777468
vt 0.704252 0.789626
vt 0.696731 0.789132
vt 0.696731 0.789132
vt 0.659269 0.777468
vt 0.615956 0.765789
vt 0.541477 0.000000
vt 0.375000 0.741657
vt 0.125000 0.741657
vt 0.580987 0.263257
vt 0.607007 0.280277
vt 0.554740 0.755993
vt 0.584100 0.758727
vt 0.125000 0.506660
vt 0.375000 0.506660
vt 0.540533 0.000000
vt 0.541477 0.500000
vt 0.533901 0.000000
vt 0.606260 0.281180
vt 0.615798 0.321171
vt 0.540533 0.500000
vt 0.552184 0.008343
vt 0.586714 0.008620
vt 0.624553 0.009107
vt 0.812772 0.741657
vt 0.875000 0.741657
vt 0.552184 0.243341
vt 0.586238 0.032849
vt 0.581938 0.251415
vt 0.623297 0.034705
vt 0.611970 0.265621
vt 0.875000 0.506660
vt 0.875000 0.718206
vt 0.812772 0.718206
vt 0.812772 0.506659
vt 0.617079 0.493487
vt 0.583496 0.501424
vt 0.552184 0.506660
vt 0.663098 0.481786
vt 0.756122 0.718206
vt 0.756122 0.506659
vt 0.704252 0.469145
vt 0.552184 0.741657
vt 0.583496 0.746819
vt 0.617052 0.754596
vt 0.663098 0.766177
vt 0.552184 0.008343
vt 0.586714 0.008619
vt 0.756122 0.741657
vt 0.704252 0.778639
vt 0.581575 0.761876
vt 0.552985 0.761400
vt 0.533901 0.500000
vt 0.125000 0.721815
vt 0.375000 0.721815
vt 0.380833 0.492189
vt 0.551667 0.259971
vt 0.620857 0.355323
vt 0.620857 0.355323
vt 0.375000 0.721815
vt 0.125000 0.721815
vt 0.620671 0.356854
vt 0.615532 0.321012
vt 0.586714 0.008620
vt 0.875000 0.741657
vt 0.583496 0.746819
vt 0.663098 0.766177
vt 0.552184 0.741657
vt 0.704252 0.778639
vt 0.552184 0.008343
vt 0.586714 0.008620
vt 0.624553 0.009107
vt 0.586714 0.008620
vt 0.552184 0.028185
vt 0.586311 0.029120
vt 0.586311 0.029120
vt 0.623491 0.030765
vt 0.875000 0.721815
vt 0.812772 0.721815
vt 0.583496 0.726099
vt 0.552184 0.721815
vt 0.617054 0.732550
vt 0.663098 0.742164
vt 0.756122 0.721815
vt 0.704252 0.752506
vt 0.552184 0.028185
vt 0.586311 0.029120
vt 0.586311 0.029121
vt 0.623491 0.030766
vt 0.875000 0.721815
vt 0.812772 0.721815
vt 0.756122 0.721815
vt 0.704252 0.752505
vt 0.690354 0.786889
vt 0.658136 0.777168
vt 0.689555 0.786297
vt 0.658705 0.777012
vt 0.125000 0.553553
vt 0.375000 0.553553
vt 0.583530 0.759856
vt 0.552947 0.758705
vt 0.552185 0.243340
vt 0.586238 0.032849
vt 0.581938 0.251415
vt 0.581938 0.251416
vt 0.623297 0.034705
vt 0.611970 0.265622
vt 0.875000 0.506660
vt 0.663098 0.481786
vt 0.583496 0.501424
vt 0.552184 0.506660
vt 0.582891 0.202966
vt 0.552184 0.196447
vt 0.586238 0.032849
vt 0.614481 0.214434
vt 0.623298 0.034705
vt 0.812772 0.553553
vt 0.875000 0.553553
vt 0.875000 0.718206
vt 0.756122 0.506659
vt 0.552184 0.553553
vt 0.583496 0.550392
vt 0.617073 0.545591
vt 0.663098 0.538536
vt 0.582891 0.202966
vt 0.552184 0.196447
vt 0.586238 0.032849
vt 0.756122 0.553553
vt 0.756122 0.718206
vt 0.704252 0.530904
vt 0.377273 0.493675
vt 0.583530 0.759856
vt 0.617521 0.767102
vt 0.617054 0.732549
vt 0.583496 0.726099
vt 0.583496 0.726098
vt 0.552184 0.721814
vt 0.552184 0.028185
vt 0.586311 0.029120
vt 0.614481 0.214434
vt 0.623298 0.034705
vt 0.875000 0.553553
vt 0.756122 0.553553
vt 0.586311 0.029121
vt 0.623491 0.030766
vt 0.875000 0.721815
vt 0.812772 0.721815
vt 0.582891 0.202966
vt 0.552184 0.196447
vt 0.586238 0.032849
vt 0.614481 0.214434
vt 0.623298 0.034706
vt 0.583496 0.726099
vt 0.552184 0.721815
vt 0.756122 0.721815
vt 0.380558 0.992794
vt 0.380558 0.992793
vt 0.377253 0.997058
vt 0.552731 0.757854
vt 0.691888 0.788898
vt 0.691888 0.788898
vt 0.552731 0.757854
vt 0.582184 0.759748
vt 0.615132 0.767071
vt 0.656696 0.778246
vt 0.656696 0.778246
vt 0.378883 0.994814
vt 0.378883 0.994813
vt 0.376572 0.997885
vt 0.554740 0.755993
vt 0.584100 0.758727
vt 0.617518 0.766291
vt 0.617518 0.766291
vt 0.584100 0.758727
vt 0.658136 0.777168
vt 0.378883 0.994814
vt 0.378883 0.994813
vt 0.554740 0.755993
vt 0.690354 0.786889
vt 0.584100 0.758727
vt 0.617518 0.766291
vt 0.658136 0.777168
vt 0.617518 0.766291
vt 0.658136 0.777168
vt 0.383241 0.989359
vt 0.383241 0.989359
vt 0.552985 0.761400
vt 0.581575 0.761876
vt 0.614043 0.768612
vt 0.653518 0.779125
vt 0.685948 0.788520
vt 0.653518 0.779125
vt 0.614043 0.768612
vt 0.380798 0.492154
vt 0.377308 0.493610
vt 0.377411 0.496787
vt 0.551782 0.260025
vt 0.623248 0.363932
vt 0.623248 0.363932
vt 0.551764 0.260032
vt 0.551989 0.254155
vt 0.579960 0.264596
vt 0.615798 0.321171
vt 0.618156 0.320838
vt 0.579969 0.264593
vt 0.606264 0.281178
vt 0.609287 0.276242
vt 0.580983 0.260786
vt 0.615800 0.321170
vt 0.618156 0.320838
vt 0.378387 0.495291
vt 0.375328 0.496170
vt 0.376426 0.498070
vt 0.553994 0.256956
vt 0.621326 0.354836
vt 0.621326 0.354836
vt 0.623473 0.363704
vt 0.623473 0.363704
vt 0.553988 0.256958
vt 0.552910 0.252861
vt 0.616424 0.320472
vt 0.618445 0.320518
vt 0.580993 0.263255
vt 0.607010 0.280276
vt 0.609615 0.275846
vt 0.581406 0.260232
vt 0.616425 0.320472
vt 0.618445 0.320518
vt 0.380798 0.492154
vt 0.377308 0.493610
vt 0.377411 0.496787
vt 0.551782 0.260025
vt 0.620858 0.355323
vt 0.620857 0.355323
vt 0.551764 0.260032
vt 0.618156 0.320838
vt 0.579969 0.264593
vt 0.606264 0.281178
vt 0.580983 0.260786
vt 0.615800 0.321170
vt 0.381034 0.991994
vt 0.381034 0.991994
vt 0.377452 0.996744
vt 0.552946 0.758705
vt 0.689031 0.786840
vt 0.689031 0.786840
vt 0.552946 0.758705
vt 0.583530 0.759856
vt 0.617521 0.767102
vt 0.658036 0.777756
vt 0.658036 0.777756
vt 0.378560 0.995207
vt 0.378560 0.995208
vt 0.376444 0.998051
vt 0.555152 0.755637
vt 0.689555 0.786297
vt 0.555152 0.755637
vt 0.584555 0.758512
vt 0.618278 0.766183
vt 0.618278 0.766183
vt 0.584555 0.758513
vt 0.658705 0.777012
vt 0.381034 0.991994
vt 0.381034 0.991994
vt 0.377452 0.996744
vt 0.689031 0.786840
vt 0.552946 0.758705
vt 0.617522 0.767102
vt 0.658036 0.777756
vt 0.583530 0.759856
vt 0.658036 0.777756
vt 0.380833 0.492189
vt 0.377273 0.493675
vt 0.377411 0.496787
vt 0.551667 0.259971
vt 0.620671 0.356854
vt 0.623248 0.363932
vt 0.551644 0.259980
vt 0.606054 0.280755
vt 0.579703 0.264572
vt 0.615530 0.321012
vt 0.579709 0.264569
vt 0.606057 0.280753
vt 0.609287 0.276242
vt 0.618156 0.320838
vt 0.378423 0.495300
vt 0.375301 0.496197
vt 0.553877 0.256904
vt 0.621225 0.356284
vt 0.621225 0.356284
vt 0.623473 0.363704
vt 0.623473 0.363704
vt 0.553869 0.256906
vt 0.552910 0.252861
vt 0.606871 0.279772
vt 0.580781 0.263172
vt 0.616242 0.320225
vt 0.618445 0.320518
vt 0.580787 0.263171
vt 0.606875 0.279772
vt 0.581406 0.260232
vt 0.616244 0.320224
vt 0.377411 0.496787
vt 0.620671 0.356854
vt 0.620671 0.356854
vt 0.623248 0.363932
vt 0.623248 0.363932
vt 0.551644 0.259980
vt 0.551989 0.254155
vt 0.606054 0.280755
vt 0.579703 0.264572
vt 0.615530 0.321012
vt 0.618156 0.320838
vt 0.579709 0.264569
vt 0.606058 0.280753
vt 0.609287 0.276243
vt 0.580983 0.260786
vt 0.615532 0.321012
vt 0.618156 0.320838
s 1
usemtl Material.001
f 24/1/1 173/1/4 87/1/3 19/1/2
f 88/1/5 89/1/8 37/1/7 20/1/6
f 89/1/8 90/1/10 41/1/9 37/1/7
f 90/1/10 91/1/12 45/1/11 41/1/9
f 91/1/12 92/1/14 49/1/13 45/1/11
f 92/1/14 93/1/16 53/1/15 49/1/13
f 93/1/16 94/1/18 57/1/17 53/1/15
f 94/1/18 95/1/20 61/1/19 57/1/17
f 95/1/20 96/1/22 65/1/21 61/1/19
f 96/1/22 97/1/24 69/1/23 65/1/21
f 97/1/24 98/1/26 72/1/25 69/1/23
f 98/1/26 99/1/28 75/1/27 72/1/25
f 99/1/28 100/1/30 78/1/29 75/1/27
f 100/1/30 101/1/32 81/1/31 78/1/29
f 101/1/32 102/1/34 84/1/33 81/1/31
f 102/1/34 103/1/36 86/1/35 84/1/33
f 103/1/36 104/1/38 3/1/37 86/1/35
f 104/1/38 105/1/40 4/1/39 3/1/37
f 105/1/40 106/1/42 8/1/41 4/1/39
f 106/1/42 107/1/44 11/1/43 8/1/41
f 107/1/44 108/1/46 13/1/45 11/1/43
f 108/1/46 109/1/48 15/1/47 13/1/45
f 109/1/48 110/1/50 18/1/49 15/1/47
f 110/1/50 111/1/52 23/1/51 18/1/49
f 111/1/52 112/1/54 27/1/53 23/1/51
f 112/1/54 113/1/56 30/1/55 27/1/53
f 113/1/56 114/1/58 33/1/57 30/1/55
f 114/1/58 115/1/60 36/1/59 33/1/57
f 115/1/60 116/1/62 40/1/61 36/1/59
f 116/1/62 117/1/64 44/1/63 40/1/61
f 117/1/64 118/1/66 48/1/65 44/1/63
f 118/1/66 119/1/68 52/1/67 48/1/65
f 119/1/68 120/1/70 56/1/69 52/1/67
f 120/1/70 121/1/72 60/1/71 56/1/69
f 121/1/72 122/1/74 64/1/73 60/1/71
f 122/1/74 123/1/76 68/1/75 64/1/73
f 123/1/76 124/1/78 71/1/77 68/1/75
f 124/1/78 125/1/80 74/1/79 71/1/77
f 125/1/80 126/1/82 77/1/81 74/1/79
f 126/1/82 127/1/84 80/1/83 77/1/81
f 127/1/84 128/1/86 83/1/85 80/1/83
f 20/1/6 172/1/88 171/1/87 19/1/2
f 214/1/89 213/1/90 83/1/85
f 131/1/91 130/1/94 6/1/93 17/1/92
f 132/1/95 131/1/91 17/1/92 22/1/96
f 133/1/97 132/1/95 22/1/96 26/1/98
f 134/1/99 133/1/97 26/1/98 29/1/100
f 135/1/101 134/1/99 29/1/100 32/1/102
f 136/1/103 135/1/101 32/1/102 35/1/104
f 137/1/105 136/1/103 35/1/104 39/1/106
f 138/1/107 137/1/105 39/1/106 43/1/108
f 139/1/109 138/1/107 43/1/108 47/1/110
f 140/1/111 139/1/109 47/1/110 51/1/112
f 141/1/113 140/1/111 51/1/112 55/1/114
f 142/1/115 141/1/113 55/1/114 59/1/116
f 143/1/117 142/1/115 59/1/116 63/1/118
f 144/1/119 143/1/117 63/1/118 67/1/120
f 145/1/121 144/1/119 67/1/120 70/1/122
f 146/1/123 145/1/121 70/1/122 73/1/124
f 147/1/125 146/1/123 73/1/124 76/1/126
f 148/1/127 147/1/125 76/1/126 79/1/128
f 149/1/129 148/1/127 79/1/128 82/1/130
f 150/1/131 149/1/129 82/1/130 85/1/132
f 151/1/133 150/1/131 85/1/132 2/1/134
f 152/1/135 151/1/133 2/1/134 1/1/136
f 153/1/137 152/1/135 1/1/136 5/1/138
f 154/1/139 153/1/137 5/1/138 9/1/140
f 155/1/141 154/1/139 9/1/140 12/1/142
f 156/1/143 155/1/141 12/1/142 14/1/144
f 157/1/145 156/1/143 14/1/144 16/1/146
f 158/1/147 157/1/145 16/1/146 21/1/148
f 159/1/149 158/1/147 21/1/148 25/1/150
f 160/1/151 159/1/149 25/1/150 28/1/152
f 161/1/153 160/1/151 28/1/152 31/1/154
f 162/1/155 161/1/153 31/1/154 34/1/156
f 163/1/157 162/1/155 34/1/156 38/1/158
f 164/1/159 163/1/157 38/1/158 42/1/160
f 165/1/161 164/1/159 42/1/160 46/1/162
f 166/1/163 165/1/161 46/1/162 50/1/164
f 167/1/165 166/1/163 50/1/164 54/1/166
f 168/1/167 167/1/165 54/1/166 58/1/168
f 169/1/169 168/1/167 58/1/168 62/1/170
f 170/1/171 169/1/169 62/1/170 66/1/172
f 7/1/173 215/1/175 216/1/174 6/1/93
f 130/1/94 129/1/176 7/1/173 6/1/93
f 19/1/2 171/1/87 173/1/4 24/1/1
f 66/1/172 256/1/177 214/1/89
f 41/1/9 175/1/179 174/1/178 37/1/7
f 45/1/11 176/1/180 175/1/179 41/1/9
f 49/1/13 177/1/181 176/1/180 45/1/11
f 53/1/15 178/1/182 177/1/181 49/1/13
f 57/1/17 179/1/183 178/1/182 53/1/15
f 61/1/19 180/1/184 179/1/183 57/1/17
f 65/1/21 181/1/185 180/1/184 61/1/19
f 69/1/23 182/1/186 181/1/185 65/1/21
f 72/1/25 183/1/187 182/1/186 69/1/23
f 75/1/27 184/1/188 183/1/187 72/1/25
f 78/1/29 185/1/189 184/1/188 75/1/27
f 81/1/31 186/1/190 185/1/189 78/1/29
f 84/1/33 187/1/191 186/1/190 81/1/31
f 86/1/35 188/1/192 187/1/191 84/1/33
f 3/1/37 189/1/193 188/1/192 86/1/35
f 4/1/39 190/1/194 189/1/193 3/1/37
f 8/1/41 191/1/195 190/1/194 4/1/39
f 11/1/43 192/1/196 191/1/195 8/1/41
f 13/1/45 193/1/197 192/1/196 11/1/43
f 15/1/47 194/1/198 193/1/197 13/1/45
f 18/1/49 195/1/199 194/1/198 15/1/47
f 23/1/51 196/1/200 195/1/199 18/1/49
f 27/1/53 197/1/201 196/1/200 23/1/51
f 30/1/55 198/1/202 197/1/201 27/1/53
f 33/1/57 199/1/203 198/1/202 30/1/55
f 36/1/59 200/1/204 199/1/203 33/1/57
f 40/1/61 201/1/205 200/1/204 36/1/59
f 44/1/63 202/1/206 201/1/205 40/1/61
f 48/1/65 203/1/207 202/1/206 44/1/63
f 52/1/67 204/1/208 203/1/207 48/1/65
f 56/1/69 205/1/209 204/1/208 52/1/67
f 60/1/71 206/1/210 205/1/209 56/1/69
f 64/1/73 207/1/211 206/1/210 60/1/71
f 68/1/75 208/1/212 207/1/211 64/1/73
f 71/1/77 209/1/213 208/1/212 68/1/75
f 74/1/79 210/1/214 209/1/213 71/1/77
f 77/1/81 211/1/215 210/1/214 74/1/79
f 80/1/83 212/1/216 211/1/215 77/1/81
f 83/1/85 213/1/90 212/1/216 80/1/83
f 87/1/3 88/1/5 20/1/6 19/1/2
f 6/1/93 216/1/174 217/1/217 17/1/92
f 17/1/92 217/1/217 218/1/218 22/1/96
f 22/1/96 218/1/218 219/1/219 26/1/98
f 26/1/98 219/1/219 220/1/220 29/1/100
f 29/1/100 220/1/220 221/1/221 32/1/102
f 32/1/102 221/1/221 222/1/222 35/1/104
f 35/1/104 222/1/222 223/1/223 39/1/106
f 39/1/106 223/1/223 224/1/224 43/1/108
f 43/1/108 224/1/224 225/1/225 47/1/110
f 47/1/110 225/1/225 226/1/226 51/1/112
f 51/1/112 226/1/226 227/1/227 55/1/114
f 55/1/114 227/1/227 228/1/228 59/1/116
f 59/1/116 228/1/228 229/1/229 63/1/118
f 63/1/118 229/1/229 230/1/230 67/1/120
f 67/1/120 230/1/230 231/1/231 70/1/122
f 70/1/122 231/1/231 232/1/232 73/1/124
f 73/1/124 232/1/232 233/1/233 76/1/126
f 76/1/126 233/1/233 234/1/234 79/1/128
f 79/1/128 234/1/234 235/1/235 82/1/130
f 82/1/130 235/1/235 236/1/236 85/1/132
f 85/1/132 236/1/236 237/1/237 2/1/134
f 2/1/134 237/1/237 238/1/238 1/1/136
f 1/1/136 238/1/238 239/1/239 5/1/138
f 5/1/138 239/1/239 240/1/240 9/1/140
f 9/1/140 240/1/240 241/1/241 12/1/142
f 12/1/142 241/1/241 242/1/242 14/1/144
f 14/1/144 242/1/242 243/1/243 16/1/146
f 16/1/146 243/1/243 244/1/244 21/1/148
f 21/1/148 244/1/244 245/1/245 25/1/150
f 25/1/150 245/1/245 246/1/246 28/1/152
f 28/1/152 246/1/246 247/1/247 31/1/154
f 31/1/154 247/1/247 248/1/248 34/1/156
f 34/1/156 248/1/248 249/1/249 38/1/158
f 38/1/158 249/1/249 250/1/250 42/1/160
f 42/1/160 250/1/250 251/1/251 46/1/162
f 46/1/162 251/1/251 252/1/252 50/1/164
f 50/1/164 252/1/252 253/1/253 54/1/166
f 54/1/166 253/1/253 254/1/254 58/1/168
f 58/1/168 254/1/254 255/1/255 62/1/170
f 62/1/170 255/1/255 256/1/177 66/1/172
f 129/1/176 173/1/4 10/1/256 7/1/173
f 214/1/89 170/1/171 66/1/172
f 87/1/3 173/1/4 129/1/176
f 88/1/5 87/1/3 129/1/176 130/1/94
f 89/1/8 88/1/5 130/1/94 131/1/91
f 90/1/10 89/1/8 131/1/91 132/1/95
f 91/1/12 90/1/10 132/1/95 133/1/97
f 92/1/14 91/1/12 133/1/97 134/1/99
f 93/1/16 92/1/14 134/1/99 135/1/101
f 94/1/18 93/1/16 135/1/101 136/1/103
f 95/1/20 94/1/18 136/1/103 137/1/105
f 96/1/22 95/1/20 137/1/105 138/1/107
f 97/1/24 96/1/22 138/1/107 139/1/109
f 98/1/26 97/1/24 139/1/109 140/1/111
f 99/1/28 98/1/26 140/1/111 141/1/113
f 100/1/30 99/1/28 141/1/113 142/1/115
f 101/1/32 100/1/30 142/1/115 143/1/117
f 102/1/34 101/1/32 143/1/117 144/1/119
f 103/1/36 102/1/34 144/1/119 145/1/121
f 104/1/38 103/1/36 145/1/121 146/1/123
f 105/1/40 104/1/38 146/1/123 147/1/125
f 106/1/42 105/1/40 147/1/125 148/1/127
f 107/1/44 106/1/42 148/1/127 149/1/129
f 108/1/46 107/1/44 149/1/129 150/1/131
f 109/1/48 108/1/46 150/1/131 151/1/133
f 110/1/50 109/1/48 151/1/133 152/1/135
f 111/1/52 110/1/50 152/1/135 153/1/137
f 112/1/54 111/1/52 153/1/137 154/1/139
f 113/1/56 112/1/54 154/1/139 155/1/141
f 114/1/58 113/1/56 155/1/141 156/1/143
f 115/1/60 114/1/58 156/1/143 157/1/145
f 116/1/62 115/1/60 157/1/145 158/1/147
f 117/1/64 116/1/62 158/1/147 159/1/149
f 118/1/66 117/1/64 159/1/149 160/1/151
f 119/1/68 118/1/66 160/1/151 161/1/153
f 120/1/70 119/1/68 161/1/153 162/1/155
f 121/1/72 120/1/70 162/1/155 163/1/157
f 122/1/74 121/1/72 163/1/157 164/1/159
f 123/1/76 122/1/74 164/1/159 165/1/161
f 124/1/78 123/1/76 165/1/161 166/1/163
f 125/1/80 124/1/78 166/1/163 167/1/165
f 126/1/82 125/1/80 167/1/165 168/1/167
f 127/1/84 126/1/82 168/1/167 169/1/169
f 128/1/86 127/1/84 169/1/169 170/1/171
f 214/1/89 128/1/86 170/1/171
f 10/1/256 173/1/4 215/1/175 7/1/173
f 171/1/87 215/1/175 173/1/4
f 172/1/88 216/1/174 215/1/175 171/1/87
f 174/1/178 217/1/217 216/1/174 172/1/88
f 37/1/7 174/1/178 172/1/88 20/1/6
f 175/1/179 218/1/218 217/1/217 174/1/178
f 176/1/180 219/1/219 218/1/218 175/1/179
f 177/1/181 220/1/220 219/1/219 176/1/180
f 178/1/182 221/1/221 220/1/220 177/1/181
f 179/1/183 222/1/222 221/1/221 178/1/182
f 180/1/184 223/1/223 222/1/222 179/1/183
f 181/1/185 224/1/224 223/1/223 180/1/184
f 182/1/186 225/1/225 224/1/224 181/1/185
f 183/1/187 226/1/226 225/1/225 182/1/186
f 184/1/188 227/1/227 226/1/226 183/1/187
f 185/1/189 228/1/228 227/1/227 184/1/188
f 186/1/190 229/1/229 228/1/228 185/1/189
f 187/1/191 230/1/230 229/1/229 186/1/190
f 188/1/192 231/1/231 230/1/230 187/1/191
f 189/1/193 232/1/232 231/1/231 188/1/192
f 190/1/194 233/1/233 232/1/232 189/1/193
f 191/1/195 234/1/234 233/1/233 190/1/194
f 192/1/196 235/1/235 234/1/234 191/1/195
f 193/1/197 236/1/236 235/1/235 192/1/196
f 194/1/198 237/1/237 236/1/236 193/1/197
f 195/1/199 238/1/238 237/1/237 194/1/198
f 196/1/200 239/1/239 238/1/238 195/1/199
f 197/1/201 240/1/240 239/1/239 196/1/200
f 198/1/202 241/1/241 240/1/240 197/1/201
f 199/1/203 242/1/242 241/1/241 198/1/202
f 200/1/204 243/1/243 242/1/242 199/1/203
f 201/1/205 244/1/244 243/1/243 200/1/204
f 202/1/206 245/1/245 244/1/244 201/1/205
f 203/1/207 246/1/246 245/1/245 202/1/206
f 204/1/208 247/1/247 246/1/246 203/1/207
f 205/1/209 248/1/248 247/1/247 204/1/208
f 206/1/210 249/1/249 248/1/248 205/1/209
f 207/1/211 250/1/250 249/1/249 206/1/210
f 208/1/212 251/1/251 250/1/250 207/1/211
f 209/1/213 252/1/252 251/1/251 208/1/212
f 210/1/214 253/1/253 252/1/252 209/1/213
f 211/1/215 254/1/254 253/1/253 210/1/214
f 212/1/216 255/1/255 254/1/254 211/1/215
f 213/1/90 256/1/177 255/1/255 212/1/216
f 214/1/89 256/1/177 213/1/90
f 128/1/86 214/1/89 83/1/85
s 0
f 257/2/257 259/5/257 260/4/257 258/3/257
f 259/5/258 263/7/258 264/6/258 260/4/258
f 263/7/259 261/9/259 262/8/259 264/6/259
f 261/9/260 257/11/260 258/10/260 262/8/260
f 259/12/261 257/13/261 261/9/261 263/7/261
f 264/6/262 262/8/262 258/15/262 260/14/262
f 269/16/263 274/19/263 271/18/263 267/17/263
f 274/19/264 278/21/264 276/20/264 271/18/264
f 278/21/265 283/23/265 280/22/265 276/20/265
f 806/24/266 287/27/266 285/26/266 803/25/266
f 774/28/267 292/31/267 289/30/267 771/29/267
f 292/31/268 296/33/268 294/32/268 289/30/268
f 296/33/269 301/35/269 298/34/269 294/32/269
f 301/35/270 305/37/270 303/36/270 298/34/270
f 305/37/271 310/39/271 307/38/271 303/36/271
f 310/39/272 314/41/272 312/40/272 307/38/272
f 314/41/273 319/43/273 316/42/273 312/40/273
f 319/43/274 323/45/274 321/44/274 316/42/274
f 323/45/275 328/47/275 325/46/275 321/44/275
f 328/47/276 332/49/276 330/48/276 325/46/276
f 332/49/277 337/51/277 334/50/277 330/48/277
f 337/51/278 269/53/278 267/52/278 334/50/278
f 706/54/279 707/57/279 272/56/279 268/55/279
f 707/57/280 708/59/280 277/58/280 272/56/280
f 708/59/281 709/61/281 281/60/281 277/58/281
f 830/62/282 710/65/282 286/64/282 804/63/282
f 798/66/283 711/69/283 290/68/283 772/67/283
f 711/69/284 712/71/284 295/70/284 290/68/284
f 712/71/285 713/73/285 299/72/285 295/70/285
f 713/73/286 714/75/286 304/74/286 299/72/286
f 714/75/287 715/77/287 308/76/287 304/74/287
f 715/77/288 716/79/288 313/78/288 308/76/288
f 716/79/289 717/81/289 317/80/289 313/78/289
f 717/81/290 718/83/290 322/82/290 317/80/290
f 718/83/291 719/85/291 326/84/291 322/82/291
f 719/85/292 720/87/292 331/86/292 326/84/292
f 720/87/293 721/89/293 335/88/293 331/86/293
f 721/89/294 706/91/294 268/90/294 335/88/294
f 344/92/295 347/95/295 340/94/295 338/93/295
f 347/95/296 346/97/296 341/96/296 340/94/296
f 346/97/297 345/99/297 342/98/297 341/96/297
f 345/99/298 343/101/298 339/100/298 342/98/298
f 349/102/299 352/103/299 347/95/299 344/92/299
f 352/103/300 351/104/300 346/97/300 347/95/300
f 351/104/301 350/105/301 345/99/301 346/97/301
f 350/105/302 348/106/302 343/101/302 345/99/302
f 354/107/303 357/108/303 352/103/303 349/102/303
f 357/108/304 356/109/304 351/104/304 352/103/304
f 356/109/305 355/110/305 350/105/305 351/104/305
f 355/110/306 353/111/306 348/106/306 350/105/306
f 807/112/307 808/113/307 357/108/307 354/107/307
f 808/113/308 809/114/308 356/109/308 357/108/308
f 809/114/309 810/115/309 355/110/309 356/109/309
f 810/115/310 811/116/310 353/111/310 355/110/310
f 775/117/311 776/120/311 362/119/311 359/118/311
f 776/120/312 777/122/312 361/121/312 362/119/312
f 777/122/313 778/124/313 360/123/313 361/121/313
f 778/124/314 779/126/314 358/125/314 360/123/314
f 369/127/315 372/130/315 367/129/315 364/128/315
f 372/130/316 371/132/316 366/131/316 367/129/316
f 371/132/317 370/134/317 365/133/317 366/131/317
f 370/134/318 368/136/318 363/135/318 365/133/318
f 374/137/319 377/138/319 372/130/319 369/127/319
f 377/138/320 376/139/320 371/132/320 372/130/320
f 376/139/321 375/140/321 370/134/321 371/132/321
f 375/140/322 373/141/322 368/136/322 370/134/322
f 379/142/323 382/143/323 377/138/323 374/137/323
f 382/143/324 381/144/324 376/139/324 377/138/324
f 381/144/325 380/145/325 375/140/325 376/139/325
f 380/145/326 378/146/326 373/141/326 375/140/326
f 384/147/327 387/148/327 382/143/327 379/142/327
f 387/148/328 386/149/328 381/144/328 382/143/328
f 386/149/329 385/150/329 380/145/329 381/144/329
f 385/150/330 383/151/330 378/146/330 380/145/330
f 389/152/331 392/153/331 387/148/331 384/147/331
f 392/153/332 391/154/332 386/149/332 387/148/332
f 391/154/333 390/155/333 385/150/333 386/149/333
f 390/155/334 388/156/334 383/151/334 385/150/334
f 394/157/335 397/158/335 392/153/335 389/152/335
f 397/158/336 396/159/336 391/154/336 392/153/336
f 396/159/337 395/160/337 390/155/337 391/154/337
f 395/160/338 393/161/338 388/156/338 390/155/338
f 399/162/339 402/163/339 397/158/339 394/157/339
f 402/163/340 401/164/340 396/159/340 397/158/340
f 401/164/341 400/165/341 395/160/341 396/159/341
f 400/165/342 398/166/342 393/161/342 395/160/342
f 404/167/343 407/168/343 402/163/343 399/162/343
f 407/168/344 406/169/344 401/164/344 402/163/344
f 406/169/345 405/170/345 400/165/345 401/164/345
f 405/170/346 403/171/346 398/166/346 400/165/346
f 409/172/347 412/173/347 407/168/347 404/167/347
f 412/173/348 411/174/348 406/169/348 407/168/348
f 411/174/349 410/175/349 405/170/349 406/169/349
f 410/175/350 408/176/350 403/171/350 405/170/350
f 414/177/351 417/178/351 412/173/351 409/172/351
f 417/178/352 416/179/352 411/174/352 412/173/352
f 416/179/353 415/180/353 410/175/353 411/174/353
f 415/180/354 413/181/354 408/176/354 410/175/354
f 338/182/355 340/183/355 417/178/355 414/177/355
f 340/183/356 341/184/356 416/179/356 417/178/356
f 341/184/357 342/185/357 415/180/357 416/179/357
f 342/185/358 339/186/358 413/181/358 415/180/358
f 265/187/359 338/182/359 414/177/359
f 265/188/360 344/92/360 338/93/360
f 265/189/361 349/102/361 344/92/361
f 265/190/362 354/107/362 349/102/362
f 265/191/363 359/118/363 807/112/363
f 364/128/364 775/117/364 265/192/364
f 369/127/365 364/128/365 265/2/365
f 265/193/366 374/137/366 369/127/366
f 265/194/367 379/142/367 374/137/367
f 384/147/368 379/142/368 265/195/368
f 389/152/369 384/147/369 265/3/369
f 389/152/370 265/196/370 394/157/370
f 265/197/371 399/162/371 394/157/371
f 265/198/372 404/167/372 399/162/372
f 265/199/373 409/172/373 404/167/373
f 409/172/374 265/200/374 414/177/374
f 464/201/375 465/204/375 420/203/375 418/202/375
f 465/204/376 463/206/376 419/205/376 420/203/376
f 461/207/377 462/208/377 465/204/377 464/201/377
f 462/208/378 460/209/378 463/206/378 465/204/378
f 458/210/379 459/211/379 462/208/379 461/207/379
f 459/211/380 457/212/380 460/209/380 462/208/380
f 455/213/381 456/214/381 459/211/381 458/210/381
f 456/214/382 454/215/382 457/212/382 459/211/382
f 452/216/383 453/217/383 456/214/383 455/213/383
f 453/217/384 451/218/384 454/215/384 456/214/384
f 449/219/385 450/220/385 453/217/385 452/216/385
f 450/220/386 448/221/386 451/218/386 453/217/386
f 446/222/387 447/223/387 450/220/387 449/219/387
f 447/223/388 445/224/388 448/221/388 450/220/388
f 443/225/389 444/226/389 447/223/389 446/222/389
f 444/226/390 442/227/390 445/224/390 447/223/390
f 440/228/391 441/229/391 444/226/391 443/225/391
f 441/229/392 439/230/392 442/227/392 444/226/392
f 437/231/393 438/232/393 441/229/393 440/228/393
f 438/232/394 436/233/394 439/230/394 441/229/394
f 434/234/395 435/235/395 438/232/395 437/231/395
f 435/235/396 433/236/396 436/233/396 438/232/396
f 780/237/397 781/238/397 435/235/397 434/234/397
f 781/238/398 782/239/398 433/236/398 435/235/398
f 812/240/399 813/243/399 432/242/399 431/241/399
f 813/243/400 814/245/400 430/244/400 432/242/400
f 425/246/401 426/249/401 429/248/401 428/247/401
f 426/249/402 424/251/402 427/250/402 429/248/402
f 422/252/403 423/253/403 426/249/403 425/246/403
f 423/253/404 421/254/404 424/251/404 426/249/404
f 418/255/405 420/256/405 423/253/405 422/252/405
f 420/256/406 419/257/406 421/254/406 423/253/406
f 339/100/407 343/101/407 421/254/407 419/257/407
f 413/181/408 339/186/408 419/205/408 463/206/408
f 343/101/409 348/106/409 424/251/409 421/254/409
f 348/106/410 353/111/410 427/250/410 424/251/410
f 811/116/411 358/125/411 430/244/411 814/245/411
f 779/126/412 363/135/412 433/236/412 782/239/412
f 363/135/413 368/136/413 436/233/413 433/236/413
f 368/136/414 373/141/414 439/230/414 436/233/414
f 373/141/415 378/146/415 442/227/415 439/230/415
f 378/146/416 383/151/416 445/224/416 442/227/416
f 383/151/417 388/156/417 448/221/417 445/224/417
f 388/156/418 393/161/418 451/218/418 448/221/418
f 393/161/419 398/166/419 454/215/419 451/218/419
f 398/166/420 403/171/420 457/212/420 454/215/420
f 403/171/421 408/176/421 460/209/421 457/212/421
f 408/176/422 413/181/422 463/206/422 460/209/422
f 471/258/423 473/261/423 468/260/423 466/259/423
f 473/261/424 472/263/424 469/262/424 468/260/424
f 472/263/425 470/265/425 467/264/425 469/262/425
f 475/266/426 477/267/426 473/261/426 471/258/426
f 477/267/427 476/268/427 472/263/427 473/261/427
f 476/268/428 474/269/428 470/265/428 472/263/428
f 479/270/429 481/271/429 477/267/429 475/266/429
f 481/271/430 480/272/430 476/268/430 477/267/430
f 480/272/431 478/273/431 474/269/431 476/268/431
f 815/274/432 816/275/432 481/271/432 479/270/432
f 816/275/433 817/276/433 480/272/433 481/271/433
f 817/276/434 818/277/434 478/273/434 480/272/434
f 783/278/435 784/281/435 485/280/435 483/279/435
f 784/281/436 785/283/436 484/282/436 485/280/436
f 785/283/437 786/285/437 482/284/437 484/282/437
f 491/286/438 493/289/438 489/288/438 487/287/438
f 493/289/439 492/291/439 488/290/439 489/288/439
f 492/291/440 490/293/440 486/292/440 488/290/440
f 495/294/441 497/295/441 493/289/441 491/286/441
f 497/295/442 496/296/442 492/291/442 493/289/442
f 496/296/443 494/297/443 490/293/443 492/291/443
f 499/298/444 501/299/444 497/295/444 495/294/444
f 501/299/445 500/300/445 496/296/445 497/295/445
f 500/300/446 498/301/446 494/297/446 496/296/446
f 503/302/447 505/303/447 501/299/447 499/298/447
f 505/303/448 504/304/448 500/300/448 501/299/448
f 504/304/449 502/305/449 498/301/449 500/300/449
f 507/306/450 509/307/450 505/303/450 503/302/450
f 509/307/451 508/308/451 504/304/451 505/303/451
f 508/308/452 506/309/452 502/305/452 504/304/452
f 511/310/453 513/311/453 509/307/453 507/306/453
f 513/311/454 512/312/454 508/308/454 509/307/454
f 512/312/455 510/313/455 506/309/455 508/308/455
f 515/314/456 517/315/456 513/311/456 511/310/456
f 517/315/457 516/316/457 512/312/457 513/311/457
f 516/316/458 514/317/458 510/313/458 512/312/458
f 519/318/459 521/319/459 517/315/459 515/314/459
f 521/319/460 520/320/460 516/316/460 517/315/460
f 520/320/461 518/321/461 514/317/461 516/316/461
f 523/322/462 525/323/462 521/319/462 519/318/462
f 525/323/463 524/324/463 520/320/463 521/319/463
f 524/324/464 522/325/464 518/321/464 520/320/464
f 527/326/465 529/327/465 525/323/465 523/322/465
f 529/327/466 528/328/466 524/324/466 525/323/466
f 528/328/467 526/329/467 522/325/467 524/324/467
f 466/330/468 468/331/468 529/327/468 527/326/468
f 468/331/469 469/332/469 528/328/469 529/327/469
f 469/332/470 467/333/470 526/329/470 528/328/470
f 464/201/471 418/202/471 466/330/471 527/326/471
f 418/255/472 422/252/472 471/258/472 466/259/472
f 422/252/473 425/246/473 475/266/473 471/258/473
f 425/246/474 428/247/474 479/270/474 475/266/474
f 812/240/475 431/241/475 483/279/475 815/274/475
f 780/237/476 434/234/476 487/287/476 783/278/476
f 434/234/477 437/231/477 491/286/477 487/287/477
f 437/231/478 440/228/478 495/294/478 491/286/478
f 440/228/479 443/225/479 499/298/479 495/294/479
f 443/225/480 446/222/480 503/302/480 499/298/480
f 446/222/481 449/219/481 507/306/481 503/302/481
f 449/219/482 452/216/482 511/310/482 507/306/482
f 452/216/483 455/213/483 515/314/483 511/310/483
f 455/213/484 458/210/484 519/318/484 515/314/484
f 458/210/485 461/207/485 523/322/485 519/318/485
f 461/207/486 464/201/486 527/326/486 523/322/486
f 535/334/487 537/337/487 532/336/487 530/335/487
f 537/337/488 536/339/488 533/338/488 532/336/488
f 536/339/489 534/341/489 531/340/489 533/338/489
f 539/342/490 541/343/490 537/337/490 535/334/490
f 541/343/491 540/344/491 536/339/491 537/337/491
f 540/344/492 538/345/492 534/341/492 536/339/492
f 543/346/493 545/347/493 541/343/493 539/342/493
f 545/347/494 544/348/494 540/344/494 541/343/494
f 544/348/495 542/349/495 538/345/495 540/344/495
f 819/350/496 820/351/496 545/347/496 543/346/496
f 820/351/497 821/352/497 544/348/497 545/347/497
f 821/352/498 822/353/498 542/349/498 544/348/498
f 787/354/499 788/357/499 549/356/499 547/355/499
f 788/357/500 789/359/500 548/358/500 549/356/500
f 789/359/501 790/361/501 546/360/501 548/358/501
f 555/362/502 557/365/502 553/364/502 551/363/502
f 557/365/503 556/367/503 552/366/503 553/364/503
f 556/367/504 554/369/504 550/368/504 552/366/504
f 559/370/505 561/371/505 557/365/505 555/362/505
f 561/371/506 560/372/506 556/367/506 557/365/506
f 560/372/507 558/373/507 554/369/507 556/367/507
f 563/374/508 565/375/508 561/371/508 559/370/508
f 565/375/509 564/376/509 560/372/509 561/371/509
f 564/376/510 562/377/510 558/373/510 560/372/510
f 567/378/511 569/379/511 565/375/511 563/374/511
f 569/379/512 568/380/512 564/376/512 565/375/512
f 568/380/513 566/381/513 562/377/513 564/376/513
f 571/382/514 573/383/514 569/379/514 567/378/514
f 573/383/515 572/384/515 568/380/515 569/379/515
f 572/384/516 570/385/516 566/381/516 568/380/516
f 575/386/517 577/387/517 573/383/517 571/382/517
f 577/387/518 576/388/518 572/384/518 573/383/518
f 576/388/519 574/389/519 570/385/519 572/384/519
f 579/390/520 581/391/520 577/387/520 575/386/520
f 581/391/521 580/392/521 576/388/521 577/387/521
f 580/392/522 578/393/522 574/389/522 576/388/522
f 583/394/523 585/395/523 581/391/523 579/390/523
f 585/395/524 584/396/524 580/392/524 581/391/524
f 584/396/525 582/397/525 578/393/525 580/392/525
f 587/398/526 589/399/526 585/395/526 583/394/526
f 589/399/527 588/400/527 584/396/527 585/395/527
f 588/400/528 586/401/528 582/397/528 584/396/528
f 591/402/529 593/403/529 589/399/529 587/398/529
f 593/403/530 592/404/530 588/400/530 589/399/530
f 592/404/531 590/405/531 586/401/531 588/400/531
f 530/406/532 532/407/532 593/403/532 591/402/532
f 532/407/533 533/408/533 592/404/533 593/403/533
f 533/408/534 531/409/534 590/405/534 592/404/534
f 526/329/535 467/333/535 530/406/535 591/402/535
f 467/264/536 470/265/536 535/334/536 530/335/536
f 470/265/537 474/269/537 539/342/537 535/334/537
f 474/269/538 478/273/538 543/346/538 539/342/538
f 818/277/539 482/284/539 547/355/539 819/350/539
f 786/285/540 486/292/540 551/363/540 787/354/540
f 486/292/541 490/293/541 555/362/541 551/363/541
f 490/293/542 494/297/542 559/370/542 555/362/542
f 494/297/543 498/301/543 563/374/543 559/370/543
f 498/301/544 502/305/544 567/378/544 563/374/544
f 502/305/545 506/309/545 571/382/545 567/378/545
f 506/309/546 510/313/546 575/386/546 571/382/546
f 510/313/547 514/317/547 579/390/547 575/386/547
f 514/317/548 518/321/548 583/394/548 579/390/548
f 518/321/549 522/325/549 587/398/549 583/394/549
f 522/325/550 526/329/550 591/402/550 587/398/550
f 599/410/551 601/413/551 596/412/551 594/411/551
f 601/413/552 600/415/552 597/414/552 596/412/552
f 600/415/553 598/417/553 595/416/553 597/414/553
f 603/418/554 605/419/554 601/413/554 599/410/554
f 605/419/555 604/420/555 600/415/555 601/413/555
f 604/420/556 602/421/556 598/417/556 600/415/556
f 607/422/557 609/423/557 605/419/557 603/418/557
f 609/423/558 608/424/558 604/420/558 605/419/558
f 608/424/559 606/425/559 602/421/559 604/420/559
f 823/426/560 824/427/560 609/423/560 607/422/560
f 824/427/561 825/428/561 608/424/561 609/423/561
f 825/428/562 826/429/562 606/425/562 608/424/562
f 791/430/563 792/433/563 613/432/563 611/431/563
f 792/433/564 793/435/564 612/434/564 613/432/564
f 793/435/565 794/437/565 610/436/565 612/434/565
f 619/438/566 621/441/566 617/440/566 615/439/566
f 621/441/567 620/443/567 616/442/567 617/440/567
f 620/443/568 618/445/568 614/444/568 616/442/568
f 623/446/569 625/447/569 621/441/569 619/438/569
f 625/447/570 624/448/570 620/443/570 621/441/570
f 624/448/571 622/449/571 618/445/571 620/443/571
f 627/450/572 629/451/572 625/447/572 623/446/572
f 629/451/573 628/452/573 624/448/573 625/447/573
f 628/452/574 626/453/574 622/449/574 624/448/574
f 631/454/575 633/455/575 629/451/575 627/450/575
f 633/455/576 632/456/576 628/452/576 629/451/576
f 632/456/577 630/457/577 626/453/577 628/452/577
f 635/458/578 637/459/578 633/455/578 631/454/578
f 637/459/579 636/460/579 632/456/579 633/455/579
f 636/460/580 634/461/580 630/457/580 632/456/580
f 639/462/581 641/463/581 637/459/581 635/458/581
f 641/463/582 640/464/582 636/460/582 637/459/582
f 640/464/583 638/465/583 634/461/583 636/460/583
f 643/466/584 645/467/584 641/463/584 639/462/584
f 645/467/585 644/468/585 640/464/585 641/463/585
f 644/468/586 642/469/586 638/465/586 640/464/586
f 647/470/587 649/471/587 645/467/587 643/466/587
f 649/471/588 648/472/588 644/468/588 645/467/588
f 648/472/589 646/473/589 642/469/589 644/468/589
f 651/474/590 653/475/590 649/471/590 647/470/590
f 653/475/591 652/476/591 648/472/591 649/471/591
f 652/476/592 650/477/592 646/473/592 648/472/592
f 655/478/593 657/479/593 653/475/593 651/474/593
f 657/479/594 656/480/594 652/476/594 653/475/594
f 656/480/595 654/481/595 650/477/595 652/476/595
f 594/482/596 596/483/596 657/479/596 655/478/596
f 596/483/597 597/484/597 656/480/597 657/479/597
f 597/484/598 595/485/598 654/481/598 656/480/598
f 654/481/599 595/485/599 266/487/599 333/486/599
f 590/405/600 531/409/600 594/482/600 655/478/600
f 595/416/601 598/417/601 270/489/601 266/488/601
f 531/340/602 534/341/602 599/410/602 594/411/602
f 534/341/603 538/345/603 603/418/603 599/410/603
f 598/417/604 602/421/604 275/490/604 270/489/604
f 538/345/605 542/349/605 607/422/605 603/418/605
f 602/421/606 606/425/606 279/491/606 275/490/606
f 822/353/607 546/360/607 611/431/607 823/426/607
f 826/429/608 610/436/608 284/493/608 802/492/608
f 790/361/609 550/368/609 615/439/609 791/430/609
f 794/437/610 614/444/610 288/495/610 770/494/610
f 550/368/611 554/369/611 619/438/611 615/439/611
f 614/444/612 618/445/612 293/496/612 288/495/612
f 554/369/613 558/373/613 623/446/613 619/438/613
f 618/445/614 622/449/614 297/497/614 293/496/614
f 558/373/615 562/377/615 627/450/615 623/446/615
f 622/449/616 626/453/616 302/498/616 297/497/616
f 562/377/617 566/381/617 631/454/617 627/450/617
f 626/453/618 630/457/618 306/499/618 302/498/618
f 566/381/619 570/385/619 635/458/619 631/454/619
f 630/457/620 634/461/620 311/500/620 306/499/620
f 570/385/621 574/389/621 639/462/621 635/458/621
f 634/461/622 638/465/622 315/501/622 311/500/622
f 574/389/623 578/393/623 643/466/623 639/462/623
f 638/465/624 642/469/624 320/502/624 315/501/624
f 578/393/625 582/397/625 647/470/625 643/466/625
f 642/469/626 646/473/626 324/503/626 320/502/626
f 582/397/627 586/401/627 651/474/627 647/470/627
f 646/473/628 650/477/628 329/504/628 324/503/628
f 586/401/629 590/405/629 655/478/629 651/474/629
f 650/477/630 654/481/630 333/486/630 329/504/630
f 662/505/631 663/508/631 660/507/631 658/506/631
f 663/508/632 661/510/632 659/509/632 660/507/632
f 665/511/633 666/512/633 663/508/633 662/505/633
f 666/512/634 664/513/634 661/510/634 663/508/634
f 668/514/635 669/515/635 666/512/635 665/511/635
f 669/515/636 667/516/636 664/513/636 666/512/636
f 827/517/637 828/518/637 669/515/637 668/514/637
f 828/518/638 829/519/638 667/516/638 669/515/638
f 795/520/639 796/523/639 672/522/639 671/521/639
f 796/523/640 797/525/640 670/524/640 672/522/640
f 677/526/641 678/529/641 675/528/641 674/527/641
f 678/529/642 676/531/642 673/530/642 675/528/642
f 680/532/643 681/533/643 678/529/643 677/526/643
f 681/533/644 679/534/644 676/531/644 678/529/644
f 683/535/645 684/536/645 681/533/645 680/532/645
f 684/536/646 682/537/646 679/534/646 681/533/646
f 686/538/647 687/539/647 684/536/647 683/535/647
f 687/539/648 685/540/648 682/537/648 684/536/648
f 689/541/649 690/542/649 687/539/649 686/538/649
f 690/542/650 688/543/650 685/540/650 687/539/650
f 692/544/651 693/545/651 690/542/651 689/541/651
f 693/545/652 691/546/652 688/543/652 690/542/652
f 695/547/653 696/548/653 693/545/653 692/544/653
f 696/548/654 694/549/654 691/546/654 693/545/654
f 698/550/655 699/551/655 696/548/655 695/547/655
f 699/551/656 697/552/656 694/549/656 696/548/656
f 701/553/657 702/554/657 699/551/657 698/550/657
f 702/554/658 700/555/658 697/552/658 699/551/658
f 704/556/659 705/557/659 702/554/659 701/553/659
f 705/557/660 703/558/660 700/555/660 702/554/660
f 658/559/661 660/560/661 705/557/661 704/556/661
f 660/560/662 659/561/662 703/558/662 705/557/662
f 333/486/663 266/487/663 658/559/663 704/556/663
f 659/509/664 661/510/664 274/19/664 269/16/664
f 266/488/665 270/489/665 662/505/665 658/506/665
f 703/558/666 659/561/666 269/53/666 337/51/666
f 270/489/667 275/490/667 665/511/667 662/505/667
f 661/510/668 664/513/668 278/21/668 274/19/668
f 275/490/669 279/491/669 668/514/669 665/511/669
f 664/513/670 667/516/670 283/23/670 278/21/670
f 802/492/671 284/493/671 671/521/671 827/517/671
f 829/519/672 670/524/672 287/27/672 806/24/672
f 770/494/673 288/495/673 674/527/673 795/520/673
f 797/525/674 673/530/674 292/31/674 774/28/674
f 288/495/675 293/496/675 677/526/675 674/527/675
f 673/530/676 676/531/676 296/33/676 292/31/676
f 293/496/677 297/497/677 680/532/677 677/526/677
f 676/531/678 679/534/678 301/35/678 296/33/678
f 297/497/679 302/498/679 683/535/679 680/532/679
f 679/534/680 682/537/680 305/37/680 301/35/680
f 302/498/681 306/499/681 686/538/681 683/535/681
f 682/537/682 685/540/682 310/39/682 305/37/682
f 306/499/683 311/500/683 689/541/683 686/538/683
f 685/540/684 688/543/684 314/41/684 310/39/684
f 311/500/685 315/501/685 692/544/685 689/541/685
f 688/543/686 691/546/686 319/43/686 314/41/686
f 315/501/687 320/502/687 695/547/687 692/544/687
f 691/546/688 694/549/688 323/45/688 319/43/688
f 320/502/689 324/503/689 698/550/689 695/547/689
f 694/549/690 697/552/690 328/47/690 323/45/690
f 324/503/691 329/504/691 701/553/691 698/550/691
f 697/552/692 700/555/692 332/49/692 328/47/692
f 329/504/693 333/486/693 704/556/693 701/553/693
f 700/555/694 703/558/694 337/51/694 332/49/694
f 334/50/695 267/52/695 706/91/695 721/89/695
f 330/48/696 334/50/696 721/89/696 720/87/696
f 325/46/697 330/48/697 720/87/697 719/85/697
f 321/44/698 325/46/698 719/85/698 718/83/698
f 316/42/699 321/44/699 718/83/699 717/81/699
f 312/40/700 316/42/700 717/81/700 716/79/700
f 307/38/701 312/40/701 716/79/701 715/77/701
f 303/36/702 307/38/702 715/77/702 714/75/702
f 298/34/703 303/36/703 714/75/703 713/73/703
f 294/32/704 298/34/704 713/73/704 712/71/704
f 289/30/705 294/32/705 712/71/705 711/69/705
f 771/29/706 289/30/706 711/69/706 798/66/706
f 803/25/707 285/26/707 710/65/707 830/62/707
f 276/20/708 280/22/708 709/61/708 708/59/708
f 271/18/709 276/20/709 708/59/709 707/57/709
f 267/17/710 271/18/710 707/57/710 706/54/710
f 726/562/711 727/565/711 724/564/711 722/563/711
f 833/566/712 1634/566/712 1637/567/712 734/567/712
f 729/568/713 730/569/713 727/565/713 726/562/713
f 1618/570/714 1654/570/714 1655/571/714 1619/571/714
f 732/572/715 733/573/715 730/569/715 729/568/715
f 743/574/716 1640/574/716 1641/575/716 746/575/716
f 831/576/717 832/577/717 733/573/717 732/572/717
f 1620/578/718 1656/578/718 1654/570/718 1618/570/718
f 799/579/719 800/582/719 736/581/719 735/580/719
f 801/583/720 1636/583/720 1638/584/720 737/584/720
f 741/585/721 742/588/721 739/587/721 738/586/721
f 1621/589/722 1657/589/722 1656/578/722 1620/578/722
f 744/590/723 745/591/723 742/588/723 741/585/723
f 758/592/724 1645/592/724 1646/593/724 761/593/724
f 747/594/725 748/595/725 745/591/725 744/590/725
f 728/596/726 1631/596/726 1632/597/726 731/597/726
f 750/598/727 751/599/727 748/595/727 747/594/727
f 767/600/728 1648/600/728 1629/601/728 723/601/728
f 753/602/729 754/603/729 751/599/729 750/598/729
f 1622/604/730 1658/604/730 1657/589/730 1621/589/730
f 756/605/731 757/606/731 754/603/731 753/602/731
f 749/607/732 1642/607/732 1643/608/732 752/608/732
f 759/609/733 760/610/733 757/606/733 756/605/733
f 1623/611/734 1659/611/734 1658/604/734 1622/604/734
f 762/612/735 763/613/735 760/610/735 759/609/735
f 734/567/720 1637/567/720 1636/583/720 801/583/720
f 765/614/736 766/615/736 763/613/736 762/612/736
f 1624/616/737 1660/616/737 1659/611/737 1623/611/737
f 768/617/738 769/618/738 766/615/738 765/614/738
f 740/619/739 1639/619/739 1640/574/739 743/574/739
f 722/620/740 724/621/740 769/618/740 768/617/740
f 764/622/741 1647/622/741 1648/600/741 767/600/741
f 335/88/742 268/90/742 722/620/742 768/617/742
f 273/623/743 834/632/743 839/631/743 838/630/743 840/629/743 837/628/743 836/627/743 835/626/743 723/625/743 725/624/743
f 268/55/744 272/56/744 726/562/744 722/563/744
f 835/633/745 846/640/745 845/639/745 844/638/745 843/637/745 842/636/745 841/635/745 336/634/745 767/600/745 723/601/745
f 272/56/746 277/58/746 729/568/746 726/562/746
f 852/641/747 853/647/747 851/646/747 850/645/747 849/644/747 848/643/747 847/642/747 273/623/747 725/624/747 728/596/747
f 277/58/748 281/60/748 732/572/748 729/568/748
f 282/648/749 854/654/749 855/653/749 856/652/749 857/651/749 859/650/749 858/649/749 852/641/749 728/596/749 731/597/749
f 804/63/750 286/64/750 735/580/750 831/576/750
f 734/567/751 864/662/751 863/661/751 866/660/751 865/659/751 860/658/751 861/657/751 862/656/751 805/655/751 833/566/751
f 772/67/752 290/68/752 738/586/752 799/579/752
f 801/583/753 737/584/753 291/664/753 773/663/753
f 290/68/754 295/70/754 741/585/754 738/586/754
f 740/619/755 869/671/755 868/670/755 873/669/755 870/668/755 872/667/755 871/666/755 867/665/755 291/664/755 737/584/755
f 295/70/756 299/72/756 744/590/756 741/585/756
f 300/672/757 874/678/757 876/677/757 875/676/757 879/675/757 878/674/757 877/673/757 869/671/757 740/619/757 743/574/757
f 299/72/758 304/74/758 747/594/758 744/590/758
f 746/575/759 882/685/759 881/684/759 886/683/759 883/682/759 885/681/759 884/680/759 880/679/759 300/672/759 743/574/759
f 304/74/760 308/76/760 750/598/760 747/594/760
f 309/686/761 887/692/761 889/691/761 888/690/761 892/689/761 891/688/761 890/687/761 882/685/761 746/575/761 749/607/761
f 308/76/762 313/78/762 753/602/762 750/598/762
f 752/608/763 895/699/763 894/698/763 899/697/763 896/696/763 898/695/763 897/694/763 893/693/763 309/686/763 749/607/763
f 313/78/764 317/80/764 756/605/764 753/602/764
f 900/700/765 904/707/765 903/706/765 905/705/765 902/704/765 901/703/765 895/699/765 752/608/765 755/702/765 318/701/765
f 317/80/766 322/82/766 759/609/766 756/605/766
f 911/708/767 912/714/767 910/713/767 909/712/767 908/711/767 907/710/767 906/709/767 318/701/767 755/702/767 758/592/767
f 322/82/768 326/84/768 762/612/768 759/609/768
f 327/715/769 913/721/769 917/720/769 916/719/769 918/718/769 915/717/769 914/716/769 911/708/769 758/592/769 761/593/769
f 326/84/770 331/86/770 765/614/770 762/612/770
f 924/722/771 925/728/771 923/727/771 922/726/771 921/725/771 920/724/771 919/723/771 327/715/771 761/593/771 764/622/771
f 331/86/772 335/88/772 768/617/772 765/614/772
f 336/634/773 926/734/773 930/733/773 929/732/773 931/731/773 928/730/773 927/729/773 924/722/773 764/622/773 767/600/773
f 773/663/753 932/740/753 933/739/753 934/738/753 935/737/753 937/736/753 936/735/753 864/662/753 734/567/753 801/583/753
f 286/64/752 772/67/752 799/579/752 735/580/752
f 1625/741/774 1661/741/774 1660/616/774 1624/616/774
f 738/586/719 739/587/719 800/582/719 799/579/719
f 285/26/706 771/29/706 798/66/706 710/65/706
f 670/524/674 797/525/674 774/28/674 287/27/674
f 284/493/673 770/494/673 795/520/673 671/521/673
f 675/528/640 673/530/640 797/525/640 796/523/640
f 674/527/639 675/528/639 796/523/639 795/520/639
f 610/436/610 794/437/610 770/494/610 284/493/610
f 546/360/609 790/361/609 791/430/609 611/431/609
f 616/442/565 614/444/565 794/437/565 793/435/565
f 617/440/564 616/442/564 793/435/564 792/433/564
f 615/439/563 617/440/563 792/433/563 791/430/563
f 482/284/540 786/285/540 787/354/540 547/355/540
f 552/366/501 550/368/501 790/361/501 789/359/501
f 553/364/500 552/366/500 789/359/500 788/357/500
f 551/363/499 553/364/499 788/357/499 787/354/499
f 431/241/476 780/237/476 783/278/476 483/279/476
f 488/290/437 486/292/437 786/285/437 785/283/437
f 489/288/436 488/290/436 785/283/436 784/281/436
f 487/287/775 489/288/775 784/281/775 783/278/775
f 358/125/412 779/126/412 782/239/412 430/244/412
f 432/242/398 430/244/398 782/239/398 781/238/398
f 431/241/397 432/242/397 781/238/397 780/237/397
f 775/117/776 359/118/776 265/192/776
f 365/133/314 363/135/314 779/126/314 778/124/314
f 366/131/313 365/133/313 778/124/313 777/122/313
f 367/129/312 366/131/312 777/122/312 776/120/312
f 364/128/311 367/129/311 776/120/311 775/117/311
f 710/65/283 798/66/283 772/67/283 286/64/283
f 287/27/267 774/28/267 771/29/267 285/26/267
f 731/597/751 833/566/751 805/655/751 282/648/751
f 281/60/750 804/63/750 831/576/750 732/572/750
f 1626/742/777 1662/742/777 1661/741/777 1625/741/777
f 735/580/717 736/581/717 832/577/717 831/576/717
f 280/22/707 803/25/707 830/62/707 709/61/707
f 667/516/672 829/519/672 806/24/672 283/23/672
f 279/491/671 802/492/671 827/517/671 668/514/671
f 672/522/638 670/524/638 829/519/638 828/518/638
f 671/521/637 672/522/637 828/518/637 827/517/637
f 606/425/608 826/429/608 802/492/608 279/491/608
f 542/349/607 822/353/607 823/426/607 607/422/607
f 612/434/562 610/436/562 826/429/562 825/428/562
f 613/432/561 612/434/561 825/428/561 824/427/561
f 611/431/560 613/432/560 824/427/560 823/426/560
f 478/273/539 818/277/539 819/350/539 543/346/539
f 548/358/498 546/360/498 822/353/498 821/352/498
f 549/356/497 548/358/497 821/352/497 820/351/497
f 547/355/496 549/356/496 820/351/496 819/350/496
f 428/247/778 812/240/778 815/274/778 479/270/778
f 484/282/434 482/284/434 818/277/434 817/276/434
f 485/280/433 484/282/433 817/276/433 816/275/433
f 483/279/432 485/280/432 816/275/432 815/274/432
f 353/111/779 811/116/779 814/245/779 427/250/779
f 429/248/400 427/250/400 814/245/400 813/243/400
f 428/247/399 429/248/399 813/243/399 812/240/399
f 265/191/363 807/112/363 354/107/363
f 360/123/310 358/125/310 811/116/310 810/115/310
f 361/121/309 360/123/309 810/115/309 809/114/309
f 362/119/308 361/121/308 809/114/308 808/113/308
f 359/118/307 362/119/307 808/113/307 807/112/307
f 709/61/282 830/62/282 804/63/282 281/60/282
f 283/23/266 806/24/266 803/25/266 280/22/266
f 942/16/780 940/17/780 944/18/780 947/19/780
f 947/19/781 944/18/781 949/20/781 951/21/781
f 951/21/782 949/20/782 953/22/782 956/23/782
f 1479/24/783 1476/25/783 958/26/783 960/27/783
f 1447/28/784 1444/29/784 962/30/784 965/31/784
f 965/31/785 962/30/785 967/32/785 969/33/785
f 969/33/786 967/32/786 971/34/786 974/35/786
f 974/35/787 971/34/787 976/36/787 978/37/787
f 978/37/788 976/36/788 980/38/788 983/39/788
f 983/39/789 980/38/789 985/40/789 987/41/789
f 987/41/790 985/40/790 989/42/790 992/43/790
f 992/43/791 989/42/791 994/44/791 996/45/791
f 996/45/792 994/44/792 998/46/792 1001/47/792
f 1001/47/793 998/46/793 1003/48/793 1005/49/793
f 1005/49/794 1003/48/794 1007/50/794 1010/51/794
f 1010/51/795 1007/50/795 940/52/795 942/53/795
f 1379/54/796 941/55/796 945/56/796 1380/57/796
f 1380/57/797 945/56/797 950/58/797 1381/59/797
f 1381/59/798 950/58/798 954/60/798 1382/61/798
f 1503/62/799 1477/63/799 959/64/799 1383/65/799
f 1471/66/800 1445/67/800 963/68/800 1384/69/800
f 1384/69/801 963/68/801 968/70/801 1385/71/801
f 1385/71/802 968/70/802 972/72/802 1386/73/802
f 1386/73/803 972/72/803 977/74/803 1387/75/803
f 1387/75/804 977/74/804 981/76/804 1388/77/804
f 1388/77/805 981/76/805 986/78/805 1389/79/805
f 1389/79/806 986/78/806 990/80/806 1390/81/806
f 1390/81/807 990/80/807 995/82/807 1391/83/807
f 1391/83/808 995/82/808 999/84/808 1392/85/808
f 1392/85/809 999/84/809 1004/86/809 1393/87/809
f 1393/87/810 1004/86/810 1008/88/810 1394/89/810
f 1394/89/811 1008/88/811 941/90/811 1379/91/811
f 1017/92/812 1011/93/812 1013/94/812 1020/95/812
f 1020/95/813 1013/94/813 1014/96/813 1019/97/813
f 1019/97/814 1014/96/814 1015/98/814 1018/99/814
f 1018/99/815 1015/98/815 1012/100/815 1016/101/815
f 1022/102/816 1017/92/816 1020/95/816 1025/103/816
f 1025/103/817 1020/95/817 1019/97/817 1024/104/817
f 1024/104/818 1019/97/818 1018/99/818 1023/105/818
f 1023/105/819 1018/99/819 1016/101/819 1021/106/819
f 1027/107/820 1022/102/820 1025/103/820 1030/108/820
f 1030/108/821 1025/103/821 1024/104/821 1029/109/821
f 1029/109/822 1024/104/822 1023/105/822 1028/110/822
f 1028/110/823 1023/105/823 1021/106/823 1026/111/823
f 1480/112/824 1027/107/824 1030/108/824 1481/113/824
f 1481/113/825 1030/108/825 1029/109/825 1482/114/825
f 1482/114/826 1029/109/826 1028/110/826 1483/115/826
f 1483/115/827 1028/110/827 1026/111/827 1484/116/827
f 1448/117/828 1032/118/828 1035/119/828 1449/120/828
f 1449/120/829 1035/119/829 1034/121/829 1450/122/829
f 1450/122/830 1034/121/830 1033/123/830 1451/124/830
f 1451/124/831 1033/123/831 1031/125/831 1452/126/831
f 1042/127/832 1037/128/832 1040/129/832 1045/130/832
f 1045/130/833 1040/129/833 1039/131/833 1044/132/833
f 1044/132/834 1039/131/834 1038/133/834 1043/134/834
f 1043/134/835 1038/133/835 1036/135/835 1041/136/835
f 1047/137/836 1042/127/836 1045/130/836 1050/138/836
f 1050/138/837 1045/130/837 1044/132/837 1049/139/837
f 1049/139/838 1044/132/838 1043/134/838 1048/140/838
f 1048/140/839 1043/134/839 1041/136/839 1046/141/839
f 1052/142/840 1047/137/840 1050/138/840 1055/143/840
f 1055/143/841 1050/138/841 1049/139/841 1054/144/841
f 1054/144/842 1049/139/842 1048/140/842 1053/145/842
f 1053/145/843 1048/140/843 1046/141/843 1051/146/843
f 1057/147/844 1052/142/844 1055/143/844 1060/148/844
f 1060/148/845 1055/143/845 1054/144/845 1059/149/845
f 1059/149/846 1054/144/846 1053/145/846 1058/150/846
f 1058/150/847 1053/145/847 1051/146/847 1056/151/847
f 1062/152/848 1057/147/848 1060/148/848 1065/153/848
f 1065/153/849 1060/148/849 1059/149/849 1064/154/849
f 1064/154/850 1059/149/850 1058/150/850 1063/155/850
f 1063/155/851 1058/150/851 1056/151/851 1061/156/851
f 1067/157/852 1062/152/852 1065/153/852 1070/158/852
f 1070/158/853 1065/153/853 1064/154/853 1069/159/853
f 1069/159/854 1064/154/854 1063/155/854 1068/160/854
f 1068/160/855 1063/155/855 1061/156/855 1066/161/855
f 1072/162/856 1067/157/856 1070/158/856 1075/163/856
f 1075/163/857 1070/158/857 1069/159/857 1074/164/857
f 1074/164/858 1069/159/858 1068/160/858 1073/165/858
f 1073/165/859 1068/160/859 1066/161/859 1071/166/859
f 1077/167/860 1072/162/860 1075/163/860 1080/168/860
f 1080/168/861 1075/163/861 1074/164/861 1079/169/861
f 1079/169/862 1074/164/862 1073/165/862 1078/170/862
f 1078/170/863 1073/165/863 1071/166/863 1076/171/863
f 1082/172/864 1077/167/864 1080/168/864 1085/173/864
f 1085/173/865 1080/168/865 1079/169/865 1084/174/865
f 1084/174/866 1079/169/866 1078/170/866 1083/175/866
f 1083/175/867 1078/170/867 1076/171/867 1081/176/867
f 1087/177/868 1082/172/868 1085/173/868 1090/178/868
f 1090/178/869 1085/173/869 1084/174/869 1089/179/869
f 1089/179/870 1084/174/870 1083/175/870 1088/180/870
f 1088/180/871 1083/175/871 1081/176/871 1086/181/871
f 1011/182/872 1087/177/872 1090/178/872 1013/183/872
f 1013/183/873 1090/178/873 1089/179/873 1014/184/873
f 1014/184/874 1089/179/874 1088/180/874 1015/185/874
f 1015/185/875 1088/180/875 1086/181/875 1012/186/875
f 938/187/876 1087/177/876 1011/182/876
f 938/188/877 1011/93/877 1017/92/877
f 938/189/878 1017/92/878 1022/102/878
f 938/190/879 1022/102/879 1027/107/879
f 938/191/880 1480/112/880 1032/118/880
f 1037/128/881 938/192/881 1448/117/881
f 1042/127/882 938/2/882 1037/128/882
f 938/193/883 1042/127/883 1047/137/883
f 938/194/884 1047/137/884 1052/142/884
f 1057/147/885 938/195/885 1052/142/885
f 1062/152/886 938/3/886 1057/147/886
f 1062/152/887 1067/157/887 938/196/887
f 938/197/888 1067/157/888 1072/162/888
f 938/198/889 1072/162/889 1077/167/889
f 938/199/890 1077/167/890 1082/172/890
f 1082/172/891 1087/177/891 938/200/891
f 1137/201/892 1091/202/892 1093/203/892 1138/204/892
f 1138/204/893 1093/203/893 1092/205/893 1136/206/893
f 1134/207/894 1137/201/894 1138/204/894 1135/208/894
f 1135/208/895 1138/204/895 1136/206/895 1133/209/895
f 1131/210/896 1134/207/896 1135/208/896 1132/211/896
f 1132/211/897 1135/208/897 1133/209/897 1130/212/897
f 1128/213/898 1131/210/898 1132/211/898 1129/214/898
f 1129/214/899 1132/211/899 1130/212/899 1127/215/899
f 1125/216/900 1128/213/900 1129/214/900 1126/217/900
f 1126/217/901 1129/214/901 1127/215/901 1124/218/901
f 1122/219/902 1125/216/902 1126/217/902 1123/220/902
f 1123/220/903 1126/217/903 1124/218/903 1121/221/903
f 1119/222/904 1122/219/904 1123/220/904 1120/223/904
f 1120/223/905 1123/220/905 1121/221/905 1118/224/905
f 1116/225/906 1119/222/906 1120/223/906 1117/226/906
f 1117/226/907 1120/223/907 1118/224/907 1115/227/907
f 1113/228/908 1116/225/908 1117/226/908 1114/229/908
f 1114/229/909 1117/226/909 1115/227/909 1112/230/909
f 1110/231/910 1113/228/910 1114/229/910 1111/232/910
f 1111/232/911 1114/229/911 1112/230/911 1109/233/911
f 1107/234/912 1110/231/912 1111/232/912 1108/235/912
f 1108/235/913 1111/232/913 1109/233/913 1106/236/913
f 1453/237/914 1107/234/914 1108/235/914 1454/238/914
f 1454/238/915 1108/235/915 1106/236/915 1455/239/915
f 1485/240/916 1104/241/916 1105/242/916 1486/243/916
f 1486/243/917 1105/242/917 1103/244/917 1487/245/917
f 1098/246/918 1101/247/918 1102/248/918 1099/249/918
f 1099/249/919 1102/248/919 1100/250/919 1097/251/919
f 1095/252/920 1098/246/920 1099/249/920 1096/253/920
f 1096/253/921 1099/249/921 1097/251/921 1094/254/921
f 1091/255/922 1095/252/922 1096/253/922 1093/256/922
f 1093/256/923 1096/253/923 1094/254/923 1092/257/923
f 1012/100/924 1092/257/924 1094/254/924 1016/101/924
f 1086/181/925 1136/206/925 1092/205/925 1012/186/925
f 1016/101/926 1094/254/926 1097/251/926 1021/106/926
f 1021/106/927 1097/251/927 1100/250/927 1026/111/927
f 1484/116/928 1487/245/928 1103/244/928 1031/125/928
f 1452/126/929 1455/239/929 1106/236/929 1036/135/929
f 1036/135/930 1106/236/930 1109/233/930 1041/136/930
f 1041/136/931 1109/233/931 1112/230/931 1046/141/931
f 1046/141/932 1112/230/932 1115/227/932 1051/146/932
f 1051/146/933 1115/227/933 1118/224/933 1056/151/933
f 1056/151/934 1118/224/934 1121/221/934 1061/156/934
f 1061/156/935 1121/221/935 1124/218/935 1066/161/935
f 1066/161/936 1124/218/936 1127/215/936 1071/166/936
f 1071/166/937 1127/215/937 1130/212/937 1076/171/937
f 1076/171/938 1130/212/938 1133/209/938 1081/176/938
f 1081/176/939 1133/209/939 1136/206/939 1086/181/939
f 1144/258/940 1139/259/940 1141/260/940 1146/261/940
f 1146/261/941 1141/260/941 1142/262/941 1145/263/941
f 1145/263/942 1142/262/942 1140/264/942 1143/265/942
f 1148/266/943 1144/258/943 1146/261/943 1150/267/943
f 1150/267/944 1146/261/944 1145/263/944 1149/268/944
f 1149/268/945 1145/263/945 1143/265/945 1147/269/945
f 1152/270/946 1148/266/946 1150/267/946 1154/271/946
f 1154/271/947 1150/267/947 1149/268/947 1153/272/947
f 1153/272/948 1149/268/948 1147/269/948 1151/273/948
f 1488/274/949 1152/270/949 1154/271/949 1489/275/949
f 1489/275/950 1154/271/950 1153/272/950 1490/276/950
f 1490/276/951 1153/272/951 1151/273/951 1491/277/951
f 1456/278/952 1156/279/952 1158/280/952 1457/281/952
f 1457/281/953 1158/280/953 1157/282/953 1458/283/953
f 1458/283/954 1157/282/954 1155/284/954 1459/285/954
f 1164/286/955 1160/287/955 1162/288/955 1166/289/955
f 1166/289/956 1162/288/956 1161/290/956 1165/291/956
f 1165/291/957 1161/290/957 1159/292/957 1163/293/957
f 1168/294/958 1164/286/958 1166/289/958 1170/295/958
f 1170/295/959 1166/289/959 1165/291/959 1169/296/959
f 1169/296/960 1165/291/960 1163/293/960 1167/297/960
f 1172/298/961 1168/294/961 1170/295/961 1174/299/961
f 1174/299/962 1170/295/962 1169/296/962 1173/300/962
f 1173/300/963 1169/296/963 1167/297/963 1171/301/963
f 1176/302/964 1172/298/964 1174/299/964 1178/303/964
f 1178/303/965 1174/299/965 1173/300/965 1177/304/965
f 1177/304/966 1173/300/966 1171/301/966 1175/305/966
f 1180/306/967 1176/302/967 1178/303/967 1182/307/967
f 1182/307/968 1178/303/968 1177/304/968 1181/308/968
f 1181/308/969 1177/304/969 1175/305/969 1179/309/969
f 1184/310/970 1180/306/970 1182/307/970 1186/311/970
f 1186/311/971 1182/307/971 1181/308/971 1185/312/971
f 1185/312/972 1181/308/972 1179/309/972 1183/313/972
f 1188/314/973 1184/310/973 1186/311/973 1190/315/973
f 1190/315/974 1186/311/974 1185/312/974 1189/316/974
f 1189/316/975 1185/312/975 1183/313/975 1187/317/975
f 1192/318/976 1188/314/976 1190/315/976 1194/319/976
f 1194/319/977 1190/315/977 1189/316/977 1193/320/977
f 1193/320/978 1189/316/978 1187/317/978 1191/321/978
f 1196/322/979 1192/318/979 1194/319/979 1198/323/979
f 1198/323/980 1194/319/980 1193/320/980 1197/324/980
f 1197/324/981 1193/320/981 1191/321/981 1195/325/981
f 1200/326/982 1196/322/982 1198/323/982 1202/327/982
f 1202/327/983 1198/323/983 1197/324/983 1201/328/983
f 1201/328/984 1197/324/984 1195/325/984 1199/329/984
f 1139/330/985 1200/326/985 1202/327/985 1141/331/985
f 1141/331/986 1202/327/986 1201/328/986 1142/332/986
f 1142/332/987 1201/328/987 1199/329/987 1140/333/987
f 1137/201/988 1200/326/988 1139/330/988 1091/202/988
f 1091/255/989 1139/259/989 1144/258/989 1095/252/989
f 1095/252/990 1144/258/990 1148/266/990 1098/246/990
f 1098/246/991 1148/266/991 1152/270/991 1101/247/991
f 1485/240/992 1488/274/992 1156/279/992 1104/241/992
f 1453/237/993 1456/278/993 1160/287/993 1107/234/993
f 1107/234/994 1160/287/994 1164/286/994 1110/231/994
f 1110/231/995 1164/286/995 1168/294/995 1113/228/995
f 1113/228/996 1168/294/996 1172/298/996 1116/225/996
f 1116/225/997 1172/298/997 1176/302/997 1119/222/997
f 1119/222/998 1176/302/998 1180/306/998 1122/219/998
f 1122/219/999 1180/306/999 1184/310/999 1125/216/999
f 1125/216/1000 1184/310/1000 1188/314/1000 1128/213/1000
f 1128/213/1001 1188/314/1001 1192/318/1001 1131/210/1001
f 1131/210/1002 1192/318/1002 1196/322/1002 1134/207/1002
f 1134/207/1003 1196/322/1003 1200/326/1003 1137/201/1003
f 1208/334/1004 1203/335/1004 1205/336/1004 1210/337/1004
f 1210/337/1005 1205/336/1005 1206/338/1005 1209/339/1005
f 1209/339/1006 1206/338/1006 1204/340/1006 1207/341/1006
f 1212/342/1007 1208/334/1007 1210/337/1007 1214/343/1007
f 1214/343/1008 1210/337/1008 1209/339/1008 1213/344/1008
f 1213/344/1009 1209/339/1009 1207/341/1009 1211/345/1009
f 1216/346/1010 1212/342/1010 1214/343/1010 1218/347/1010
f 1218/347/1011 1214/343/1011 1213/344/1011 1217/348/1011
f 1217/348/1012 1213/344/1012 1211/345/1012 1215/349/1012
f 1492/350/1013 1216/346/1013 1218/347/1013 1493/351/1013
f 1493/351/1014 1218/347/1014 1217/348/1014 1494/352/1014
f 1494/352/1015 1217/348/1015 1215/349/1015 1495/353/1015
f 1460/354/1016 1220/355/1016 1222/356/1016 1461/357/1016
f 1461/357/1017 1222/356/1017 1221/358/1017 1462/359/1017
f 1462/359/1018 1221/358/1018 1219/360/1018 1463/361/1018
f 1228/362/1019 1224/363/1019 1226/364/1019 1230/365/1019
f 1230/365/1020 1226/364/1020 1225/366/1020 1229/367/1020
f 1229/367/1021 1225/366/1021 1223/368/1021 1227/369/1021
f 1232/370/1022 1228/362/1022 1230/365/1022 1234/371/1022
f 1234/371/1023 1230/365/1023 1229/367/1023 1233/372/1023
f 1233/372/1024 1229/367/1024 1227/369/1024 1231/373/1024
f 1236/374/1025 1232/370/1025 1234/371/1025 1238/375/1025
f 1238/375/1026 1234/371/1026 1233/372/1026 1237/376/1026
f 1237/376/1027 1233/372/1027 1231/373/1027 1235/377/1027
f 1240/378/1028 1236/374/1028 1238/375/1028 1242/379/1028
f 1242/379/1029 1238/375/1029 1237/376/1029 1241/380/1029
f 1241/380/1030 1237/376/1030 1235/377/1030 1239/381/1030
f 1244/382/1031 1240/378/1031 1242/379/1031 1246/383/1031
f 1246/383/1032 1242/379/1032 1241/380/1032 1245/384/1032
f 1245/384/1033 1241/380/1033 1239/381/1033 1243/385/1033
f 1248/386/1034 1244/382/1034 1246/383/1034 1250/387/1034
f 1250/387/1035 1246/383/1035 1245/384/1035 1249/388/1035
f 1249/388/1036 1245/384/1036 1243/385/1036 1247/389/1036
f 1252/390/1037 1248/386/1037 1250/387/1037 1254/391/1037
f 1254/391/1038 1250/387/1038 1249/388/1038 1253/392/1038
f 1253/392/1039 1249/388/1039 1247/389/1039 1251/393/1039
f 1256/394/1040 1252/390/1040 1254/391/1040 1258/395/1040
f 1258/395/1041 1254/391/1041 1253/392/1041 1257/396/1041
f 1257/396/1042 1253/392/1042 1251/393/1042 1255/397/1042
f 1260/398/1043 1256/394/1043 1258/395/1043 1262/399/1043
f 1262/399/1044 1258/395/1044 1257/396/1044 1261/400/1044
f 1261/400/1045 1257/396/1045 1255/397/1045 1259/401/1045
f 1264/402/1046 1260/398/1046 1262/399/1046 1266/403/1046
f 1266/403/1047 1262/399/1047 1261/400/1047 1265/404/1047
f 1265/404/1048 1261/400/1048 1259/401/1048 1263/405/1048
f 1203/406/1049 1264/402/1049 1266/403/1049 1205/407/1049
f 1205/407/1050 1266/403/1050 1265/404/1050 1206/408/1050
f 1206/408/1051 1265/404/1051 1263/405/1051 1204/409/1051
f 1199/329/1052 1264/402/1052 1203/406/1052 1140/333/1052
f 1140/264/1053 1203/335/1053 1208/334/1053 1143/265/1053
f 1143/265/1054 1208/334/1054 1212/342/1054 1147/269/1054
f 1147/269/1055 1212/342/1055 1216/346/1055 1151/273/1055
f 1491/277/1056 1492/350/1056 1220/355/1056 1155/284/1056
f 1459/285/1057 1460/354/1057 1224/363/1057 1159/292/1057
f 1159/292/1058 1224/363/1058 1228/362/1058 1163/293/1058
f 1163/293/1059 1228/362/1059 1232/370/1059 1167/297/1059
f 1167/297/1060 1232/370/1060 1236/374/1060 1171/301/1060
f 1171/301/1061 1236/374/1061 1240/378/1061 1175/305/1061
f 1175/305/1062 1240/378/1062 1244/382/1062 1179/309/1062
f 1179/309/1063 1244/382/1063 1248/386/1063 1183/313/1063
f 1183/313/1064 1248/386/1064 1252/390/1064 1187/317/1064
f 1187/317/1065 1252/390/1065 1256/394/1065 1191/321/1065
f 1191/321/1066 1256/394/1066 1260/398/1066 1195/325/1066
f 1195/325/1067 1260/398/1067 1264/402/1067 1199/329/1067
f 1272/410/1068 1267/411/1068 1269/412/1068 1274/413/1068
f 1274/413/1069 1269/412/1069 1270/414/1069 1273/415/1069
f 1273/415/1070 1270/414/1070 1268/416/1070 1271/417/1070
f 1276/418/1071 1272/410/1071 1274/413/1071 1278/419/1071
f 1278/419/1072 1274/413/1072 1273/415/1072 1277/420/1072
f 1277/420/1073 1273/415/1073 1271/417/1073 1275/421/1073
f 1280/422/1074 1276/418/1074 1278/419/1074 1282/423/1074
f 1282/423/1075 1278/419/1075 1277/420/1075 1281/424/1075
f 1281/424/1076 1277/420/1076 1275/421/1076 1279/425/1076
f 1496/426/1077 1280/422/1077 1282/423/1077 1497/427/1077
f 1497/427/1078 1282/423/1078 1281/424/1078 1498/428/1078
f 1498/428/1079 1281/424/1079 1279/425/1079 1499/429/1079
f 1464/430/1080 1284/431/1080 1286/432/1080 1465/433/1080
f 1465/433/1081 1286/432/1081 1285/434/1081 1466/435/1081
f 1466/435/1082 1285/434/1082 1283/436/1082 1467/437/1082
f 1292/438/1083 1288/439/1083 1290/440/1083 1294/441/1083
f 1294/441/1084 1290/440/1084 1289/442/1084 1293/443/1084
f 1293/443/1085 1289/442/1085 1287/444/1085 1291/445/1085
f 1296/446/1086 1292/438/1086 1294/441/1086 1298/447/1086
f 1298/447/1087 1294/441/1087 1293/443/1087 1297/448/1087
f 1297/448/1088 1293/443/1088 1291/445/1088 1295/449/1088
f 1300/450/1089 1296/446/1089 1298/447/1089 1302/451/1089
f 1302/451/1090 1298/447/1090 1297/448/1090 1301/452/1090
f 1301/452/1091 1297/448/1091 1295/449/1091 1299/453/1091
f 1304/454/1092 1300/450/1092 1302/451/1092 1306/455/1092
f 1306/455/1093 1302/451/1093 1301/452/1093 1305/456/1093
f 1305/456/1094 1301/452/1094 1299/453/1094 1303/457/1094
f 1308/458/1095 1304/454/1095 1306/455/1095 1310/459/1095
f 1310/459/1096 1306/455/1096 1305/456/1096 1309/460/1096
f 1309/460/1097 1305/456/1097 1303/457/1097 1307/461/1097
f 1312/462/1098 1308/458/1098 1310/459/1098 1314/463/1098
f 1314/463/1099 1310/459/1099 1309/460/1099 1313/464/1099
f 1313/464/1100 1309/460/1100 1307/461/1100 1311/465/1100
f 1316/466/1101 1312/462/1101 1314/463/1101 1318/467/1101
f 1318/467/1102 1314/463/1102 1313/464/1102 1317/468/1102
f 1317/468/1103 1313/464/1103 1311/465/1103 1315/469/1103
f 1320/470/1104 1316/466/1104 1318/467/1104 1322/471/1104
f 1322/471/1105 1318/467/1105 1317/468/1105 1321/472/1105
f 1321/472/1106 1317/468/1106 1315/469/1106 1319/473/1106
f 1324/474/1107 1320/470/1107 1322/471/1107 1326/475/1107
f 1326/475/1108 1322/471/1108 1321/472/1108 1325/476/1108
f 1325/476/1109 1321/472/1109 1319/473/1109 1323/477/1109
f 1328/478/1110 1324/474/1110 1326/475/1110 1330/479/1110
f 1330/479/1111 1326/475/1111 1325/476/1111 1329/480/1111
f 1329/480/1112 1325/476/1112 1323/477/1112 1327/481/1112
f 1267/482/1113 1328/478/1113 1330/479/1113 1269/483/1113
f 1269/483/1114 1330/479/1114 1329/480/1114 1270/484/1114
f 1270/484/1115 1329/480/1115 1327/481/1115 1268/485/1115
f 1327/481/1116 1006/486/1116 939/487/1116 1268/485/1116
f 1263/405/1117 1328/478/1117 1267/482/1117 1204/409/1117
f 1268/416/1118 939/488/1118 943/489/1118 1271/417/1118
f 1204/340/1119 1267/411/1119 1272/410/1119 1207/341/1119
f 1207/341/1120 1272/410/1120 1276/418/1120 1211/345/1120
f 1271/417/1121 943/489/1121 948/490/1121 1275/421/1121
f 1211/345/1122 1276/418/1122 1280/422/1122 1215/349/1122
f 1275/421/1123 948/490/1123 952/491/1123 1279/425/1123
f 1495/353/1124 1496/426/1124 1284/431/1124 1219/360/1124
f 1499/429/1125 1475/492/1125 957/493/1125 1283/436/1125
f 1463/361/1126 1464/430/1126 1288/439/1126 1223/368/1126
f 1467/437/1127 1443/494/1127 961/495/1127 1287/444/1127
f 1223/368/1128 1288/439/1128 1292/438/1128 1227/369/1128
f 1287/444/1129 961/495/1129 966/496/1129 1291/445/1129
f 1227/369/1130 1292/438/1130 1296/446/1130 1231/373/1130
f 1291/445/1131 966/496/1131 970/497/1131 1295/449/1131
f 1231/373/1132 1296/446/1132 1300/450/1132 1235/377/1132
f 1295/449/1133 970/497/1133 975/498/1133 1299/453/1133
f 1235/377/1134 1300/450/1134 1304/454/1134 1239/381/1134
f 1299/453/1135 975/498/1135 979/499/1135 1303/457/1135
f 1239/381/1136 1304/454/1136 1308/458/1136 1243/385/1136
f 1303/457/1137 979/499/1137 984/500/1137 1307/461/1137
f 1243/385/1138 1308/458/1138 1312/462/1138 1247/389/1138
f 1307/461/1139 984/500/1139 988/501/1139 1311/465/1139
f 1247/389/1140 1312/462/1140 1316/466/1140 1251/393/1140
f 1311/465/1141 988/501/1141 993/502/1141 1315/469/1141
f 1251/393/1142 1316/466/1142 1320/470/1142 1255/397/1142
f 1315/469/1143 993/502/1143 997/503/1143 1319/473/1143
f 1255/397/1144 1320/470/1144 1324/474/1144 1259/401/1144
f 1319/473/1145 997/503/1145 1002/504/1145 1323/477/1145
f 1259/401/1146 1324/474/1146 1328/478/1146 1263/405/1146
f 1323/477/1147 1002/504/1147 1006/486/1147 1327/481/1147
f 1335/505/1148 1331/506/1148 1333/507/1148 1336/508/1148
f 1336/508/1149 1333/507/1149 1332/509/1149 1334/510/1149
f 1338/511/1150 1335/505/1150 1336/508/1150 1339/512/1150
f 1339/512/1151 1336/508/1151 1334/510/1151 1337/513/1151
f 1341/514/1152 1338/511/1152 1339/512/1152 1342/515/1152
f 1342/515/1153 1339/512/1153 1337/513/1153 1340/516/1153
f 1500/517/1154 1341/514/1154 1342/515/1154 1501/518/1154
f 1501/518/1155 1342/515/1155 1340/516/1155 1502/519/1155
f 1468/520/1156 1344/521/1156 1345/522/1156 1469/523/1156
f 1469/523/1157 1345/522/1157 1343/524/1157 1470/525/1157
f 1350/526/1158 1347/527/1158 1348/528/1158 1351/529/1158
f 1351/529/1159 1348/528/1159 1346/530/1159 1349/531/1159
f 1353/532/1160 1350/526/1160 1351/529/1160 1354/533/1160
f 1354/533/1161 1351/529/1161 1349/531/1161 1352/534/1161
f 1356/535/1162 1353/532/1162 1354/533/1162 1357/536/1162
f 1357/536/1163 1354/533/1163 1352/534/1163 1355/537/1163
f 1359/538/1164 1356/535/1164 1357/536/1164 1360/539/1164
f 1360/539/1165 1357/536/1165 1355/537/1165 1358/540/1165
f 1362/541/1166 1359/538/1166 1360/539/1166 1363/542/1166
f 1363/542/1167 1360/539/1167 1358/540/1167 1361/543/1167
f 1365/544/1168 1362/541/1168 1363/542/1168 1366/545/1168
f 1366/545/1169 1363/542/1169 1361/543/1169 1364/546/1169
f 1368/547/1170 1365/544/1170 1366/545/1170 1369/548/1170
f 1369/548/1171 1366/545/1171 1364/546/1171 1367/549/1171
f 1371/550/1172 1368/547/1172 1369/548/1172 1372/551/1172
f 1372/551/1173 1369/548/1173 1367/549/1173 1370/552/1173
f 1374/553/1174 1371/550/1174 1372/551/1174 1375/554/1174
f 1375/554/1175 1372/551/1175 1370/552/1175 1373/555/1175
f 1377/556/1176 1374/553/1176 1375/554/1176 1378/557/1176
f 1378/557/1177 1375/554/1177 1373/555/1177 1376/558/1177
f 1331/559/1178 1377/556/1178 1378/557/1178 1333/560/1178
f 1333/560/1179 1378/557/1179 1376/558/1179 1332/561/1179
f 1006/486/1180 1377/556/1180 1331/559/1180 939/487/1180
f 1332/509/1181 942/16/1181 947/19/1181 1334/510/1181
f 939/488/1182 1331/506/1182 1335/505/1182 943/489/1182
f 1376/558/1183 1010/51/1183 942/53/1183 1332/561/1183
f 943/489/1184 1335/505/1184 1338/511/1184 948/490/1184
f 1334/510/1185 947/19/1185 951/21/1185 1337/513/1185
f 948/490/1186 1338/511/1186 1341/514/1186 952/491/1186
f 1337/513/1187 951/21/1187 956/23/1187 1340/516/1187
f 1475/492/1188 1500/517/1188 1344/521/1188 957/493/1188
f 1502/519/1189 1479/24/1189 960/27/1189 1343/524/1189
f 1443/494/1190 1468/520/1190 1347/527/1190 961/495/1190
f 1470/525/1191 1447/28/1191 965/31/1191 1346/530/1191
f 961/495/1192 1347/527/1192 1350/526/1192 966/496/1192
f 1346/530/1193 965/31/1193 969/33/1193 1349/531/1193
f 966/496/1194 1350/526/1194 1353/532/1194 970/497/1194
f 1349/531/1195 969/33/1195 974/35/1195 1352/534/1195
f 970/497/1196 1353/532/1196 1356/535/1196 975/498/1196
f 1352/534/1197 974/35/1197 978/37/1197 1355/537/1197
f 975/498/1198 1356/535/1198 1359/538/1198 979/499/1198
f 1355/537/1199 978/37/1199 983/39/1199 1358/540/1199
f 979/499/1200 1359/538/1200 1362/541/1200 984/500/1200
f 1358/540/1201 983/39/1201 987/41/1201 1361/543/1201
f 984/500/1202 1362/541/1202 1365/544/1202 988/501/1202
f 1361/543/1203 987/41/1203 992/43/1203 1364/546/1203
f 988/501/1204 1365/544/1204 1368/547/1204 993/502/1204
f 1364/546/1205 992/43/1205 996/45/1205 1367/549/1205
f 993/502/1206 1368/547/1206 1371/550/1206 997/503/1206
f 1367/549/1207 996/45/1207 1001/47/1207 1370/552/1207
f 997/503/1208 1371/550/1208 1374/553/1208 1002/504/1208
f 1370/552/1209 1001/47/1209 1005/49/1209 1373/555/1209
f 1002/504/1210 1374/553/1210 1377/556/1210 1006/486/1210
f 1373/555/1211 1005/49/1211 1010/51/1211 1376/558/1211
f 1007/50/1212 1394/89/1212 1379/91/1212 940/52/1212
f 1003/48/1213 1393/87/1213 1394/89/1213 1007/50/1213
f 998/46/1214 1392/85/1214 1393/87/1214 1003/48/1214
f 994/44/1215 1391/83/1215 1392/85/1215 998/46/1215
f 989/42/1216 1390/81/1216 1391/83/1216 994/44/1216
f 985/40/1217 1389/79/1217 1390/81/1217 989/42/1217
f 980/38/1218 1388/77/1218 1389/79/1218 985/40/1218
f 976/36/1219 1387/75/1219 1388/77/1219 980/38/1219
f 971/34/1220 1386/73/1220 1387/75/1220 976/36/1220
f 967/32/1221 1385/71/1221 1386/73/1221 971/34/1221
f 962/30/1222 1384/69/1222 1385/71/1222 967/32/1222
f 1444/29/1223 1471/66/1223 1384/69/1223 962/30/1223
f 1476/25/1224 1503/62/1224 1383/65/1224 958/26/1224
f 949/20/1225 1381/59/1225 1382/61/1225 953/22/1225
f 944/18/1226 1380/57/1226 1381/59/1226 949/20/1226
f 940/17/1227 1379/54/1227 1380/57/1227 944/18/1227
f 1399/562/1228 1395/563/1228 1397/564/1228 1400/565/1228
f 1400/565/1229 1397/564/1229 1396/625/1229 1398/624/1229
f 1402/568/1230 1399/562/1230 1400/565/1230 1403/569/1230
f 1403/569/1231 1400/565/1231 1398/624/1231 1401/596/1231
f 1405/572/1232 1402/568/1232 1403/569/1232 1406/573/1232
f 1406/573/1233 1403/569/1233 1401/596/1233 1404/597/1233
f 1504/576/1234 1405/572/1234 1406/573/1234 1505/577/1234
f 1505/577/1235 1406/573/1235 1404/597/1235 1506/566/1235
f 1472/579/1236 1408/580/1236 1409/581/1236 1473/582/1236
f 1473/582/1237 1409/581/1237 1407/567/1237 1474/583/1237
f 1414/585/1238 1411/586/1238 1412/587/1238 1415/588/1238
f 1415/588/1239 1412/587/1239 1410/584/1239 1413/619/1239
f 1417/590/1240 1414/585/1240 1415/588/1240 1418/591/1240
f 1418/591/1241 1415/588/1241 1413/619/1241 1416/574/1241
f 1420/594/1242 1417/590/1242 1418/591/1242 1421/595/1242
f 1421/595/1243 1418/591/1243 1416/574/1243 1419/575/1243
f 1423/598/1244 1420/594/1244 1421/595/1244 1424/599/1244
f 1424/599/1245 1421/595/1245 1419/575/1245 1422/607/1245
f 1426/602/1246 1423/598/1246 1424/599/1246 1427/603/1246
f 1427/603/1247 1424/599/1247 1422/607/1247 1425/608/1247
f 1429/605/1248 1426/602/1248 1427/603/1248 1430/606/1248
f 1430/606/1249 1427/603/1249 1425/608/1249 1428/702/1249
f 1432/609/1250 1429/605/1250 1430/606/1250 1433/610/1250
f 1433/610/1251 1430/606/1251 1428/702/1251 1431/592/1251
f 1435/612/1252 1432/609/1252 1433/610/1252 1436/613/1252
f 1436/613/1253 1433/610/1253 1431/592/1253 1434/593/1253
f 1438/614/1254 1435/612/1254 1436/613/1254 1439/615/1254
f 1439/615/1255 1436/613/1255 1434/593/1255 1437/622/1255
f 1441/617/1256 1438/614/1256 1439/615/1256 1442/618/1256
f 1442/618/1257 1439/615/1257 1437/622/1257 1440/600/1257
f 1395/620/1258 1441/617/1258 1442/618/1258 1397/621/1258
f 1397/621/1259 1442/618/1259 1440/600/1259 1396/601/1259
f 1008/88/1260 1441/617/1260 1395/620/1260 941/90/1260
f 946/623/761 1398/624/761 1396/625/761 1508/626/761 1509/627/761 1510/628/761 1513/629/761 1511/630/761 1512/631/761 1507/632/761
f 941/55/1261 1395/563/1261 1399/562/1261 945/56/1261
f 1508/633/759 1396/601/759 1440/600/759 1009/634/759 1514/635/759 1515/636/759 1516/637/759 1517/638/759 1518/639/759 1519/640/759
f 945/56/1262 1399/562/1262 1402/568/1262 950/58/1262
f 1525/641/763 1401/596/763 1398/624/763 946/623/763 1520/642/763 1521/643/763 1522/644/763 1523/645/763 1524/646/763 1526/647/763
f 950/58/1263 1402/568/1263 1405/572/1263 954/60/1263
f 955/648/765 1404/597/765 1401/596/765 1525/641/765 1531/649/765 1532/650/765 1530/651/765 1529/652/765 1528/653/765 1527/654/765
f 1477/63/1264 1504/576/1264 1408/580/1264 959/64/1264
f 1407/567/767 1506/566/767 1478/655/767 1535/656/767 1534/657/767 1533/658/767 1538/659/767 1539/660/767 1536/661/767 1537/662/767
f 1445/67/1265 1472/579/1265 1411/586/1265 963/68/1265
f 1474/583/769 1446/663/769 964/664/769 1410/584/769
f 963/68/1266 1411/586/1266 1414/585/1266 968/70/1266
f 1413/619/771 1410/584/771 964/664/771 1540/665/771 1544/666/771 1545/667/771 1543/668/771 1546/669/771 1541/670/771 1542/671/771
f 968/70/1267 1414/585/1267 1417/590/1267 972/72/1267
f 973/672/773 1416/574/773 1413/619/773 1542/671/773 1550/673/773 1551/674/773 1552/675/773 1548/676/773 1549/677/773 1547/678/773
f 972/72/1268 1417/590/1268 1420/594/1268 977/74/1268
f 1419/575/745 1416/574/745 973/672/745 1553/679/745 1557/680/745 1558/681/745 1556/682/745 1559/683/745 1554/684/745 1555/685/745
f 977/74/1269 1420/594/1269 1423/598/1269 981/76/1269
f 982/686/743 1422/607/743 1419/575/743 1555/685/743 1563/687/743 1564/688/743 1565/689/743 1561/690/743 1562/691/743 1560/692/743
f 981/76/1270 1423/598/1270 1426/602/1270 986/78/1270
f 1425/608/747 1422/607/747 982/686/747 1566/693/747 1570/694/747 1571/695/747 1569/696/747 1572/697/747 1567/698/747 1568/699/747
f 986/78/1271 1426/602/1271 1429/605/1271 990/80/1271
f 1573/700/749 991/701/749 1428/702/749 1425/608/749 1568/699/749 1574/703/749 1575/704/749 1578/705/749 1576/706/749 1577/707/749
f 990/80/1272 1429/605/1272 1432/609/1272 995/82/1272
f 1584/708/751 1431/592/751 1428/702/751 991/701/751 1579/709/751 1580/710/751 1581/711/751 1582/712/751 1583/713/751 1585/714/751
f 995/82/1273 1432/609/1273 1435/612/1273 999/84/1273
f 1000/715/753 1434/593/753 1431/592/753 1584/708/753 1587/716/753 1588/717/753 1591/718/753 1589/719/753 1590/720/753 1586/721/753
f 999/84/1274 1435/612/1274 1438/614/1274 1004/86/1274
f 1597/722/755 1437/622/755 1434/593/755 1000/715/755 1592/723/755 1593/724/755 1594/725/755 1595/726/755 1596/727/755 1598/728/755
f 1004/86/1275 1438/614/1275 1441/617/1275 1008/88/1275
f 1009/634/757 1440/600/757 1437/622/757 1597/722/757 1600/729/757 1601/730/757 1604/731/757 1602/732/757 1603/733/757 1599/734/757
f 1446/663/769 1474/583/769 1407/567/769 1537/662/769 1609/735/769 1610/736/769 1608/737/769 1607/738/769 1606/739/769 1605/740/769
f 959/64/1276 1408/580/1276 1472/579/1276 1445/67/1276
f 1412/587/1237 1473/582/1237 1474/583/1237 1410/584/1237
f 1411/586/1236 1472/579/1236 1473/582/1236 1412/587/1236
f 958/26/1223 1383/65/1223 1471/66/1223 1444/29/1223
f 1343/524/1191 960/27/1191 1447/28/1191 1470/525/1191
f 957/493/1277 1344/521/1277 1468/520/1277 1443/494/1277
f 1348/528/1278 1469/523/1278 1470/525/1278 1346/530/1278
f 1347/527/1156 1468/520/1156 1469/523/1156 1348/528/1156
f 1283/436/1279 957/493/1279 1443/494/1279 1467/437/1279
f 1219/360/1280 1284/431/1280 1464/430/1280 1463/361/1280
f 1289/442/1281 1466/435/1281 1467/437/1281 1287/444/1281
f 1290/440/1282 1465/433/1282 1466/435/1282 1289/442/1282
f 1288/439/1283 1464/430/1283 1465/433/1283 1290/440/1283
f 1155/284/1284 1220/355/1284 1460/354/1284 1459/285/1284
f 1225/366/1285 1462/359/1285 1463/361/1285 1223/368/1285
f 1226/364/1286 1461/357/1286 1462/359/1286 1225/366/1286
f 1224/363/1287 1460/354/1287 1461/357/1287 1226/364/1287
f 1104/241/1288 1156/279/1288 1456/278/1288 1453/237/1288
f 1161/290/1289 1458/283/1289 1459/285/1289 1159/292/1289
f 1162/288/1290 1457/281/1290 1458/283/1290 1161/290/1290
f 1160/287/1291 1456/278/1291 1457/281/1291 1162/288/1291
f 1031/125/1292 1103/244/1292 1455/239/1292 1452/126/1292
f 1105/242/1293 1454/238/1293 1455/239/1293 1103/244/1293
f 1104/241/1294 1453/237/1294 1454/238/1294 1105/242/1294
f 1448/117/1295 938/192/1295 1032/118/1295
f 1038/133/1296 1451/124/1296 1452/126/1296 1036/135/1296
f 1039/131/1297 1450/122/1297 1451/124/1297 1038/133/1297
f 1040/129/1298 1449/120/1298 1450/122/1298 1039/131/1298
f 1037/128/1299 1448/117/1299 1449/120/1299 1040/129/1299
f 1383/65/800 959/64/800 1445/67/800 1471/66/800
f 960/27/1300 958/26/1300 1444/29/1300 1447/28/1300
f 1404/597/767 955/648/767 1478/655/767 1506/566/767
f 954/60/1301 1405/572/1301 1504/576/1301 1477/63/1301
f 1409/581/1235 1505/577/1235 1506/566/1235 1407/567/1235
f 1408/580/1234 1504/576/1234 1505/577/1234 1409/581/1234
f 953/22/1302 1382/61/1302 1503/62/1302 1476/25/1302
f 1340/516/1303 956/23/1303 1479/24/1303 1502/519/1303
f 952/491/1304 1341/514/1304 1500/517/1304 1475/492/1304
f 1345/522/1305 1501/518/1305 1502/519/1305 1343/524/1305
f 1344/521/1306 1500/517/1306 1501/518/1306 1345/522/1306
f 1279/425/1307 952/491/1307 1475/492/1307 1499/429/1307
f 1215/349/1308 1280/422/1308 1496/426/1308 1495/353/1308
f 1285/434/1309 1498/428/1309 1499/429/1309 1283/436/1309
f 1286/432/1310 1497/427/1310 1498/428/1310 1285/434/1310
f 1284/431/1311 1496/426/1311 1497/427/1311 1286/432/1311
f 1151/273/1312 1216/346/1312 1492/350/1312 1491/277/1312
f 1221/358/1313 1494/352/1313 1495/353/1313 1219/360/1313
f 1222/356/1014 1493/351/1014 1494/352/1014 1221/358/1014
f 1220/355/1314 1492/350/1314 1493/351/1314 1222/356/1314
f 1101/247/1315 1152/270/1315 1488/274/1315 1485/240/1315
f 1157/282/1316 1490/276/1316 1491/277/1316 1155/284/1316
f 1158/280/1317 1489/275/1317 1490/276/1317 1157/282/1317
f 1156/279/1318 1488/274/1318 1489/275/1318 1158/280/1318
f 1026/111/1319 1100/250/1319 1487/245/1319 1484/116/1319
f 1102/248/1320 1486/243/1320 1487/245/1320 1100/250/1320
f 1101/247/1321 1485/240/1321 1486/243/1321 1102/248/1321
f 938/191/1322 1027/107/1322 1480/112/1322
f 1033/123/1323 1483/115/1323 1484/116/1323 1031/125/1323
f 1034/121/1324 1482/114/1324 1483/115/1324 1033/123/1324
f 1035/119/1325 1481/113/1325 1482/114/1325 1034/121/1325
f 1032/118/1326 1480/112/1326 1481/113/1326 1035/119/1326
f 1382/61/799 954/60/799 1477/63/799 1503/62/799
f 956/23/1327 953/22/1327 1476/25/1327 1479/24/1327
f 273/623/261 946/623/261 1507/632/261 834/632/261
f 836/627/261 1509/627/261 1508/626/261 835/626/261
f 837/628/1328 1510/628/1328 1509/627/1328 836/627/1328
f 840/629/1329 1513/629/1329 1510/628/1329 837/628/1329
f 838/630/1330 1511/630/1330 1513/629/1330 840/629/1330
f 839/631/1331 1512/631/1331 1511/630/1331 838/630/1331
f 834/632/769 1507/632/769 1512/631/769 839/631/769
f 835/633/261 1508/633/261 1519/640/261 846/640/261
f 841/635/261 1514/635/261 1009/634/261 336/634/261
f 842/636/751 1515/636/751 1514/635/751 841/635/751
f 843/637/1332 1516/637/1332 1515/636/1332 842/636/1332
f 844/638/1333 1517/638/1333 1516/637/1333 843/637/1333
f 845/639/1334 1518/639/1334 1517/638/1334 844/638/1334
f 846/640/1335 1519/640/1335 1518/639/1335 845/639/1335
f 852/641/261 1525/641/261 1526/647/261 853/647/261
f 847/642/261 1520/642/261 946/623/261 273/623/261
f 848/643/755 1521/643/755 1520/642/755 847/642/755
f 849/644/1336 1522/644/1336 1521/643/1336 848/643/1336
f 850/645/1337 1523/645/1337 1522/644/1337 849/644/1337
f 851/646/1338 1524/646/1338 1523/645/1338 850/645/1338
f 853/647/1339 1526/647/1339 1524/646/1339 851/646/1339
f 282/648/261 955/648/261 1527/654/261 854/654/261
f 858/649/261 1531/649/261 1525/641/261 852/641/261
f 859/650/1340 1532/650/1340 1531/649/1340 858/649/1340
f 857/651/1341 1530/651/1341 1532/650/1341 859/650/1341
f 856/652/1342 1529/652/1342 1530/651/1342 857/651/1342
f 855/653/1343 1528/653/1343 1529/652/1343 856/652/1343
f 854/654/773 1527/654/773 1528/653/773 855/653/773
f 862/656/261 1535/656/261 1478/655/261 805/655/261
f 861/657/759 1534/657/759 1535/656/759 862/656/759
f 860/658/1344 1533/658/1344 1534/657/1344 861/657/1344
f 865/659/1345 1538/659/1345 1533/658/1345 860/658/1345
f 866/660/1346 1539/660/1346 1538/659/1346 865/659/1346
f 863/661/1347 1536/661/1347 1539/660/1347 866/660/1347
f 864/662/261 1537/662/261 1536/661/261 863/661/261
f 291/664/261 964/664/261 1446/663/261 773/663/261
f 867/665/261 1540/665/261 964/664/261 291/664/261
f 871/666/763 1544/666/763 1540/665/763 867/665/763
f 872/667/1348 1545/667/1348 1544/666/1348 871/666/1348
f 870/668/1349 1543/668/1349 1545/667/1349 872/667/1349
f 873/669/1350 1546/669/1350 1543/668/1350 870/668/1350
f 868/670/1351 1541/670/1351 1546/669/1351 873/669/1351
f 869/671/261 1542/671/261 1541/670/261 868/670/261
f 300/672/261 973/672/261 1547/678/261 874/678/261
f 877/673/261 1550/673/261 1542/671/261 869/671/261
f 878/674/1352 1551/674/1352 1550/673/1352 877/673/1352
f 879/675/1353 1552/675/1353 1551/674/1353 878/674/1353
f 875/676/1354 1548/676/1354 1552/675/1354 879/675/1354
f 876/677/1355 1549/677/1355 1548/676/1355 875/676/1355
f 874/678/749 1547/678/749 1549/677/749 876/677/749
f 880/679/261 1553/679/261 973/672/261 300/672/261
f 884/680/767 1557/680/767 1553/679/767 880/679/767
f 885/681/1356 1558/681/1356 1557/680/1356 884/680/1356
f 883/682/1357 1556/682/1357 1558/681/1357 885/681/1357
f 886/683/1358 1559/683/1358 1556/682/1358 883/682/1358
f 881/684/1359 1554/684/1359 1559/683/1359 886/683/1359
f 882/685/261 1555/685/261 1554/684/261 881/684/261
f 309/686/261 982/686/261 1560/692/261 887/692/261
f 890/687/261 1563/687/261 1555/685/261 882/685/261
f 891/688/1360 1564/688/1360 1563/687/1360 890/687/1360
f 892/689/1361 1565/689/1361 1564/688/1361 891/688/1361
f 888/690/1362 1561/690/1362 1565/689/1362 892/689/1362
f 889/691/1363 1562/691/1363 1561/690/1363 888/690/1363
f 887/692/753 1560/692/753 1562/691/753 889/691/753
f 893/693/261 1566/693/261 982/686/261 309/686/261
f 897/694/771 1570/694/771 1566/693/771 893/693/771
f 898/695/1364 1571/695/1364 1570/694/1364 897/694/1364
f 896/696/1365 1569/696/1365 1571/695/1365 898/695/1365
f 899/697/1366 1572/697/1366 1569/696/1366 896/696/1366
f 894/698/1367 1567/698/1367 1572/697/1367 899/697/1367
f 895/699/261 1568/699/261 1567/698/261 894/698/261
f 900/700/757 1573/700/757 1577/707/757 904/707/757
f 318/701/261 991/701/261 1573/700/261 900/700/261
f 901/703/261 1574/703/261 1568/699/261 895/699/261
f 902/704/1368 1575/704/1368 1574/703/1368 901/703/1368
f 905/705/1369 1578/705/1369 1575/704/1369 902/704/1369
f 903/706/1370 1576/706/1370 1578/705/1370 905/705/1370
f 904/707/1371 1577/707/1371 1576/706/1371 903/706/1371
f 911/708/261 1584/708/261 1585/714/261 912/714/261
f 906/709/261 1579/709/261 991/701/261 318/701/261
f 907/710/745 1580/710/745 1579/709/745 906/709/745
f 908/711/1372 1581/711/1372 1580/710/1372 907/710/1372
f 909/712/1373 1582/712/1373 1581/711/1373 908/711/1373
f 910/713/1374 1583/713/1374 1582/712/1374 909/712/1374
f 912/714/1375 1585/714/1375 1583/713/1375 910/713/1375
f 327/715/261 1000/715/261 1586/721/261 913/721/261
f 914/716/261 1587/716/261 1584/708/261 911/708/261
f 915/717/1376 1588/717/1376 1587/716/1376 914/716/1376
f 918/718/1377 1591/718/1377 1588/717/1377 915/717/1377
f 916/719/1378 1589/719/1378 1591/718/1378 918/718/1378
f 917/720/1379 1590/720/1379 1589/719/1379 916/719/1379
f 913/721/761 1586/721/761 1590/720/761 917/720/761
f 924/722/261 1597/722/261 1598/728/261 925/728/261
f 919/723/261 1592/723/261 1000/715/261 327/715/261
f 920/724/747 1593/724/747 1592/723/747 919/723/747
f 921/725/1380 1594/725/1380 1593/724/1380 920/724/1380
f 922/726/1381 1595/726/1381 1594/725/1381 921/725/1381
f 923/727/1382 1596/727/1382 1595/726/1382 922/726/1382
f 925/728/1383 1598/728/1383 1596/727/1383 923/727/1383
f 336/634/261 1009/634/261 1599/734/261 926/734/261
f 927/729/261 1600/729/261 1597/722/261 924/722/261
f 928/730/1384 1601/730/1384 1600/729/1384 927/729/1384
f 931/731/1385 1604/731/1385 1601/730/1385 928/730/1385
f 929/732/1386 1602/732/1386 1604/731/1386 931/731/1386
f 930/733/1387 1603/733/1387 1602/732/1387 929/732/1387
f 926/734/765 1599/734/765 1603/733/765 930/733/765
f 773/663/261 1446/663/261 1605/740/261 932/740/261
f 936/735/261 1609/735/261 1537/662/261 864/662/261
f 937/736/1388 1610/736/1388 1609/735/1388 936/735/1388
f 935/737/1389 1608/737/1389 1610/736/1389 937/736/1389
f 934/738/1390 1607/738/1390 1608/737/1390 935/737/1390
f 933/739/1391 1606/739/1391 1607/738/1391 934/738/1391
f 932/740/743 1605/740/743 1606/739/743 933/739/743
f 805/655/261 1478/655/261 955/648/261 282/648/261
f 736/581/1392 1617/744/1392 1615/743/1392 832/577/1392
f 739/587/1393 1619/571/1393 1616/745/1393 800/582/1393
f 724/621/1394 1612/747/1394 1628/746/1394 769/618/1394
f 769/618/1395 1628/746/1395 1627/748/1395 766/615/1395
f 766/615/1396 1627/748/1396 1626/742/1396 763/613/1396
f 763/613/1397 1626/742/1397 1625/741/1397 760/610/1397
f 760/610/1398 1625/741/1398 1624/616/1398 757/606/1398
f 757/606/1399 1624/616/1399 1623/611/1399 754/603/1399
f 754/603/1400 1623/611/1400 1622/604/1400 751/599/1400
f 751/599/1401 1622/604/1401 1621/589/1401 748/595/1401
f 748/595/1402 1621/589/1402 1620/578/1402 745/591/1402
f 745/591/1403 1620/578/1403 1618/570/1403 742/588/1403
f 742/588/1404 1618/570/1404 1619/571/1404 739/587/1404
f 800/582/1393 1616/745/1393 1617/744/1393 736/581/1393
f 832/577/1392 1615/743/1392 1614/749/1392 733/573/1392
f 733/573/1405 1614/749/1405 1613/750/1405 730/569/1405
f 730/569/1406 1613/750/1406 1611/751/1406 727/565/1406
f 727/565/1407 1611/751/1407 1612/752/1407 724/564/1407
f 1649/751/1407 1630/624/1407 1629/625/1407 1650/752/1407
f 1651/750/1406 1631/596/1406 1630/624/1406 1649/751/1406
f 1652/749/1405 1632/597/1405 1631/596/1405 1651/750/1405
f 1633/743/1392 1634/566/1392 1632/597/1392 1652/749/1392
f 1635/745/1393 1636/583/1393 1637/567/1393 1653/744/1393
f 1654/570/1404 1639/619/1404 1638/584/1404 1655/571/1404
f 1656/578/1403 1640/574/1403 1639/619/1403 1654/570/1403
f 1657/589/1402 1641/575/1402 1640/574/1402 1656/578/1402
f 1658/604/1401 1642/607/1401 1641/575/1401 1657/589/1401
f 1659/611/1400 1643/608/1400 1642/607/1400 1658/604/1400
f 1660/616/1399 1644/702/1399 1643/608/1399 1659/611/1399
f 1661/741/1408 1645/592/1408 1644/702/1408 1660/616/1408
f 1662/742/1397 1646/593/1397 1645/592/1397 1661/741/1397
f 1663/748/1396 1647/622/1396 1646/593/1396 1662/742/1396
f 1664/746/1409 1648/600/1409 1647/622/1409 1663/748/1409
f 1650/747/1394 1629/601/1394 1648/600/1394 1664/746/1394
f 1655/571/1393 1638/584/1393 1636/583/1393 1635/745/1393
f 1653/744/1392 1637/567/1392 1634/566/1392 1633/743/1392
f 723/625/1410 1629/625/1410 1630/624/1410 725/624/1410
f 1616/745/1411 1635/745/1411 1653/744/1411 1617/744/1411
f 752/608/1412 1643/608/1412 1644/702/1412 755/702/1412
f 1617/744/1413 1653/744/1413 1633/743/1413 1615/743/1413
f 1615/743/1413 1633/743/1413 1652/749/1413 1614/749/1413
f 731/597/712 1632/597/712 1634/566/712 833/566/712
f 1619/571/1411 1655/571/1411 1635/745/1411 1616/745/1411
f 761/593/1414 1646/593/1414 1647/622/1414 764/622/1414
f 1614/749/1415 1652/749/1415 1651/750/1415 1613/750/1415
f 737/584/1416 1638/584/1416 1639/619/1416 740/619/1416
f 1612/747/1417 1650/747/1417 1664/746/1417 1628/746/1417
f 1613/750/1418 1651/750/1418 1649/751/1418 1611/751/1418
f 1628/746/1419 1664/746/1419 1663/748/1419 1627/748/1419
f 746/575/1420 1641/575/1420 1642/607/1420 749/607/1420
f 1611/751/1421 1649/751/1421 1650/752/1421 1612/752/1421
f 1627/748/1422 1663/748/1422 1662/742/1422 1626/742/1422
f 725/624/1423 1630/624/1423 1631/596/1423 728/596/1423
f 755/702/1424 1644/702/1424 1645/592/1424 758/592/1424
f 1673/16/1425 1682/19/1425 1677/18/1425 1669/17/1425
f 1682/19/1426 1690/21/1426 1686/20/1426 1677/18/1426
f 1690/21/1427 1699/23/1427 1694/22/1427 1686/20/1427
f 2376/24/1428 1707/27/1428 1703/26/1428 2374/25/1428
f 2345/28/1429 1716/31/1429 1712/30/1429 2343/29/1429
f 1716/31/1430 1725/33/1430 1721/32/1430 1712/30/1430
f 1725/33/1431 1733/35/1431 1728/34/1431 1721/32/1431
f 1733/35/1432 1741/37/1432 1737/36/1432 1728/34/1432
f 1741/37/1433 1750/39/1433 1746/38/1433 1737/36/1433
f 1750/39/1434 1759/41/1434 1754/40/1434 1746/38/1434
f 1759/41/1435 1767/43/1435 1762/42/1435 1754/40/1435
f 1767/43/1436 1775/45/1436 1772/44/1436 1762/42/1436
f 1775/45/1437 1784/47/1437 1779/46/1437 1772/44/1437
f 1784/47/1438 1792/49/1438 1788/48/1438 1779/46/1438
f 1792/49/1439 1801/51/1439 1796/50/1439 1788/48/1439
f 1801/51/1440 1673/53/1440 1669/52/1440 1796/50/1440
f 2278/54/1441 2279/57/1441 1680/56/1441 1671/55/1441
f 2279/57/1442 2280/59/1442 1688/58/1442 1680/56/1442
f 2280/59/1443 2281/61/1443 1696/60/1443 1688/58/1443
f 2400/62/1444 2282/65/1444 1705/64/1444 2375/63/1444
f 2369/66/1445 2283/69/1445 1713/68/1445 2344/67/1445
f 2283/69/1446 2284/71/1446 1723/70/1446 1713/68/1446
f 2284/71/1447 2285/73/1447 1730/72/1447 1723/70/1447
f 2285/73/1448 2286/75/1448 1739/74/1448 1730/72/1448
f 2286/75/1449 2287/77/1449 1747/76/1449 1739/74/1449
f 2287/77/1450 2288/79/1450 1757/78/1450 1747/76/1450
f 2288/79/1451 2289/81/1451 1765/80/1451 1757/78/1451
f 2289/81/1452 2290/83/1452 1774/82/1452 1765/80/1452
f 2290/83/1453 2291/85/1453 1782/84/1453 1774/82/1453
f 2291/85/1454 2292/87/1454 1790/86/1454 1782/84/1454
f 2292/87/1455 2293/89/1455 1799/88/1455 1790/86/1455
f 2293/89/1456 2278/91/1456 1671/90/1456 1799/88/1456
f 1815/92/1457 1822/95/1457 1807/94/1457 1804/93/1457
f 1822/95/1458 1820/97/1458 1810/96/1458 1807/94/1458
f 1820/97/1459 1818/99/1459 1811/98/1459 1810/96/1459
f 1818/99/1460 1814/101/1460 1805/100/1460 1811/98/1460
f 1826/102/1461 1832/103/1461 1822/95/1461 1815/92/1461
f 1832/103/1462 1829/104/1462 1820/97/1462 1822/95/1462
f 1829/104/1463 1827/105/1463 1818/99/1463 1820/97/1463
f 1827/105/1464 1823/106/1464 1814/101/1464 1818/99/1464
f 1835/107/1465 1842/108/1465 1832/103/1465 1826/102/1465
f 1842/108/1466 1839/109/1466 1829/104/1466 1832/103/1466
f 1839/109/1467 1838/110/1467 1827/105/1467 1829/104/1467
f 1838/110/1468 1834/111/1468 1823/106/1468 1827/105/1468
f 2377/112/1469 2378/113/1469 1842/108/1469 1835/107/1469
f 2378/113/1470 2379/114/1470 1839/109/1470 1842/108/1470
f 2379/114/1471 2380/115/1471 1838/110/1471 1839/109/1471
f 2380/115/1472 2381/116/1472 1834/111/1472 1838/110/1472
f 2346/117/1473 2347/120/1473 1851/119/1473 1845/118/1473
f 2347/120/1474 2348/122/1474 1850/121/1474 1851/119/1474
f 2348/122/1475 2349/124/1475 1847/123/1475 1850/121/1475
f 2349/124/1476 2350/126/1476 1844/125/1476 1847/123/1476
f 1865/127/1477 1871/130/1477 1861/129/1477 1856/128/1477
f 1871/130/1478 1869/132/1478 1860/131/1478 1861/129/1478
f 1869/132/1479 1868/134/1479 1857/133/1479 1860/131/1479
f 1868/134/1480 1864/136/1480 1853/135/1480 1857/133/1480
f 1875/137/1481 1881/138/1481 1871/130/1481 1865/127/1481
f 1881/138/1482 1879/139/1482 1869/132/1482 1871/130/1482
f 1879/139/1483 1877/140/1483 1868/134/1483 1869/132/1483
f 1877/140/1484 1873/141/1484 1864/136/1484 1868/134/1484
f 1885/142/1485 1891/143/1485 1881/138/1485 1875/137/1485
f 1891/143/1486 1890/144/1486 1879/139/1486 1881/138/1486
f 1890/144/1487 1887/145/1487 1877/140/1487 1879/139/1487
f 1887/145/1488 1884/146/1488 1873/141/1488 1877/140/1488
f 1896/147/1489 1901/148/1489 1891/143/1489 1885/142/1489
f 1901/148/1490 1900/149/1490 1890/144/1490 1891/143/1490
f 1900/149/1491 1897/150/1491 1887/145/1491 1890/144/1491
f 1897/150/1492 1894/151/1492 1884/146/1492 1887/145/1492
f 1906/152/1493 1912/153/1493 1901/148/1493 1896/147/1493
f 1912/153/1494 1910/154/1494 1900/149/1494 1901/148/1494
f 1910/154/1495 1907/155/1495 1897/150/1495 1900/149/1495
f 1907/155/1496 1904/156/1496 1894/151/1496 1897/150/1496
f 1915/157/1497 1921/158/1497 1912/153/1497 1906/152/1497
f 1921/158/1498 1920/159/1498 1910/154/1498 1912/153/1498
f 1920/159/1499 1918/160/1499 1907/155/1499 1910/154/1499
f 1918/160/1500 1913/161/1500 1904/156/1500 1907/155/1500
f 1925/162/1501 1932/163/1501 1921/158/1501 1915/157/1501
f 1932/163/1502 1930/164/1502 1920/159/1502 1921/158/1502
f 1930/164/1503 1928/165/1503 1918/160/1503 1920/159/1503
f 1928/165/1504 1923/166/1504 1913/161/1504 1918/160/1504
f 1935/167/1505 1941/168/1505 1932/163/1505 1925/162/1505
f 1941/168/1506 1939/169/1506 1930/164/1506 1932/163/1506
f 1939/169/1507 1937/170/1507 1928/165/1507 1930/164/1507
f 1937/170/1508 1934/171/1508 1923/166/1508 1928/165/1508
f 1945/172/1509 1952/173/1509 1941/168/1509 1935/167/1509
f 1952/173/1510 1950/174/1510 1939/169/1510 1941/168/1510
f 1950/174/1511 1947/175/1511 1937/170/1511 1939/169/1511
f 1947/175/1512 1943/176/1512 1934/171/1512 1937/170/1512
f 1956/177/1513 1962/178/1513 1952/173/1513 1945/172/1513
f 1962/178/1514 1960/179/1514 1950/174/1514 1952/173/1514
f 1960/179/1515 1958/180/1515 1947/175/1515 1950/174/1515
f 1958/180/1516 1954/181/1516 1943/176/1516 1947/175/1516
f 1804/182/1517 1807/183/1517 1962/178/1517 1956/177/1517
f 1807/183/1518 1810/184/1518 1960/179/1518 1962/178/1518
f 1810/184/1519 1811/185/1519 1958/180/1519 1960/179/1519
f 1811/185/1520 1805/186/1520 1954/181/1520 1958/180/1520
f 1666/187/1521 1804/182/1521 1956/177/1521
f 1666/188/1522 1815/92/1522 1804/93/1522
f 1666/189/1523 1826/102/1523 1815/92/1523
f 1666/190/1524 1835/107/1524 1826/102/1524
f 1666/191/1525 1845/118/1525 2377/112/1525
f 1856/128/1526 2346/117/1526 1666/192/1526
f 1865/127/1527 1856/128/1527 1666/2/1527
f 1666/193/1528 1875/137/1528 1865/127/1528
f 1666/194/1529 1885/142/1529 1875/137/1529
f 1896/147/1530 1885/142/1530 1666/195/1530
f 1906/152/1531 1896/147/1531 1666/3/1531
f 1906/152/1532 1666/196/1532 1915/157/1532
f 1666/197/1533 1925/162/1533 1915/157/1533
f 1666/198/1534 1935/167/1534 1925/162/1534
f 1666/199/1535 1945/172/1535 1935/167/1535
f 1945/172/1536 1666/200/1536 1956/177/1536
f 2036/201/1537 2037/204/1537 1968/203/1537 1964/202/1537
f 2037/204/1538 2035/206/1538 1966/205/1538 1968/203/1538
f 2033/207/1539 2034/208/1539 2037/204/1539 2036/201/1539
f 2034/208/1540 2032/209/1540 2035/206/1540 2037/204/1540
f 2030/210/1541 2031/211/1541 2034/208/1541 2033/207/1541
f 2031/211/1542 2029/212/1542 2032/209/1542 2034/208/1542
f 2027/213/1543 2028/214/1543 2031/211/1543 2030/210/1543
f 2028/214/1544 2026/215/1544 2029/212/1544 2031/211/1544
f 2024/216/1545 2025/217/1545 2028/214/1545 2027/213/1545
f 2025/217/1546 2023/218/1546 2026/215/1546 2028/214/1546
f 2021/219/1547 2022/220/1547 2025/217/1547 2024/216/1547
f 2022/220/1548 2020/221/1548 2023/218/1548 2025/217/1548
f 2018/222/1549 2019/223/1549 2022/220/1549 2021/219/1549
f 2019/223/1550 2017/224/1550 2020/221/1550 2022/220/1550
f 2013/225/1551 2015/226/1551 2019/223/1551 2018/222/1551
f 2015/226/1552 2012/227/1552 2017/224/1552 2019/223/1552
f 2008/228/1553 2009/229/1553 2015/226/1553 2013/225/1553
f 2009/229/1554 2005/230/1554 2012/227/1554 2015/226/1554
f 2001/231/1555 2003/232/1555 2009/229/1555 2008/228/1555
f 2003/232/1556 1999/233/1556 2005/230/1556 2009/229/1556
f 1995/234/1557 1997/235/1557 2003/232/1557 2001/231/1557
f 1997/235/1558 1993/236/1558 1999/233/1558 2003/232/1558
f 2351/237/1559 2352/238/1559 1997/235/1559 1995/234/1559
f 2352/238/1560 2353/239/1560 1993/236/1560 1997/235/1560
f 2382/240/1561 2383/243/1561 1992/242/1561 1990/241/1561
f 2383/243/1562 2384/245/1562 1988/244/1562 1992/242/1562
f 1978/246/1563 1980/249/1563 1986/248/1563 1983/247/1563
f 1980/249/1564 1975/251/1564 1982/250/1564 1986/248/1564
f 1972/252/1565 1973/253/1565 1980/249/1565 1978/246/1565
f 1973/253/1566 1970/254/1566 1975/251/1566 1980/249/1566
f 1964/255/1567 1968/256/1567 1973/253/1567 1972/252/1567
f 1968/256/1568 1966/257/1568 1970/254/1568 1973/253/1568
f 1805/100/1569 1814/101/1569 1970/254/1569 1966/257/1569
f 1954/181/1570 1805/186/1570 1966/205/1570 2035/206/1570
f 1814/101/1571 1823/106/1571 1975/251/1571 1970/254/1571
f 1823/106/1572 1834/111/1572 1982/250/1572 1975/251/1572
f 2381/116/1573 1844/125/1573 1988/244/1573 2384/245/1573
f 2350/126/1574 1853/135/1574 1993/236/1574 2353/239/1574
f 1853/135/1575 1864/136/1575 1999/233/1575 1993/236/1575
f 1864/136/1576 1873/141/1576 2005/230/1576 1999/233/1576
f 1873/141/1577 1884/146/1577 2012/227/1577 2005/230/1577
f 1884/146/1578 1894/151/1578 2017/224/1578 2012/227/1578
f 1894/151/1579 1904/156/1579 2020/221/1579 2017/224/1579
f 1904/156/1580 1913/161/1580 2023/218/1580 2020/221/1580
f 1913/161/1581 1923/166/1581 2026/215/1581 2023/218/1581
f 1923/166/1582 1934/171/1582 2029/212/1582 2026/215/1582
f 1934/171/1583 1943/176/1583 2032/209/1583 2029/212/1583
f 1943/176/1584 1954/181/1584 2035/206/1584 2032/209/1584
f 2043/258/1585 2045/261/1585 2040/260/1585 2038/259/1585
f 2045/261/360 2044/263/360 2041/262/360 2040/260/360
f 2044/263/1586 2042/265/1586 2039/264/1586 2041/262/1586
f 2047/266/1587 2049/267/1587 2045/261/1587 2043/258/1587
f 2049/267/361 2048/268/361 2044/263/361 2045/261/361
f 2048/268/1588 2046/269/1588 2042/265/1588 2044/263/1588
f 2051/270/1589 2053/271/1589 2049/267/1589 2047/266/1589
f 2053/271/362 2052/272/362 2048/268/362 2049/267/362
f 2052/272/1590 2050/273/1590 2046/269/1590 2048/268/1590
f 2385/274/1591 2386/275/1591 2053/271/1591 2051/270/1591
f 2386/275/363 2387/276/363 2052/272/363 2053/271/363
f 2387/276/1592 2388/277/1592 2050/273/1592 2052/272/1592
f 2354/278/1593 2355/281/1593 2057/280/1593 2055/279/1593
f 2355/281/364 2356/283/364 2056/282/364 2057/280/364
f 2356/283/1594 2357/285/1594 2054/284/1594 2056/282/1594
f 2063/286/1595 2065/289/1595 2061/288/1595 2059/287/1595
f 2065/289/365 2064/291/365 2060/290/365 2061/288/365
f 2064/291/1596 2062/293/1596 2058/292/1596 2060/290/1596
f 2067/294/1597 2069/295/1597 2065/289/1597 2063/286/1597
f 2069/295/366 2068/296/366 2064/291/366 2065/289/366
f 2068/296/1598 2066/297/1598 2062/293/1598 2064/291/1598
f 2071/298/1599 2073/299/1599 2069/295/1599 2067/294/1599
f 2073/299/367 2072/300/367 2068/296/367 2069/295/367
f 2072/300/1600 2070/301/1600 2066/297/1600 2068/296/1600
f 2075/302/1601 2077/303/1601 2073/299/1601 2071/298/1601
f 2077/303/368 2076/304/368 2072/300/368 2073/299/368
f 2076/304/1602 2074/305/1602 2070/301/1602 2072/300/1602
f 2079/306/1603 2081/307/1603 2077/303/1603 2075/302/1603
f 2081/307/369 2080/308/369 2076/304/369 2077/303/369
f 2080/308/1604 2078/309/1604 2074/305/1604 2076/304/1604
f 2083/310/1605 2085/311/1605 2081/307/1605 2079/306/1605
f 2085/311/370 2084/312/370 2080/308/370 2081/307/370
f 2084/312/1606 2082/313/1606 2078/309/1606 2080/308/1606
f 2087/314/1607 2089/315/1607 2085/311/1607 2083/310/1607
f 2089/315/371 2088/316/371 2084/312/371 2085/311/371
f 2088/316/1608 2086/317/1608 2082/313/1608 2084/312/1608
f 2091/318/1609 2093/319/1609 2089/315/1609 2087/314/1609
f 2093/319/372 2092/320/372 2088/316/372 2089/315/372
f 2092/320/1610 2090/321/1610 2086/317/1610 2088/316/1610
f 2095/322/1611 2097/323/1611 2093/319/1611 2091/318/1611
f 2097/323/373 2096/324/373 2092/320/373 2093/319/373
f 2096/324/1612 2094/325/1612 2090/321/1612 2092/320/1612
f 2099/326/1613 2101/327/1613 2097/323/1613 2095/322/1613
f 2101/327/374 2100/328/374 2096/324/374 2097/323/374
f 2100/328/1614 2098/329/1614 2094/325/1614 2096/324/1614
f 2038/330/1615 2040/331/1615 2101/327/1615 2099/326/1615
f 2040/331/359 2041/332/359 2100/328/359 2101/327/359
f 2041/332/1616 2039/333/1616 2098/329/1616 2100/328/1616
f 2036/201/1617 1964/202/1617 2038/330/1617 2099/326/1617
f 1964/255/1618 1972/252/1618 2043/258/1618 2038/259/1618
f 1972/252/1619 1978/246/1619 2047/266/1619 2043/258/1619
f 1978/246/1620 1983/247/1620 2051/270/1620 2047/266/1620
f 2382/240/1621 1990/241/1621 2055/279/1621 2385/274/1621
f 2351/237/1622 1995/234/1622 2059/287/1622 2354/278/1622
f 1995/234/1623 2001/231/1623 2063/286/1623 2059/287/1623
f 2001/231/1624 2008/228/1624 2067/294/1624 2063/286/1624
f 2008/228/1625 2013/225/1625 2071/298/1625 2067/294/1625
f 2013/225/1626 2018/222/1626 2075/302/1626 2071/298/1626
f 2018/222/1627 2021/219/1627 2079/306/1627 2075/302/1627
f 2021/219/1628 2024/216/1628 2083/310/1628 2079/306/1628
f 2024/216/1629 2027/213/1629 2087/314/1629 2083/310/1629
f 2027/213/1630 2030/210/1630 2091/318/1630 2087/314/1630
f 2030/210/1631 2033/207/1631 2095/322/1631 2091/318/1631
f 2033/207/1632 2036/201/1632 2099/326/1632 2095/322/1632
f 2107/334/1633 2109/337/1633 2104/336/1633 2102/335/1633
f 2109/337/1634 2108/339/1634 2105/338/1634 2104/336/1634
f 2108/339/1635 2106/341/1635 2103/340/1635 2105/338/1635
f 2111/342/1636 2113/343/1636 2109/337/1636 2107/334/1636
f 2113/343/1637 2112/344/1637 2108/339/1637 2109/337/1637
f 2112/344/1638 2110/345/1638 2106/341/1638 2108/339/1638
f 2115/346/1639 2117/347/1639 2113/343/1639 2111/342/1639
f 2117/347/1640 2116/348/1640 2112/344/1640 2113/343/1640
f 2116/348/1641 2114/349/1641 2110/345/1641 2112/344/1641
f 2389/350/1642 2390/351/1642 2117/347/1642 2115/346/1642
f 2390/351/1643 2391/352/1643 2116/348/1643 2117/347/1643
f 2391/352/1644 2392/353/1644 2114/349/1644 2116/348/1644
f 2358/354/1645 2359/357/1645 2121/356/1645 2119/355/1645
f 2359/357/1646 2360/359/1646 2120/358/1646 2121/356/1646
f 2360/359/1647 2361/361/1647 2118/360/1647 2120/358/1647
f 2127/362/1648 2129/365/1648 2125/364/1648 2123/363/1648
f 2129/365/1649 2128/367/1649 2124/366/1649 2125/364/1649
f 2128/367/1650 2126/369/1650 2122/368/1650 2124/366/1650
f 2131/370/1651 2133/371/1651 2129/365/1651 2127/362/1651
f 2133/371/1652 2132/372/1652 2128/367/1652 2129/365/1652
f 2132/372/1653 2130/373/1653 2126/369/1653 2128/367/1653
f 2135/374/1654 2137/375/1654 2133/371/1654 2131/370/1654
f 2137/375/1655 2136/376/1655 2132/372/1655 2133/371/1655
f 2136/376/1656 2134/377/1656 2130/373/1656 2132/372/1656
f 2139/378/1657 2141/379/1657 2137/375/1657 2135/374/1657
f 2141/379/1658 2140/380/1658 2136/376/1658 2137/375/1658
f 2140/380/1659 2138/381/1659 2134/377/1659 2136/376/1659
f 2143/382/1660 2145/383/1660 2141/379/1660 2139/378/1660
f 2145/383/1661 2144/384/1661 2140/380/1661 2141/379/1661
f 2144/384/1662 2142/385/1662 2138/381/1662 2140/380/1662
f 2147/386/1663 2149/387/1663 2145/383/1663 2143/382/1663
f 2149/387/1664 2148/388/1664 2144/384/1664 2145/383/1664
f 2148/388/1665 2146/389/1665 2142/385/1665 2144/384/1665
f 2151/390/1666 2153/391/1666 2149/387/1666 2147/386/1666
f 2153/391/1667 2152/392/1667 2148/388/1667 2149/387/1667
f 2152/392/1668 2150/393/1668 2146/389/1668 2148/388/1668
f 2155/394/1669 2157/395/1669 2153/391/1669 2151/390/1669
f 2157/395/1670 2156/396/1670 2152/392/1670 2153/391/1670
f 2156/396/1671 2154/397/1671 2150/393/1671 2152/392/1671
f 2159/398/1672 2161/399/1672 2157/395/1672 2155/394/1672
f 2161/399/1673 2160/400/1673 2156/396/1673 2157/395/1673
f 2160/400/1674 2158/401/1674 2154/397/1674 2156/396/1674
f 2163/402/1675 2165/403/1675 2161/399/1675 2159/398/1675
f 2165/403/1676 2164/404/1676 2160/400/1676 2161/399/1676
f 2164/404/1677 2162/405/1677 2158/401/1677 2160/400/1677
f 2102/406/1678 2104/407/1678 2165/403/1678 2163/402/1678
f 2104/407/1679 2105/408/1679 2164/404/1679 2165/403/1679
f 2105/408/1680 2103/409/1680 2162/405/1680 2164/404/1680
f 2098/329/1681 2039/333/1681 2102/406/1681 2163/402/1681
f 2039/264/1682 2042/265/1682 2107/334/1682 2102/335/1682
f 2042/265/1683 2046/269/1683 2111/342/1683 2107/334/1683
f 2046/269/1684 2050/273/1684 2115/346/1684 2111/342/1684
f 2388/277/1685 2054/284/1685 2119/355/1685 2389/350/1685
f 2357/285/1686 2058/292/1686 2123/363/1686 2358/354/1686
f 2058/292/1687 2062/293/1687 2127/362/1687 2123/363/1687
f 2062/293/1688 2066/297/1688 2131/370/1688 2127/362/1688
f 2066/297/1689 2070/301/1689 2135/374/1689 2131/370/1689
f 2070/301/1690 2074/305/1690 2139/378/1690 2135/374/1690
f 2074/305/1691 2078/309/1691 2143/382/1691 2139/378/1691
f 2078/309/1692 2082/313/1692 2147/386/1692 2143/382/1692
f 2082/313/1693 2086/317/1693 2151/390/1693 2147/386/1693
f 2086/317/1694 2090/321/1694 2155/394/1694 2151/390/1694
f 2090/321/1695 2094/325/1695 2159/398/1695 2155/394/1695
f 2094/325/1696 2098/329/1696 2163/402/1696 2159/398/1696
f 2171/410/1697 2173/413/1697 2168/412/1697 2166/411/1697
f 2173/413/1698 2172/415/1698 2169/414/1698 2168/412/1698
f 2172/415/1699 2170/417/1699 2167/416/1699 2169/414/1699
f 2175/418/1700 2177/419/1700 2173/413/1700 2171/410/1700
f 2177/419/1701 2176/420/1701 2172/415/1701 2173/413/1701
f 2176/420/1702 2174/421/1702 2170/417/1702 2172/415/1702
f 2179/422/1703 2181/423/1703 2177/419/1703 2175/418/1703
f 2181/423/1704 2180/424/1704 2176/420/1704 2177/419/1704
f 2180/424/1705 2178/425/1705 2174/421/1705 2176/420/1705
f 2393/426/1706 2394/427/1706 2181/423/1706 2179/422/1706
f 2394/427/1707 2395/428/1707 2180/424/1707 2181/423/1707
f 2395/428/1708 2396/429/1708 2178/425/1708 2180/424/1708
f 2362/430/1709 2363/433/1709 2185/432/1709 2183/431/1709
f 2363/433/1710 2364/435/1710 2184/434/1710 2185/432/1710
f 2364/435/1711 2365/437/1711 2182/436/1711 2184/434/1711
f 2191/438/1712 2193/441/1712 2189/440/1712 2187/439/1712
f 2193/441/1713 2192/443/1713 2188/442/1713 2189/440/1713
f 2192/443/1714 2190/445/1714 2186/444/1714 2188/442/1714
f 2195/446/1715 2197/447/1715 2193/441/1715 2191/438/1715
f 2197/447/1716 2196/448/1716 2192/443/1716 2193/441/1716
f 2196/448/1717 2194/449/1717 2190/445/1717 2192/443/1717
f 2199/450/1718 2201/451/1718 2197/447/1718 2195/446/1718
f 2201/451/1719 2200/452/1719 2196/448/1719 2197/447/1719
f 2200/452/1720 2198/453/1720 2194/449/1720 2196/448/1720
f 2203/454/1721 2205/455/1721 2201/451/1721 2199/450/1721
f 2205/455/1722 2204/456/1722 2200/452/1722 2201/451/1722
f 2204/456/1723 2202/457/1723 2198/453/1723 2200/452/1723
f 2207/458/1724 2209/459/1724 2205/455/1724 2203/454/1724
f 2209/459/1725 2208/460/1725 2204/456/1725 2205/455/1725
f 2208/460/1726 2206/461/1726 2202/457/1726 2204/456/1726
f 2211/462/1727 2213/463/1727 2209/459/1727 2207/458/1727
f 2213/463/1728 2212/464/1728 2208/460/1728 2209/459/1728
f 2212/464/1729 2210/465/1729 2206/461/1729 2208/460/1729
f 2215/466/1730 2217/467/1730 2213/463/1730 2211/462/1730
f 2217/467/1731 2216/468/1731 2212/464/1731 2213/463/1731
f 2216/468/1732 2214/469/1732 2210/465/1732 2212/464/1732
f 2219/470/1733 2221/471/1733 2217/467/1733 2215/466/1733
f 2221/471/1734 2220/472/1734 2216/468/1734 2217/467/1734
f 2220/472/1735 2218/473/1735 2214/469/1735 2216/468/1735
f 2223/474/1736 2225/475/1736 2221/471/1736 2219/470/1736
f 2225/475/1737 2224/476/1737 2220/472/1737 2221/471/1737
f 2224/476/1738 2222/477/1738 2218/473/1738 2220/472/1738
f 2227/478/1739 2229/479/1739 2225/475/1739 2223/474/1739
f 2229/479/1740 2228/480/1740 2224/476/1740 2225/475/1740
f 2228/480/1741 2226/481/1741 2222/477/1741 2224/476/1741
f 2166/482/1742 2168/483/1742 2229/479/1742 2227/478/1742
f 2168/483/1743 2169/484/1743 2228/480/1743 2229/479/1743
f 2169/484/1744 2167/485/1744 2226/481/1744 2228/480/1744
f 2226/481/1745 2167/485/1745 1668/487/1745 1794/486/1745
f 2162/405/1746 2103/409/1746 2166/482/1746 2227/478/1746
f 2167/416/1747 2170/417/1747 1675/489/1747 1668/488/1747
f 2103/340/1748 2106/341/1748 2171/410/1748 2166/411/1748
f 2106/341/1749 2110/345/1749 2175/418/1749 2171/410/1749
f 2170/417/1750 2174/421/1750 1684/490/1750 1675/489/1750
f 2110/345/1751 2114/349/1751 2179/422/1751 2175/418/1751
f 2174/421/1752 2178/425/1752 1693/491/1752 1684/490/1752
f 2392/353/1753 2118/360/1753 2183/431/1753 2393/426/1753
f 2396/429/1754 2182/436/1754 1701/493/1754 2373/492/1754
f 2361/361/1755 2122/368/1755 2187/439/1755 2362/430/1755
f 2365/437/1756 2186/444/1756 1709/495/1756 2342/494/1756
f 2122/368/1757 2126/369/1757 2191/438/1757 2187/439/1757
f 2186/444/1758 2190/445/1758 1718/496/1758 1709/495/1758
f 2126/369/1759 2130/373/1759 2195/446/1759 2191/438/1759
f 2190/445/1760 2194/449/1760 1726/497/1760 1718/496/1760
f 2130/373/1761 2134/377/1761 2199/450/1761 2195/446/1761
f 2194/449/1762 2198/453/1762 1735/498/1762 1726/497/1762
f 2134/377/1763 2138/381/1763 2203/454/1763 2199/450/1763
f 2198/453/1764 2202/457/1764 1744/499/1764 1735/498/1764
f 2138/381/1765 2142/385/1765 2207/458/1765 2203/454/1765
f 2202/457/1766 2206/461/1766 1752/500/1766 1744/499/1766
f 2142/385/1767 2146/389/1767 2211/462/1767 2207/458/1767
f 2206/461/1768 2210/465/1768 1760/501/1768 1752/500/1768
f 2146/389/1769 2150/393/1769 2215/466/1769 2211/462/1769
f 2210/465/1770 2214/469/1770 1770/502/1770 1760/501/1770
f 2150/393/1771 2154/397/1771 2219/470/1771 2215/466/1771
f 2214/469/1772 2218/473/1772 1777/503/1772 1770/502/1772
f 2154/397/1773 2158/401/1773 2223/474/1773 2219/470/1773
f 2218/473/1774 2222/477/1774 1786/504/1774 1777/503/1774
f 2158/401/1775 2162/405/1775 2227/478/1775 2223/474/1775
f 2222/477/1776 2226/481/1776 1794/486/1776 1786/504/1776
f 2234/505/552 2235/508/552 2232/507/552 2230/506/552
f 2235/508/1777 2233/510/1777 2231/509/1777 2232/507/1777
f 2237/511/555 2238/512/555 2235/508/555 2234/505/555
f 2238/512/1778 2236/513/1778 2233/510/1778 2235/508/1778
f 2240/514/1779 2241/515/1779 2238/512/1779 2237/511/1779
f 2241/515/1780 2239/516/1780 2236/513/1780 2238/512/1780
f 2397/517/1781 2398/518/1781 2241/515/1781 2240/514/1781
f 2398/518/1782 2399/519/1782 2239/516/1782 2241/515/1782
f 2366/520/564 2367/523/564 2244/522/564 2243/521/564
f 2367/523/1783 2368/525/1783 2242/524/1783 2244/522/1783
f 2249/526/567 2250/529/567 2247/528/567 2246/527/567
f 2250/529/1784 2248/531/1784 2245/530/1784 2247/528/1784
f 2252/532/1785 2253/533/1785 2250/529/1785 2249/526/1785
f 2253/533/1786 2251/534/1786 2248/531/1786 2250/529/1786
f 2255/535/1787 2256/536/1787 2253/533/1787 2252/532/1787
f 2256/536/1788 2254/537/1788 2251/534/1788 2253/533/1788
f 2258/538/576 2259/539/576 2256/536/576 2255/535/576
f 2259/539/1789 2257/540/1789 2254/537/1789 2256/536/1789
f 2261/541/579 2262/542/579 2259/539/579 2258/538/579
f 2262/542/1790 2260/543/1790 2257/540/1790 2259/539/1790
f 2264/544/1791 2265/545/1791 2262/542/1791 2261/541/1791
f 2265/545/1792 2263/546/1792 2260/543/1792 2262/542/1792
f 2267/547/1793 2268/548/1793 2265/545/1793 2264/544/1793
f 2268/548/1794 2266/549/1794 2263/546/1794 2265/545/1794
f 2270/550/588 2271/551/588 2268/548/588 2267/547/588
f 2271/551/1795 2269/552/1795 2266/549/1795 2268/548/1795
f 2273/553/591 2274/554/591 2271/551/591 2270/550/591
f 2274/554/1796 2272/555/1796 2269/552/1796 2271/551/1796
f 2276/556/1797 2277/557/1797 2274/554/1797 2273/553/1797
f 2277/557/1798 2275/558/1798 2272/555/1798 2274/554/1798
f 2230/559/1799 2232/560/1799 2277/557/1799 2276/556/1799
f 2232/560/1800 2231/561/1800 2275/558/1800 2277/557/1800
f 1794/486/1801 1668/487/1801 2230/559/1801 2276/556/1801
f 2231/509/1802 2233/510/1802 1682/19/1802 1673/16/1802
f 1668/488/1803 1675/489/1803 2234/505/1803 2230/506/1803
f 2275/558/1804 2231/561/1804 1673/53/1804 1801/51/1804
f 1675/489/1805 1684/490/1805 2237/511/1805 2234/505/1805
f 2233/510/1806 2236/513/1806 1690/21/1806 1682/19/1806
f 1684/490/1807 1693/491/1807 2240/514/1807 2237/511/1807
f 2236/513/1808 2239/516/1808 1699/23/1808 1690/21/1808
f 2373/492/1809 1701/493/1809 2243/521/1809 2397/517/1809
f 2399/519/1810 2242/524/1810 1707/27/1810 2376/24/1810
f 2342/494/1811 1709/495/1811 2246/527/1811 2366/520/1811
f 2368/525/1812 2245/530/1812 1716/31/1812 2345/28/1812
f 1709/495/1813 1718/496/1813 2249/526/1813 2246/527/1813
f 2245/530/1814 2248/531/1814 1725/33/1814 1716/31/1814
f 1718/496/1815 1726/497/1815 2252/532/1815 2249/526/1815
f 2248/531/1816 2251/534/1816 1733/35/1816 1725/33/1816
f 1726/497/1817 1735/498/1817 2255/535/1817 2252/532/1817
f 2251/534/1818 2254/537/1818 1741/37/1818 1733/35/1818
f 1735/498/1819 1744/499/1819 2258/538/1819 2255/535/1819
f 2254/537/1820 2257/540/1820 1750/39/1820 1741/37/1820
f 1744/499/1821 1752/500/1821 2261/541/1821 2258/538/1821
f 2257/540/1822 2260/543/1822 1759/41/1822 1750/39/1822
f 1752/500/1823 1760/501/1823 2264/544/1823 2261/541/1823
f 2260/543/1824 2263/546/1824 1767/43/1824 1759/41/1824
f 1760/501/1825 1770/502/1825 2267/547/1825 2264/544/1825
f 2263/546/1826 2266/549/1826 1775/45/1826 1767/43/1826
f 1770/502/1827 1777/503/1827 2270/550/1827 2267/547/1827
f 2266/549/1828 2269/552/1828 1784/47/1828 1775/45/1828
f 1777/503/1829 1786/504/1829 2273/553/1829 2270/550/1829
f 2269/552/1830 2272/555/1830 1792/49/1830 1784/47/1830
f 1786/504/1831 1794/486/1831 2276/556/1831 2273/553/1831
f 2272/555/1832 2275/558/1832 1801/51/1832 1792/49/1832
f 1796/50/1833 1669/52/1833 2278/91/1833 2293/89/1833
f 1788/48/1834 1796/50/1834 2293/89/1834 2292/87/1834
f 1779/46/1835 1788/48/1835 2292/87/1835 2291/85/1835
f 1772/44/1836 1779/46/1836 2291/85/1836 2290/83/1836
f 1762/42/1837 1772/44/1837 2290/83/1837 2289/81/1837
f 1754/40/1838 1762/42/1838 2289/81/1838 2288/79/1838
f 1746/38/1839 1754/40/1839 2288/79/1839 2287/77/1839
f 1737/36/1840 1746/38/1840 2287/77/1840 2286/75/1840
f 1728/34/1841 1737/36/1841 2286/75/1841 2285/73/1841
f 1721/32/1842 1728/34/1842 2285/73/1842 2284/71/1842
f 1712/30/1843 1721/32/1843 2284/71/1843 2283/69/1843
f 2343/29/1844 1712/30/1844 2283/69/1844 2369/66/1844
f 2374/25/1845 1703/26/1845 2282/65/1845 2400/62/1845
f 1686/20/1846 1694/22/1846 2281/61/1846 2280/59/1846
f 1677/18/1847 1686/20/1847 2280/59/1847 2279/57/1847
f 1669/17/1848 1677/18/1848 2279/57/1848 2278/54/1848
f 2298/562/1849 2299/565/1849 2296/564/1849 2294/563/1849
f 2403/566/1850 3150/566/1850 3153/567/1850 2306/567/1850
f 2301/568/1851 2302/569/1851 2299/565/1851 2298/562/1851
f 3134/570/714 3170/570/714 3171/571/714 3135/571/714
f 2304/572/1852 2305/573/1852 2302/569/1852 2301/568/1852
f 2315/574/1853 3156/574/1853 3157/575/1853 2318/575/1853
f 2401/576/1854 2402/577/1854 2305/573/1854 2304/572/1854
f 3136/578/1855 3172/578/1855 3170/570/1855 3134/570/1855
f 2370/579/1856 2371/582/1856 2308/581/1856 2307/580/1856
f 2372/583/720 3152/583/720 3154/584/720 2309/584/720
f 2313/585/1857 2314/588/1857 2311/587/1857 2310/586/1857
f 3137/589/1858 3173/589/1858 3172/578/1858 3136/578/1858
f 2316/590/1859 2317/591/1859 2314/588/1859 2313/585/1859
f 2330/592/724 3161/592/724 3162/593/724 2333/593/724
f 2319/594/1860 2320/595/1860 2317/591/1860 2316/590/1860
f 2300/596/726 3147/596/726 3148/597/726 2303/597/726
f 2322/598/1861 2323/599/1861 2320/595/1861 2319/594/1861
f 2339/600/728 3164/600/728 3145/601/728 2295/601/728
f 2325/602/1862 2326/603/1862 2323/599/1862 2322/598/1862
f 3138/604/730 3174/604/730 3173/589/730 3137/589/730
f 2328/605/1863 2329/606/1863 2326/603/1863 2325/602/1863
f 2321/607/732 3158/607/732 3159/608/732 2324/608/732
f 2331/609/1864 2332/610/1864 2329/606/1864 2328/605/1864
f 3139/611/734 3175/611/734 3174/604/734 3138/604/734
f 2334/612/1865 2335/613/1865 2332/610/1865 2331/609/1865
f 2306/567/720 3153/567/720 3152/583/720 2372/583/720
f 2337/614/1866 2338/615/1866 2335/613/1866 2334/612/1866
f 3140/616/737 3176/616/737 3175/611/737 3139/611/737
f 2340/617/1867 2341/618/1867 2338/615/1867 2337/614/1867
f 2312/619/1868 3155/619/1868 3156/574/1868 2315/574/1868
f 2294/620/1869 2296/621/1869 2341/618/1869 2340/617/1869
f 2336/622/741 3163/622/741 3164/600/741 2339/600/741
f 1799/88/1870 1671/90/1870 2294/620/1870 2340/617/1870
f 3181/753/743 3182/754/743 2408/631/743 2407/630/743 2409/629/743 2406/628/743 2405/627/743 2404/626/743 2295/625/743 2297/624/743
f 1671/55/1871 1680/56/1871 2298/562/1871 2294/563/1871
f 2414/640/745 2413/639/745 2412/638/745 2411/637/745 2410/636/745 3184/756/745 3183/755/745 2339/600/745 2295/601/745 2404/633/745
f 1680/56/1872 1688/58/1872 2301/568/1872 2298/562/1872
f 2420/647/747 2418/646/747 2417/645/747 2416/644/747 2415/643/747 3186/758/747 3185/757/747 3181/753/747 2297/624/747 2300/596/747 2419/641/747
f 1688/58/1873 1696/60/1873 2304/572/1873 2301/568/1873
f 3187/759/749 3189/761/749 2421/653/749 2422/652/749 2423/651/749 2425/650/749 2424/649/749 2419/641/749 2300/596/749 2303/597/749 3188/760/749
f 2375/63/1874 1705/64/1874 2307/580/1874 2401/576/1874
f 2429/662/751 2428/661/751 2431/660/751 2430/659/751 2426/658/751 2427/657/751 3191/763/751 3190/762/751 2403/566/751 2306/567/751
f 2344/67/1875 1713/68/1875 2310/586/1875 2370/579/1875
f 3193/764/753 3192/765/753 2372/583/753 2309/584/753
f 1713/68/1876 1723/70/1876 2313/585/1876 2310/586/1876
f 2433/671/755 2432/670/755 2437/669/755 2434/668/755 2436/667/755 2435/666/755 3195/767/755 3194/766/755 3193/764/755 2309/584/755 2312/619/755
f 1723/70/1877 1730/72/1877 2316/590/1877 2313/585/1877
f 3196/768/757 3197/770/757 3198/769/757 2439/677/757 2438/676/757 2442/675/757 2441/674/757 2440/673/757 2433/671/757 2312/619/757 2315/574/757
f 1730/72/1878 1739/74/1878 2319/594/1878 2316/590/1878
f 2444/685/759 2443/684/759 2448/683/759 2445/682/759 2447/681/759 2446/680/759 3199/771/759 3196/768/759 2315/574/759 2318/575/759
f 1739/74/1879 1747/76/1879 2322/598/1879 2319/594/1879
f 3200/772/761 3201/773/761 2450/691/761 2449/690/761 2453/689/761 2452/688/761 2451/687/761 2444/685/761 2318/575/761 2321/607/761
f 1747/76/1880 1757/78/1880 2325/602/1880 2322/598/1880
f 2455/699/763 2454/698/763 2459/697/763 2456/696/763 2458/695/763 2457/694/763 3203/775/763 3202/774/763 3200/772/763 2321/607/763 2324/608/763
f 1757/78/1881 1765/80/1881 2328/605/1881 2325/602/1881
f 3205/776/765 3204/777/765 2463/707/765 2462/706/765 2464/705/765 2461/704/765 2460/703/765 2455/699/765 2324/608/765 2327/702/765
f 1765/80/1882 1774/82/1882 2331/609/1882 2328/605/1882
f 2470/714/767 2468/713/767 2467/712/767 2466/711/767 2465/710/767 3206/778/767 3205/776/767 2327/702/767 2330/592/767 2469/708/767
f 1774/82/1883 1782/84/1883 2334/612/1883 2331/609/1883
f 3207/779/769 3208/780/769 2474/720/769 2473/719/769 2475/718/769 2472/717/769 2471/716/769 2469/708/769 2330/592/769 2333/593/769
f 1782/84/1884 1790/86/1884 2337/614/1884 2334/612/1884
f 2481/728/771 2479/727/771 2478/726/771 2477/725/771 2476/724/771 3210/782/771 3209/781/771 3207/779/771 2333/593/771 2336/622/771 2480/722/771
f 1790/86/1885 1799/88/1885 2340/617/1885 2337/614/1885
f 3183/755/773 3211/784/773 3212/783/773 2485/733/773 2484/732/773 2486/731/773 2483/730/773 2482/729/773 2480/722/773 2336/622/773 2339/600/773
f 3192/765/753 3213/785/753 2487/739/753 2488/738/753 2489/737/753 2491/736/753 2490/735/753 2429/662/753 2306/567/753 2372/583/753
f 1705/64/1875 2344/67/1875 2370/579/1875 2307/580/1875
f 3141/741/774 3177/741/774 3176/616/774 3140/616/774
f 2310/586/1856 2311/587/1856 2371/582/1856 2370/579/1856
f 1703/26/1844 2343/29/1844 2369/66/1844 2282/65/1844
f 2242/524/1812 2368/525/1812 2345/28/1812 1707/27/1812
f 1701/493/1811 2342/494/1811 2366/520/1811 2243/521/1811
f 2247/528/1783 2245/530/1783 2368/525/1783 2367/523/1783
f 2246/527/564 2247/528/564 2367/523/564 2366/520/564
f 2182/436/1756 2365/437/1756 2342/494/1756 1701/493/1756
f 2118/360/1755 2361/361/1755 2362/430/1755 2183/431/1755
f 2188/442/1711 2186/444/1711 2365/437/1711 2364/435/1711
f 2189/440/1710 2188/442/1710 2364/435/1710 2363/433/1710
f 2187/439/1709 2189/440/1709 2363/433/1709 2362/430/1709
f 2054/284/1686 2357/285/1686 2358/354/1686 2119/355/1686
f 2124/366/1647 2122/368/1647 2361/361/1647 2360/359/1647
f 2125/364/1646 2124/366/1646 2360/359/1646 2359/357/1646
f 2123/363/1645 2125/364/1645 2359/357/1645 2358/354/1645
f 1990/241/1622 2351/237/1622 2354/278/1622 2055/279/1622
f 2060/290/1594 2058/292/1594 2357/285/1594 2356/283/1594
f 2061/288/776 2060/290/776 2356/283/776 2355/281/776
f 2059/287/1593 2061/288/1593 2355/281/1593 2354/278/1593
f 1844/125/1574 2350/126/1574 2353/239/1574 1988/244/1574
f 1992/242/1560 1988/244/1560 2353/239/1560 2352/238/1560
f 1990/241/1886 1992/242/1886 2352/238/1886 2351/237/1886
f 2346/117/1887 1845/118/1887 1666/192/1887
f 1857/133/1476 1853/135/1476 2350/126/1476 2349/124/1476
f 1860/131/1475 1857/133/1475 2349/124/1475 2348/122/1475
f 1861/129/1474 1860/131/1474 2348/122/1474 2347/120/1474
f 1856/128/1473 1861/129/1473 2347/120/1473 2346/117/1473
f 2282/65/1445 2369/66/1445 2344/67/1445 1705/64/1445
f 1707/27/1429 2345/28/1429 2343/29/1429 1703/26/1429
f 3190/762/751 3188/760/751 2303/597/751 2403/566/751
f 1696/60/1874 2375/63/1874 2401/576/1874 2304/572/1874
f 3142/742/777 3178/742/777 3177/741/777 3141/741/777
f 2307/580/1854 2308/581/1854 2402/577/1854 2401/576/1854
f 1694/22/1845 2374/25/1845 2400/62/1845 2281/61/1845
f 2239/516/1810 2399/519/1810 2376/24/1810 1699/23/1810
f 1693/491/1809 2373/492/1809 2397/517/1809 2240/514/1809
f 2244/522/1782 2242/524/1782 2399/519/1782 2398/518/1782
f 2243/521/1781 2244/522/1781 2398/518/1781 2397/517/1781
f 2178/425/1754 2396/429/1754 2373/492/1754 1693/491/1754
f 2114/349/1888 2392/353/1888 2393/426/1888 2179/422/1888
f 2184/434/1708 2182/436/1708 2396/429/1708 2395/428/1708
f 2185/432/1707 2184/434/1707 2395/428/1707 2394/427/1707
f 2183/431/1706 2185/432/1706 2394/427/1706 2393/426/1706
f 2050/273/1685 2388/277/1685 2389/350/1685 2115/346/1685
f 2120/358/1644 2118/360/1644 2392/353/1644 2391/352/1644
f 2121/356/1643 2120/358/1643 2391/352/1643 2390/351/1643
f 2119/355/1642 2121/356/1642 2390/351/1642 2389/350/1642
f 1983/247/1621 2382/240/1621 2385/274/1621 2051/270/1621
f 2056/282/1592 2054/284/1592 2388/277/1592 2387/276/1592
f 2057/280/363 2056/282/363 2387/276/363 2386/275/363
f 2055/279/1591 2057/280/1591 2386/275/1591 2385/274/1591
f 1834/111/1573 2381/116/1573 2384/245/1573 1982/250/1573
f 1986/248/1889 1982/250/1889 2384/245/1889 2383/243/1889
f 1983/247/1890 1986/248/1890 2383/243/1890 2382/240/1890
f 1666/191/1891 2377/112/1891 1835/107/1891
f 1847/123/1472 1844/125/1472 2381/116/1472 2380/115/1472
f 1850/121/1892 1847/123/1892 2380/115/1892 2379/114/1892
f 1851/119/1893 1850/121/1893 2379/114/1893 2378/113/1893
f 1845/118/1469 1851/119/1469 2378/113/1469 2377/112/1469
f 2281/61/1444 2400/62/1444 2375/63/1444 1696/60/1444
f 1699/23/1428 2376/24/1428 2374/25/1428 1694/22/1428
f 2496/16/1894 2494/17/1894 2498/18/1894 2500/19/1894
f 2500/19/1895 2498/18/1895 2502/20/1895 2504/21/1895
f 2504/21/1896 2502/20/1896 2506/22/1896 2508/23/1896
f 3013/24/1897 3011/25/1897 2510/26/1897 2512/27/1897
f 2984/28/1898 2982/29/1898 2514/30/1898 2516/31/1898
f 2516/31/1899 2514/30/1899 2518/32/1899 2520/33/1899
f 2520/33/1900 2518/32/1900 2522/34/1900 2524/35/1900
f 2524/35/1901 2522/34/1901 2526/36/1901 2528/37/1901
f 2528/37/1902 2526/36/1902 2530/38/1902 2532/39/1902
f 2532/39/1903 2530/38/1903 2534/40/1903 2536/41/1903
f 2536/41/1904 2534/40/1904 2538/42/1904 2540/43/1904
f 2540/43/1905 2538/42/1905 2542/44/1905 2544/45/1905
f 2544/45/1906 2542/44/1906 2546/46/1906 2548/47/1906
f 2548/47/1907 2546/46/1907 2550/48/1907 2552/49/1907
f 2552/49/1908 2550/48/1908 2554/50/1908 2556/51/1908
f 2556/51/1909 2554/50/1909 2494/52/1909 2496/53/1909
f 2917/54/1910 2495/55/1910 2499/56/1910 2918/57/1910
f 2918/57/1911 2499/56/1911 2503/58/1911 2919/59/1911
f 2919/59/1912 2503/58/1912 2507/60/1912 2920/61/1912
f 3035/62/1913 3012/63/1913 2511/64/1913 2921/65/1913
f 3006/66/1914 2983/67/1914 2515/68/1914 2922/69/1914
f 2922/69/1915 2515/68/1915 2519/70/1915 2923/71/1915
f 2923/71/1916 2519/70/1916 2523/72/1916 2924/73/1916
f 2924/73/1917 2523/72/1917 2527/74/1917 2925/75/1917
f 2925/75/1918 2527/74/1918 2531/76/1918 2926/77/1918
f 2926/77/1919 2531/76/1919 2535/78/1919 2927/79/1919
f 2927/79/1920 2535/78/1920 2539/80/1920 2928/81/1920
f 2928/81/1921 2539/80/1921 2543/82/1921 2929/83/1921
f 2929/83/1922 2543/82/1922 2547/84/1922 2930/85/1922
f 2930/85/1923 2547/84/1923 2551/86/1923 2931/87/1923
f 2931/87/1924 2551/86/1924 2555/88/1924 2932/89/1924
f 2932/89/1925 2555/88/1925 2495/90/1925 2917/91/1925
f 2563/92/1926 2557/93/1926 2559/94/1926 2565/95/1926
f 2565/95/1927 2559/94/1927 2560/96/1927 2564/97/1927
f 2564/97/1928 2560/96/1928 2561/98/1928
f 2561/99/1929 2558/100/1929 2562/101/1929
f 2567/102/1930 2563/92/1930 2565/95/1930 2569/103/1930
f 2569/103/1931 2565/95/1931 2564/97/1931 2568/104/1931
f 2568/104/1932 2564/97/1932 2572/105/1932
f 2572/105/1933 2564/97/1933 2561/99/1933
f 2572/105/1934 2561/99/1934 2562/101/1934 2566/106/1934
f 2571/107/1935 2567/102/1935 2569/103/1935 2574/108/1935
f 2574/108/1936 2569/103/1936 2568/104/1936 2573/109/1936
f 2573/109/1937 2568/104/1937 2572/105/1937
f 2572/110/1938 2566/106/1938 2570/111/1938
f 3014/112/1939 2571/107/1939 2574/108/1939 3015/113/1939
f 3015/113/1940 2574/108/1940 2573/109/1940
f 2573/114/1941 2572/110/1941 2577/115/1941
f 2577/115/1942 2572/110/1942 2570/111/1942 3016/116/1942
f 2985/117/1943 2576/118/1943 2579/119/1943 2986/120/1943
f 2986/120/1944 2579/119/1944 2578/121/1944
f 2577/124/1945 2575/125/1945 2987/126/1945
f 2585/127/1946 2581/128/1946 2583/129/1946 2588/130/1946
f 2588/130/1947 2583/129/1947 2582/131/1947 2587/132/1947
f 2587/132/1948 2582/131/1948 2586/133/1948
f 2586/134/1949 2580/135/1949 2584/136/1949
f 2590/137/1950 2585/127/1950 2588/130/1950 2592/138/1950
f 2592/138/1951 2588/130/1951 2587/132/1951 2591/139/1951
f 2591/139/1952 2587/132/1952 2595/140/1952
f 2595/140/1953 2587/132/1953 2586/134/1953
f 2595/140/1954 2586/134/1954 2584/136/1954 2589/141/1954
f 2594/142/1955 2590/137/1955 2592/138/1955 2597/143/1955
f 2597/143/1956 2592/138/1956 2591/139/1956 2596/144/1956
f 2596/144/1957 2591/139/1957 2595/140/1957
f 2595/145/1958 2589/141/1958 2593/146/1958
f 2599/147/1959 2594/142/1959 2597/143/1959 2601/148/1959
f 2601/148/1960 2597/143/1960 2596/144/1960 2600/149/1960
f 2600/149/1961 2596/144/1961 2595/145/1961
f 2595/150/1962 2593/146/1962 2598/151/1962
f 2603/152/1963 2599/147/1963 2601/148/1963 2606/153/1963
f 2606/153/1964 2601/148/1964 2600/149/1964 2605/154/1964
f 2605/154/1965 2600/149/1965 2604/155/1965
f 2604/155/1966 2600/149/1966 2595/150/1966
f 2604/155/1967 2595/150/1967 2598/151/1967 2602/156/1967
f 2608/157/1968 2603/152/1968 2606/153/1968 2610/158/1968
f 2610/158/1969 2606/153/1969 2605/154/1969 2609/159/1969
f 2609/159/1970 2605/154/1970 2604/155/1970
f 2604/160/1971 2602/156/1971 2607/161/1971
f 2612/162/1972 2608/157/1972 2610/158/1972 2615/163/1972
f 2615/163/1973 2610/158/1973 2609/159/1973 2614/164/1973
f 2614/164/1974 2609/159/1974 2613/165/1974
f 2613/165/1975 2609/159/1975 2604/160/1975
f 2613/165/1976 2604/160/1976 2607/161/1976 2611/166/1976
f 2617/167/1977 2612/162/1977 2615/163/1977 2619/168/1977
f 2619/168/1978 2615/163/1978 2614/164/1978 2618/169/1978
f 2618/169/1979 2614/164/1979 2613/165/1979
f 2613/170/1980 2611/166/1980 2616/171/1980
f 2621/172/1981 2617/167/1981 2619/168/1981 2624/173/1981
f 2624/173/1982 2619/168/1982 2618/169/1982 2623/174/1982
f 2623/174/1983 2618/169/1983 2622/175/1983
f 2622/175/1984 2618/169/1984 2613/170/1984
f 2622/175/1985 2613/170/1985 2616/171/1985 2620/176/1985
f 2626/177/1986 2621/172/1986 2624/173/1986 2628/178/1986
f 2628/178/1987 2624/173/1987 2623/174/1987 2627/179/1987
f 2627/179/1988 2623/174/1988 2622/175/1988
f 2622/180/1989 2620/176/1989 2625/181/1989
f 2557/182/1990 2626/177/1990 2628/178/1990 2559/183/1990
f 2559/183/1991 2628/178/1991 2627/179/1991 2560/184/1991
f 2560/184/1992 2627/179/1992 2561/185/1992
f 2561/185/1993 2627/179/1993 2622/180/1993
f 2561/185/1994 2622/180/1994 2625/181/1994 2558/186/1994
f 2492/187/1995 2626/177/1995 2557/182/1995
f 2492/188/1996 2557/93/1996 2563/92/1996
f 2492/189/1997 2563/92/1997 2567/102/1997
f 2492/190/1998 2567/102/1998 2571/107/1998
f 2492/191/1999 3014/112/1999 2576/118/1999
f 2581/128/2000 2492/192/2000 2985/117/2000
f 2585/127/2001 2492/2/2001 2581/128/2001
f 2492/193/2002 2585/127/2002 2590/137/2002
f 2492/194/2003 2590/137/2003 2594/142/2003
f 2599/147/2004 2492/195/2004 2594/142/2004
f 2603/152/2005 2492/3/2005 2599/147/2005
f 2603/152/2006 2608/157/2006 2492/196/2006
f 2492/197/2007 2608/157/2007 2612/162/2007
f 2492/198/2008 2612/162/2008 2617/167/2008
f 2492/199/2009 2617/167/2009 2621/172/2009
f 2621/172/2010 2626/177/2010 2492/200/2010
f 2675/201/2011 2629/202/2011 2631/203/2011 2676/204/2011
f 2676/204/2012 2631/203/2012 2630/205/2012 2674/206/2012
f 2672/207/2013 2675/201/2013 2676/204/2013 2673/208/2013
f 2673/208/2014 2676/204/2014 2674/206/2014 2671/209/2014
f 2669/210/2015 2672/207/2015 2673/208/2015 2670/211/2015
f 2670/211/2016 2673/208/2016 2671/209/2016 2668/212/2016
f 2666/213/2017 2669/210/2017 2670/211/2017 2667/214/2017
f 2667/214/2018 2670/211/2018 2668/212/2018 2665/215/2018
f 2663/216/2019 2666/213/2019 2667/214/2019 2664/217/2019
f 2664/217/2020 2667/214/2020 2665/215/2020 2662/218/2020
f 2660/219/2021 2663/216/2021 2664/217/2021 2661/220/2021
f 2661/220/2022 2664/217/2022 2662/218/2022 2659/221/2022
f 2657/222/2023 2660/219/2023 2661/220/2023 2658/223/2023
f 2658/223/2024 2661/220/2024 2659/221/2024 2656/224/2024
f 2654/225/2025 2657/222/2025 2658/223/2025 2655/226/2025
f 2655/226/2026 2658/223/2026 2656/224/2026 2653/227/2026
f 2651/228/2027 2654/225/2027 2655/226/2027 2652/229/2027
f 2652/229/2028 2655/226/2028 2653/227/2028 2650/230/2028
f 2648/231/2029 2651/228/2029 2652/229/2029 2649/232/2029
f 2649/232/2030 2652/229/2030 2650/230/2030 2647/233/2030
f 2645/234/2031 2648/231/2031 2649/232/2031 2646/235/2031
f 2646/235/2032 2649/232/2032 2647/233/2032 2644/236/2032
f 2988/237/2033 2645/234/2033 2646/235/2033 2989/238/2033
f 2989/238/2034 2646/235/2034 2644/236/2034 2990/239/2034
f 3017/240/2035 2642/241/2035 2643/242/2035 3018/243/2035
f 3018/243/2036 2643/242/2036 2641/244/2036 3019/245/2036
f 2636/246/2037 2639/247/2037 2640/248/2037 2637/249/2037
f 2637/249/2038 2640/248/2038 2638/250/2038 2635/251/2038
f 2633/252/2039 2636/246/2039 2637/249/2039 2634/253/2039
f 2634/253/2040 2637/249/2040 2635/251/2040 2632/254/2040
f 2629/255/2041 2633/252/2041 2634/253/2041 2631/256/2041
f 2631/256/2042 2634/253/2042 2632/254/2042 2630/257/2042
f 2558/100/2043 2630/257/2043 2632/254/2043 2562/101/2043
f 2625/181/2044 2674/206/2044 2630/205/2044 2558/186/2044
f 2562/101/2045 2632/254/2045 2635/251/2045 2566/106/2045
f 2566/106/2046 2635/251/2046 2638/250/2046 2570/111/2046
f 3016/116/2047 3019/245/2047 2641/244/2047 2575/125/2047
f 2987/126/2048 2990/239/2048 2644/236/2048 2580/135/2048
f 2580/135/2049 2644/236/2049 2647/233/2049 2584/136/2049
f 2584/136/2050 2647/233/2050 2650/230/2050 2589/141/2050
f 2589/141/2051 2650/230/2051 2653/227/2051 2593/146/2051
f 2593/146/2052 2653/227/2052 2656/224/2052 2598/151/2052
f 2598/151/2053 2656/224/2053 2659/221/2053 2602/156/2053
f 2602/156/2054 2659/221/2054 2662/218/2054 2607/161/2054
f 2607/161/2055 2662/218/2055 2665/215/2055 2611/166/2055
f 2611/166/2056 2665/215/2056 2668/212/2056 2616/171/2056
f 2616/171/2057 2668/212/2057 2671/209/2057 2620/176/2057
f 2620/176/2058 2671/209/2058 2674/206/2058 2625/181/2058
f 2682/258/2059 2677/259/2059 2679/260/2059 2684/261/2059
f 2684/261/2060 2679/260/2060 2680/262/2060 2683/263/2060
f 2683/263/2061 2680/262/2061 2678/264/2061 2681/265/2061
f 2686/266/2062 2682/258/2062 2684/261/2062 2688/267/2062
f 2688/267/2063 2684/261/2063 2683/263/2063 2687/268/2063
f 2687/268/2064 2683/263/2064 2681/265/2064 2685/269/2064
f 2690/270/2065 2686/266/2065 2688/267/2065 2692/271/2065
f 2692/271/2066 2688/267/2066 2687/268/2066 2691/272/2066
f 2691/272/2067 2687/268/2067 2685/269/2067 2689/273/2067
f 3020/274/2068 2690/270/2068 2692/271/2068 3021/275/2068
f 3021/275/2069 2692/271/2069 2691/272/2069 3022/276/2069
f 3022/276/2070 2691/272/2070 2689/273/2070 3023/277/2070
f 2991/278/2071 2694/279/2071 2696/280/2071 2992/281/2071
f 2992/281/2072 2696/280/2072 2695/282/2072 2993/283/2072
f 2993/283/2073 2695/282/2073 2693/284/2073 2994/285/2073
f 2702/286/2074 2698/287/2074 2700/288/2074 2704/289/2074
f 2704/289/2075 2700/288/2075 2699/290/2075 2703/291/2075
f 2703/291/2076 2699/290/2076 2697/292/2076 2701/293/2076
f 2706/294/2077 2702/286/2077 2704/289/2077 2708/295/2077
f 2708/295/2078 2704/289/2078 2703/291/2078 2707/296/2078
f 2707/296/2079 2703/291/2079 2701/293/2079 2705/297/2079
f 2710/298/2080 2706/294/2080 2708/295/2080 2712/299/2080
f 2712/299/2081 2708/295/2081 2707/296/2081 2711/300/2081
f 2711/300/2082 2707/296/2082 2705/297/2082 2709/301/2082
f 2714/302/2083 2710/298/2083 2712/299/2083 2716/303/2083
f 2716/303/2084 2712/299/2084 2711/300/2084 2715/304/2084
f 2715/304/2085 2711/300/2085 2709/301/2085 2713/305/2085
f 2718/306/2086 2714/302/2086 2716/303/2086 2720/307/2086
f 2720/307/2087 2716/303/2087 2715/304/2087 2719/308/2087
f 2719/308/2088 2715/304/2088 2713/305/2088 2717/309/2088
f 2722/310/2089 2718/306/2089 2720/307/2089 2724/311/2089
f 2724/311/2090 2720/307/2090 2719/308/2090 2723/312/2090
f 2723/312/2091 2719/308/2091 2717/309/2091 2721/313/2091
f 2726/314/2092 2722/310/2092 2724/311/2092 2728/315/2092
f 2728/315/2093 2724/311/2093 2723/312/2093 2727/316/2093
f 2727/316/2094 2723/312/2094 2721/313/2094 2725/317/2094
f 2730/318/2095 2726/314/2095 2728/315/2095 2732/319/2095
f 2732/319/2096 2728/315/2096 2727/316/2096 2731/320/2096
f 2731/320/2097 2727/316/2097 2725/317/2097 2729/321/2097
f 2734/322/2098 2730/318/2098 2732/319/2098 2736/323/2098
f 2736/323/2099 2732/319/2099 2731/320/2099 2735/324/2099
f 2735/324/2100 2731/320/2100 2729/321/2100 2733/325/2100
f 2738/326/2101 2734/322/2101 2736/323/2101 2740/327/2101
f 2740/327/2102 2736/323/2102 2735/324/2102 2739/328/2102
f 2739/328/2103 2735/324/2103 2733/325/2103 2737/329/2103
f 2677/330/2104 2738/326/2104 2740/327/2104 2679/331/2104
f 2679/331/2105 2740/327/2105 2739/328/2105 2680/332/2105
f 2680/332/2106 2739/328/2106 2737/329/2106 2678/333/2106
f 2675/201/2107 2738/326/2107 2677/330/2107 2629/202/2107
f 2629/255/2108 2677/259/2108 2682/258/2108 2633/252/2108
f 2633/252/2109 2682/258/2109 2686/266/2109 2636/246/2109
f 2636/246/2110 2686/266/2110 2690/270/2110 2639/247/2110
f 3017/240/2111 3020/274/2111 2694/279/2111 2642/241/2111
f 2988/237/2112 2991/278/2112 2698/287/2112 2645/234/2112
f 2645/234/2113 2698/287/2113 2702/286/2113 2648/231/2113
f 2648/231/2114 2702/286/2114 2706/294/2114 2651/228/2114
f 2651/228/2115 2706/294/2115 2710/298/2115 2654/225/2115
f 2654/225/2116 2710/298/2116 2714/302/2116 2657/222/2116
f 2657/222/2117 2714/302/2117 2718/306/2117 2660/219/2117
f 2660/219/2118 2718/306/2118 2722/310/2118 2663/216/2118
f 2663/216/2119 2722/310/2119 2726/314/2119 2666/213/2119
f 2666/213/2120 2726/314/2120 2730/318/2120 2669/210/2120
f 2669/210/2121 2730/318/2121 2734/322/2121 2672/207/2121
f 2672/207/2122 2734/322/2122 2738/326/2122 2675/201/2122
f 2746/334/2123 2741/335/2123 2743/336/2123 2748/337/2123
f 2748/337/2124 2743/336/2124 2744/338/2124 2747/339/2124
f 2747/339/2125 2744/338/2125 2742/340/2125 2745/341/2125
f 2750/342/2126 2746/334/2126 2748/337/2126 2752/343/2126
f 2752/343/2127 2748/337/2127 2747/339/2127 2751/344/2127
f 2751/344/2128 2747/339/2128 2745/341/2128 2749/345/2128
f 2754/346/2129 2750/342/2129 2752/343/2129 2756/347/2129
f 2756/347/2130 2752/343/2130 2751/344/2130 2755/348/2130
f 2755/348/2131 2751/344/2131 2749/345/2131 2753/349/2131
f 3024/350/2132 2754/346/2132 2756/347/2132 3025/351/2132
f 3025/351/2133 2756/347/2133 2755/348/2133 3026/352/2133
f 3026/352/2134 2755/348/2134 2753/349/2134 3027/353/2134
f 2995/354/2135 2758/355/2135 2760/356/2135 2996/357/2135
f 2996/357/2136 2760/356/2136 2759/358/2136 2997/359/2136
f 2997/359/2137 2759/358/2137 2757/360/2137 2998/361/2137
f 2766/362/2138 2762/363/2138 2764/364/2138 2768/365/2138
f 2768/365/2139 2764/364/2139 2763/366/2139 2767/367/2139
f 2767/367/2140 2763/366/2140 2761/368/2140 2765/369/2140
f 2770/370/2141 2766/362/2141 2768/365/2141 2772/371/2141
f 2772/371/2142 2768/365/2142 2767/367/2142 2771/372/2142
f 2771/372/2143 2767/367/2143 2765/369/2143 2769/373/2143
f 2774/374/2144 2770/370/2144 2772/371/2144 2776/375/2144
f 2776/375/2145 2772/371/2145 2771/372/2145 2775/376/2145
f 2775/376/2146 2771/372/2146 2769/373/2146 2773/377/2146
f 2778/378/2147 2774/374/2147 2776/375/2147 2780/379/2147
f 2780/379/2148 2776/375/2148 2775/376/2148 2779/380/2148
f 2779/380/2149 2775/376/2149 2773/377/2149 2777/381/2149
f 2782/382/2150 2778/378/2150 2780/379/2150 2784/383/2150
f 2784/383/2151 2780/379/2151 2779/380/2151 2783/384/2151
f 2783/384/2152 2779/380/2152 2777/381/2152 2781/385/2152
f 2786/386/2153 2782/382/2153 2784/383/2153 2788/387/2153
f 2788/387/2154 2784/383/2154 2783/384/2154 2787/388/2154
f 2787/388/2155 2783/384/2155 2781/385/2155 2785/389/2155
f 2790/390/2156 2786/386/2156 2788/387/2156 2792/391/2156
f 2792/391/2157 2788/387/2157 2787/388/2157 2791/392/2157
f 2791/392/2158 2787/388/2158 2785/389/2158 2789/393/2158
f 2794/394/2159 2790/390/2159 2792/391/2159 2796/395/2159
f 2796/395/2160 2792/391/2160 2791/392/2160 2795/396/2160
f 2795/396/2161 2791/392/2161 2789/393/2161 2793/397/2161
f 2798/398/2162 2794/394/2162 2796/395/2162 2800/399/2162
f 2800/399/2163 2796/395/2163 2795/396/2163 2799/400/2163
f 2799/400/2164 2795/396/2164 2793/397/2164 2797/401/2164
f 2802/402/2165 2798/398/2165 2800/399/2165 2804/403/2165
f 2804/403/2166 2800/399/2166 2799/400/2166 2803/404/2166
f 2803/404/2167 2799/400/2167 2797/401/2167 2801/405/2167
f 2741/406/2168 2802/402/2168 2804/403/2168 2743/407/2168
f 2743/407/2169 2804/403/2169 2803/404/2169 2744/408/2169
f 2744/408/2170 2803/404/2170 2801/405/2170 2742/409/2170
f 2737/329/2171 2802/402/2171 2741/406/2171 2678/333/2171
f 2678/264/2172 2741/335/2172 2746/334/2172 2681/265/2172
f 2681/265/2173 2746/334/2173 2750/342/2173 2685/269/2173
f 2685/269/2174 2750/342/2174 2754/346/2174 2689/273/2174
f 3023/277/2175 3024/350/2175 2758/355/2175 2693/284/2175
f 2994/285/2176 2995/354/2176 2762/363/2176 2697/292/2176
f 2697/292/2177 2762/363/2177 2766/362/2177 2701/293/2177
f 2701/293/2178 2766/362/2178 2770/370/2178 2705/297/2178
f 2705/297/2179 2770/370/2179 2774/374/2179 2709/301/2179
f 2709/301/2180 2774/374/2180 2778/378/2180 2713/305/2180
f 2713/305/2181 2778/378/2181 2782/382/2181 2717/309/2181
f 2717/309/2182 2782/382/2182 2786/386/2182 2721/313/2182
f 2721/313/2183 2786/386/2183 2790/390/2183 2725/317/2183
f 2725/317/2184 2790/390/2184 2794/394/2184 2729/321/2184
f 2729/321/2185 2794/394/2185 2798/398/2185 2733/325/2185
f 2733/325/2186 2798/398/2186 2802/402/2186 2737/329/2186
f 2810/410/2187 2805/411/2187 2807/412/2187 2812/413/2187
f 2812/413/2188 2807/412/2188 2808/414/2188 2811/415/2188
f 2811/415/2189 2808/414/2189 2806/416/2189 2809/417/2189
f 2814/418/2190 2810/410/2190 2812/413/2190 2816/419/2190
f 2816/419/2191 2812/413/2191 2811/415/2191 2815/420/2191
f 2815/420/2192 2811/415/2192 2809/417/2192 2813/421/2192
f 2818/422/2193 2814/418/2193 2816/419/2193 2820/423/2193
f 2820/423/2194 2816/419/2194 2815/420/2194 2819/424/2194
f 2819/424/2195 2815/420/2195 2813/421/2195 2817/425/2195
f 3028/426/2196 2818/422/2196 2820/423/2196 3029/427/2196
f 3029/427/2197 2820/423/2197 2819/424/2197 3030/428/2197
f 3030/428/2198 2819/424/2198 2817/425/2198 3031/429/2198
f 2999/430/2199 2822/431/2199 2824/432/2199 3000/433/2199
f 3000/433/2200 2824/432/2200 2823/434/2200 3001/435/2200
f 3001/435/2201 2823/434/2201 2821/436/2201 3002/437/2201
f 2830/438/2202 2826/439/2202 2828/440/2202 2832/441/2202
f 2832/441/2203 2828/440/2203 2827/442/2203 2831/443/2203
f 2831/443/2204 2827/442/2204 2825/444/2204 2829/445/2204
f 2834/446/2205 2830/438/2205 2832/441/2205 2836/447/2205
f 2836/447/2206 2832/441/2206 2831/443/2206 2835/448/2206
f 2835/448/2207 2831/443/2207 2829/445/2207 2833/449/2207
f 2838/450/2208 2834/446/2208 2836/447/2208 2840/451/2208
f 2840/451/2209 2836/447/2209 2835/448/2209 2839/452/2209
f 2839/452/2210 2835/448/2210 2833/449/2210 2837/453/2210
f 2842/454/2211 2838/450/2211 2840/451/2211 2844/455/2211
f 2844/455/2212 2840/451/2212 2839/452/2212 2843/456/2212
f 2843/456/2213 2839/452/2213 2837/453/2213 2841/457/2213
f 2846/458/2214 2842/454/2214 2844/455/2214 2848/459/2214
f 2848/459/2215 2844/455/2215 2843/456/2215 2847/460/2215
f 2847/460/2216 2843/456/2216 2841/457/2216 2845/461/2216
f 2850/462/2217 2846/458/2217 2848/459/2217 2852/463/2217
f 2852/463/2218 2848/459/2218 2847/460/2218 2851/464/2218
f 2851/464/2219 2847/460/2219 2845/461/2219 2849/465/2219
f 2854/466/2220 2850/462/2220 2852/463/2220 2856/467/2220
f 2856/467/2221 2852/463/2221 2851/464/2221 2855/468/2221
f 2855/468/2222 2851/464/2222 2849/465/2222 2853/469/2222
f 2858/470/2223 2854/466/2223 2856/467/2223 2860/471/2223
f 2860/471/2224 2856/467/2224 2855/468/2224 2859/472/2224
f 2859/472/2225 2855/468/2225 2853/469/2225 2857/473/2225
f 2862/474/2226 2858/470/2226 2860/471/2226 2864/475/2226
f 2864/475/2227 2860/471/2227 2859/472/2227 2863/476/2227
f 2863/476/2228 2859/472/2228 2857/473/2228 2861/477/2228
f 2866/478/2229 2862/474/2229 2864/475/2229 2868/479/2229
f 2868/479/2230 2864/475/2230 2863/476/2230 2867/480/2230
f 2867/480/2231 2863/476/2231 2861/477/2231 2865/481/2231
f 2805/482/2232 2866/478/2232 2868/479/2232 2807/483/2232
f 2807/483/2233 2868/479/2233 2867/480/2233 2808/484/2233
f 2808/484/2234 2867/480/2234 2865/481/2234 2806/485/2234
f 2865/481/2235 2553/486/2235 2493/487/2235 2806/485/2235
f 2801/405/2236 2866/478/2236 2805/482/2236 2742/409/2236
f 2806/416/2237 2493/488/2237 2497/489/2237 2809/417/2237
f 2742/340/2238 2805/411/2238 2810/410/2238 2745/341/2238
f 2745/341/2239 2810/410/2239 2814/418/2239 2749/345/2239
f 2809/417/2240 2497/489/2240 2501/490/2240 2813/421/2240
f 2749/345/2241 2814/418/2241 2818/422/2241 2753/349/2241
f 2813/421/2242 2501/490/2242 2505/491/2242 2817/425/2242
f 3027/353/2243 3028/426/2243 2822/431/2243 2757/360/2243
f 3031/429/2244 3010/492/2244 2509/493/2244 2821/436/2244
f 2998/361/2245 2999/430/2245 2826/439/2245 2761/368/2245
f 3002/437/2246 2981/494/2246 2513/495/2246 2825/444/2246
f 2761/368/2247 2826/439/2247 2830/438/2247 2765/369/2247
f 2825/444/2248 2513/495/2248 2517/496/2248 2829/445/2248
f 2765/369/2249 2830/438/2249 2834/446/2249 2769/373/2249
f 2829/445/2250 2517/496/2250 2521/497/2250 2833/449/2250
f 2769/373/2251 2834/446/2251 2838/450/2251 2773/377/2251
f 2833/449/2252 2521/497/2252 2525/498/2252 2837/453/2252
f 2773/377/2253 2838/450/2253 2842/454/2253 2777/381/2253
f 2837/453/2254 2525/498/2254 2529/499/2254 2841/457/2254
f 2777/381/2255 2842/454/2255 2846/458/2255 2781/385/2255
f 2841/457/2256 2529/499/2256 2533/500/2256 2845/461/2256
f 2781/385/2257 2846/458/2257 2850/462/2257 2785/389/2257
f 2845/461/2258 2533/500/2258 2537/501/2258 2849/465/2258
f 2785/389/2259 2850/462/2259 2854/466/2259 2789/393/2259
f 2849/465/2260 2537/501/2260 2541/502/2260 2853/469/2260
f 2789/393/2261 2854/466/2261 2858/470/2261 2793/397/2261
f 2853/469/2262 2541/502/2262 2545/503/2262 2857/473/2262
f 2793/397/2263 2858/470/2263 2862/474/2263 2797/401/2263
f 2857/473/2264 2545/503/2264 2549/504/2264 2861/477/2264
f 2797/401/2265 2862/474/2265 2866/478/2265 2801/405/2265
f 2861/477/2266 2549/504/2266 2553/486/2266 2865/481/2266
f 2873/505/2267 2869/506/2267 2871/507/2267 2874/508/2267
f 2874/508/2268 2871/507/2268 2870/509/2268 2872/510/2268
f 2876/511/2269 2873/505/2269 2874/508/2269 2877/512/2269
f 2877/512/2270 2874/508/2270 2872/510/2270 2875/513/2270
f 2879/514/2271 2876/511/2271 2877/512/2271 2880/515/2271
f 2880/515/2272 2877/512/2272 2875/513/2272 2878/516/2272
f 3032/517/2273 2879/514/2273 2880/515/2273 3033/518/2273
f 3033/518/2274 2880/515/2274 2878/516/2274 3034/519/2274
f 3003/520/2275 2882/521/2275 2883/522/2275 3004/523/2275
f 3004/523/2276 2883/522/2276 2881/524/2276 3005/525/2276
f 2888/526/2277 2885/527/2277 2886/528/2277 2889/529/2277
f 2889/529/2278 2886/528/2278 2884/530/2278 2887/531/2278
f 2891/532/2279 2888/526/2279 2889/529/2279 2892/533/2279
f 2892/533/2280 2889/529/2280 2887/531/2280 2890/534/2280
f 2894/535/2281 2891/532/2281 2892/533/2281 2895/536/2281
f 2895/536/2282 2892/533/2282 2890/534/2282 2893/537/2282
f 2897/538/2283 2894/535/2283 2895/536/2283 2898/539/2283
f 2898/539/2284 2895/536/2284 2893/537/2284 2896/540/2284
f 2900/541/2285 2897/538/2285 2898/539/2285 2901/542/2285
f 2901/542/2286 2898/539/2286 2896/540/2286 2899/543/2286
f 2903/544/2287 2900/541/2287 2901/542/2287 2904/545/2287
f 2904/545/2288 2901/542/2288 2899/543/2288 2902/546/2288
f 2906/547/2289 2903/544/2289 2904/545/2289 2907/548/2289
f 2907/548/2290 2904/545/2290 2902/546/2290 2905/549/2290
f 2909/550/2291 2906/547/2291 2907/548/2291 2910/551/2291
f 2910/551/2292 2907/548/2292 2905/549/2292 2908/552/2292
f 2912/553/2293 2909/550/2293 2910/551/2293 2913/554/2293
f 2913/554/2294 2910/551/2294 2908/552/2294 2911/555/2294
f 2915/556/2295 2912/553/2295 2913/554/2295 2916/557/2295
f 2916/557/2296 2913/554/2296 2911/555/2296 2914/558/2296
f 2869/559/2297 2915/556/2297 2916/557/2297 2871/560/2297
f 2871/560/2298 2916/557/2298 2914/558/2298 2870/561/2298
f 2553/486/2299 2915/556/2299 2869/559/2299 2493/487/2299
f 2870/509/2300 2496/16/2300 2500/19/2300 2872/510/2300
f 2493/488/2301 2869/506/2301 2873/505/2301 2497/489/2301
f 2914/558/2302 2556/51/2302 2496/53/2302 2870/561/2302
f 2497/489/2303 2873/505/2303 2876/511/2303 2501/490/2303
f 2872/510/2304 2500/19/2304 2504/21/2304 2875/513/2304
f 2501/490/2305 2876/511/2305 2879/514/2305 2505/491/2305
f 2875/513/2306 2504/21/2306 2508/23/2306 2878/516/2306
f 3010/492/2307 3032/517/2307 2882/521/2307 2509/493/2307
f 3034/519/2308 3013/24/2308 2512/27/2308 2881/524/2308
f 2981/494/2309 3003/520/2309 2885/527/2309 2513/495/2309
f 3005/525/2310 2984/28/2310 2516/31/2310 2884/530/2310
f 2513/495/2311 2885/527/2311 2888/526/2311 2517/496/2311
f 2884/530/2312 2516/31/2312 2520/33/2312 2887/531/2312
f 2517/496/2313 2888/526/2313 2891/532/2313 2521/497/2313
f 2887/531/2314 2520/33/2314 2524/35/2314 2890/534/2314
f 2521/497/2315 2891/532/2315 2894/535/2315 2525/498/2315
f 2890/534/2316 2524/35/2316 2528/37/2316 2893/537/2316
f 2525/498/2317 2894/535/2317 2897/538/2317 2529/499/2317
f 2893/537/2318 2528/37/2318 2532/39/2318 2896/540/2318
f 2529/499/2319 2897/538/2319 2900/541/2319 2533/500/2319
f 2896/540/2320 2532/39/2320 2536/41/2320 2899/543/2320
f 2533/500/2321 2900/541/2321 2903/544/2321 2537/501/2321
f 2899/543/2322 2536/41/2322 2540/43/2322 2902/546/2322
f 2537/501/2323 2903/544/2323 2906/547/2323 2541/502/2323
f 2902/546/2324 2540/43/2324 2544/45/2324 2905/549/2324
f 2541/502/2325 2906/547/2325 2909/550/2325 2545/503/2325
f 2905/549/2326 2544/45/2326 2548/47/2326 2908/552/2326
f 2545/503/2327 2909/550/2327 2912/553/2327 2549/504/2327
f 2908/552/2328 2548/47/2328 2552/49/2328 2911/555/2328
f 2549/504/2329 2912/553/2329 2915/556/2329 2553/486/2329
f 2911/555/2330 2552/49/2330 2556/51/2330 2914/558/2330
f 2554/50/2331 2932/89/2331 2917/91/2331 2494/52/2331
f 2550/48/2332 2931/87/2332 2932/89/2332 2554/50/2332
f 2546/46/2333 2930/85/2333 2931/87/2333 2550/48/2333
f 2542/44/2334 2929/83/2334 2930/85/2334 2546/46/2334
f 2538/42/2335 2928/81/2335 2929/83/2335 2542/44/2335
f 2534/40/2336 2927/79/2336 2928/81/2336 2538/42/2336
f 2530/38/2337 2926/77/2337 2927/79/2337 2534/40/2337
f 2526/36/2338 2925/75/2338 2926/77/2338 2530/38/2338
f 2522/34/2339 2924/73/2339 2925/75/2339 2526/36/2339
f 2518/32/2340 2923/71/2340 2924/73/2340 2522/34/2340
f 2514/30/2341 2922/69/2341 2923/71/2341 2518/32/2341
f 2982/29/2342 3006/66/2342 2922/69/2342 2514/30/2342
f 3011/25/2343 3035/62/2343 2921/65/2343 2510/26/2343
f 2502/20/2344 2919/59/2344 2920/61/2344 2506/22/2344
f 2498/18/2345 2918/57/2345 2919/59/2345 2502/20/2345
f 2494/17/2346 2917/54/2346 2918/57/2346 2498/18/2346
f 2937/562/2347 2933/563/2347 2935/564/2347 2938/565/2347
f 2938/565/1229 2935/564/1229 2934/625/1229 2936/624/1229
f 2940/568/1230 2937/562/1230 2938/565/1230 2941/569/1230
f 2941/569/1231 2938/565/1231 2936/624/1231 2939/596/1231
f 2943/572/1232 2940/568/1232 2941/569/1232 2944/573/1232
f 2944/573/1233 2941/569/1233 2939/596/1233 2942/597/1233
f 3036/576/1234 2943/572/1234 2944/573/1234 3037/577/1234
f 3037/577/1235 2944/573/1235 2942/597/1235 3038/566/1235
f 3007/579/1236 2946/580/1236 2947/581/1236 3008/582/1236
f 3008/582/1237 2947/581/1237 2945/567/1237 3009/583/1237
f 2952/585/1238 2949/586/1238 2950/587/1238 2953/588/1238
f 2953/588/1239 2950/587/1239 2948/584/1239 2951/619/1239
f 2955/590/1240 2952/585/1240 2953/588/1240 2956/591/1240
f 2956/591/1241 2953/588/1241 2951/619/1241 2954/574/1241
f 2958/594/1242 2955/590/1242 2956/591/1242 2959/595/1242
f 2959/595/1243 2956/591/1243 2954/574/1243 2957/575/1243
f 2961/598/1244 2958/594/1244 2959/595/1244 2962/599/1244
f 2962/599/1245 2959/595/1245 2957/575/1245 2960/607/1245
f 2964/602/1246 2961/598/1246 2962/599/1246 2965/603/1246
f 2965/603/1247 2962/599/1247 2960/607/1247 2963/608/1247
f 2967/605/1248 2964/602/1248 2965/603/1248 2968/606/1248
f 2968/606/1249 2965/603/1249 2963/608/1249 2966/702/1249
f 2970/609/1250 2967/605/1250 2968/606/1250 2971/610/1250
f 2971/610/1251 2968/606/1251 2966/702/1251 2969/592/1251
f 2973/612/2348 2970/609/2348 2971/610/2348 2974/613/2348
f 2974/613/1253 2971/610/1253 2969/592/1253 2972/593/1253
f 2976/614/2349 2973/612/2349 2974/613/2349 2977/615/2349
f 2977/615/1255 2974/613/1255 2972/593/1255 2975/622/1255
f 2979/617/1256 2976/614/1256 2977/615/1256 2980/618/1256
f 2980/618/1257 2977/615/1257 2975/622/1257 2978/600/1257
f 2933/620/1258 2979/617/1258 2980/618/1258 2935/621/1258
f 2935/621/1259 2980/618/1259 2978/600/1259 2934/601/1259
f 2555/88/1260 2979/617/1260 2933/620/1260 2495/90/1260
f 3039/626/761 3040/627/761 3041/628/761 3044/629/761 3042/630/761 3043/631/761 3215/787/761 3214/786/761 2936/624/761 2934/625/761
f 2495/55/1261 2933/563/1261 2937/562/1261 2499/56/1261
f 2978/600/759 3216/789/759 3217/788/759 3045/636/759 3046/637/759 3047/638/759 3048/639/759 3049/640/759 3039/633/759 2934/601/759
f 2499/56/1262 2937/562/1262 2940/568/1262 2503/58/1262
f 2936/624/763 3214/786/763 3218/790/763 3050/643/763 3051/644/763 3052/645/763 3053/646/763 3055/647/763 3054/641/763 2939/596/763
f 2503/58/1263 2940/568/1263 2943/572/1263 2507/60/1263
f 3054/641/765 3059/649/765 3060/650/765 3058/651/765 3057/652/765 3056/653/765 3220/792/765 3219/791/765 2942/597/765 2939/596/765
f 3012/63/1264 3036/576/1264 2946/580/1264 2511/64/1264
f 3221/793/767 3222/794/767 3062/657/767 3061/658/767 3065/659/767 3066/660/767 3063/661/767 3064/662/767 2945/567/767 3038/566/767
f 2983/67/1265 3007/579/1265 2949/586/1265 2515/68/1265
f 3224/795/769 3223/796/769 2948/584/769 3009/583/769
f 2515/68/1266 2949/586/1266 2952/585/1266 2519/70/1266
f 3223/796/771 3225/797/771 3070/666/771 3071/667/771 3069/668/771 3072/669/771 3067/670/771 3068/671/771 2951/619/771 2948/584/771
f 2519/70/1267 2952/585/1267 2955/590/1267 2523/72/1267
f 3068/671/773 3075/673/773 3076/674/773 3077/675/773 3073/676/773 3074/677/773 3227/799/773 3226/798/773 2954/574/773 2951/619/773
f 2523/72/1268 2955/590/1268 2958/594/1268 2527/74/1268
f 3226/798/745 3228/800/745 3081/680/745 3082/681/745 3080/682/745 3083/683/745 3078/684/745 3079/685/745 2957/575/745 2954/574/745
f 2527/74/1269 2958/594/1269 2961/598/1269 2531/76/1269
f 3079/685/743 3086/687/743 3087/688/743 3088/689/743 3084/690/743 3085/691/743 3230/773/743 3229/801/743 2960/607/743 2957/575/743
f 2531/76/1270 2961/598/1270 2964/602/1270 2535/78/1270
f 3229/801/747 3231/802/747 3092/694/747 3093/695/747 3091/696/747 3094/697/747 3089/698/747 3090/699/747 2963/608/747 2960/607/747
f 2535/78/1271 2964/602/1271 2967/605/1271 2539/80/1271
f 3090/699/749 3095/703/749 3096/704/749 3099/705/749 3097/706/749 3098/707/749 3232/804/749 3233/803/749 2966/702/749 2963/608/749
f 2539/80/1272 2967/605/1272 2970/609/1272 2543/82/1272
f 2966/702/751 3233/803/751 3234/805/751 3100/710/751 3101/711/751 3102/712/751 3103/713/751 3105/714/751 3104/708/751 2969/592/751
f 2543/82/1273 2970/609/1273 2973/612/1273 2547/84/1273
f 3104/708/753 3106/716/753 3107/717/753 3110/718/753 3108/719/753 3109/720/753 3236/780/753 3235/806/753 2972/593/753 2969/592/753
f 2547/84/1274 2973/612/1274 2976/614/1274 2551/86/1274
f 3235/806/755 3237/807/755 3111/724/755 3112/725/755 3113/726/755 3114/727/755 3116/728/755 3115/722/755 2975/622/755 2972/593/755
f 2551/86/1275 2976/614/1275 2979/617/1275 2555/88/1275
f 3115/722/757 3117/729/757 3118/730/757 3121/731/757 3119/732/757 3120/733/757 3238/808/757 3216/789/757 2978/600/757 2975/622/757
f 3064/662/769 3125/735/769 3126/736/769 3124/737/769 3123/738/769 3122/739/769 3239/809/769 3224/795/769 3009/583/769 2945/567/769
f 2511/64/1276 2946/580/1276 3007/579/1276 2983/67/1276
f 2950/587/1237 3008/582/1237 3009/583/1237 2948/584/1237
f 2949/586/1236 3007/579/1236 3008/582/1236 2950/587/1236
f 2510/26/2350 2921/65/2350 3006/66/2350 2982/29/2350
f 2881/524/2310 2512/27/2310 2984/28/2310 3005/525/2310
f 2509/493/2351 2882/521/2351 3003/520/2351 2981/494/2351
f 2886/528/2352 3004/523/2352 3005/525/2352 2884/530/2352
f 2885/527/2275 3003/520/2275 3004/523/2275 2886/528/2275
f 2821/436/2353 2509/493/2353 2981/494/2353 3002/437/2353
f 2757/360/2354 2822/431/2354 2999/430/2354 2998/361/2354
f 2827/442/2355 3001/435/2355 3002/437/2355 2825/444/2355
f 2828/440/2356 3000/433/2356 3001/435/2356 2827/442/2356
f 2826/439/2357 2999/430/2357 3000/433/2357 2828/440/2357
f 2693/284/2358 2758/355/2358 2995/354/2358 2994/285/2358
f 2763/366/2359 2997/359/2359 2998/361/2359 2761/368/2359
f 2764/364/2136 2996/357/2136 2997/359/2136 2763/366/2136
f 2762/363/2360 2995/354/2360 2996/357/2360 2764/364/2360
f 2642/241/2361 2694/279/2361 2991/278/2361 2988/237/2361
f 2699/290/2362 2993/283/2362 2994/285/2362 2697/292/2362
f 2700/288/2363 2992/281/2363 2993/283/2363 2699/290/2363
f 2698/287/2364 2991/278/2364 2992/281/2364 2700/288/2364
f 2575/125/2365 2641/244/2365 2990/239/2365 2987/126/2365
f 2643/242/2366 2989/238/2366 2990/239/2366 2641/244/2366
f 2642/241/2367 2988/237/2367 2989/238/2367 2643/242/2367
f 2985/117/2368 2492/192/2368 2576/118/2368
f 2586/133/2369 2577/124/2369 2987/126/2369 2580/135/2369
f 2582/131/2370 2578/122/2370 2586/133/2370
f 2586/133/2371 2578/122/2371 2577/124/2371
f 2583/129/2372 2986/120/2372 2578/122/2372 2582/131/2372
f 2581/128/2373 2985/117/2373 2986/120/2373 2583/129/2373
f 2921/65/2374 2511/64/2374 2983/67/2374 3006/66/2374
f 2512/27/2375 2510/26/2375 2982/29/2375 2984/28/2375
f 3219/791/767 3221/793/767 3038/566/767 2942/597/767
f 2507/60/1301 2943/572/1301 3036/576/1301 3012/63/1301
f 2947/581/1235 3037/577/1235 3038/566/1235 2945/567/1235
f 2946/580/1234 3036/576/1234 3037/577/1234 2947/581/1234
f 2506/22/2376 2920/61/2376 3035/62/2376 3011/25/2376
f 2878/516/2377 2508/23/2377 3013/24/2377 3034/519/2377
f 2505/491/2307 2879/514/2307 3032/517/2307 3010/492/2307
f 2883/522/2378 3033/518/2378 3034/519/2378 2881/524/2378
f 2882/521/2273 3032/517/2273 3033/518/2273 2883/522/2273
f 2817/425/2379 2505/491/2379 3010/492/2379 3031/429/2379
f 2753/349/2380 2818/422/2380 3028/426/2380 3027/353/2380
f 2823/434/2381 3030/428/2381 3031/429/2381 2821/436/2381
f 2824/432/2382 3029/427/2382 3030/428/2382 2823/434/2382
f 2822/431/2383 3028/426/2383 3029/427/2383 2824/432/2383
f 2689/273/2384 2754/346/2384 3024/350/2384 3023/277/2384
f 2759/358/2385 3026/352/2385 3027/353/2385 2757/360/2385
f 2760/356/2386 3025/351/2386 3026/352/2386 2759/358/2386
f 2758/355/2387 3024/350/2387 3025/351/2387 2760/356/2387
f 2639/247/2388 2690/270/2388 3020/274/2388 3017/240/2388
f 2695/282/2389 3022/276/2389 3023/277/2389 2693/284/2389
f 2696/280/2390 3021/275/2390 3022/276/2390 2695/282/2390
f 2694/279/2391 3020/274/2391 3021/275/2391 2696/280/2391
f 2570/111/2392 2638/250/2392 3019/245/2392 3016/116/2392
f 2640/248/2393 3018/243/2393 3019/245/2393 2638/250/2393
f 2639/247/2394 3017/240/2394 3018/243/2394 2640/248/2394
f 2492/191/2395 2571/107/2395 3014/112/2395
f 2577/123/2396 3016/116/2396 2575/125/2396
f 2578/121/2397 2573/114/2397 2577/115/2397
f 2579/119/2398 3015/113/2398 2573/114/2398 2578/121/2398
f 2576/118/2399 3014/112/2399 3015/113/2399 2579/119/2399
f 2920/61/2400 2507/60/2400 3012/63/2400 3035/62/2400
f 2508/23/1897 2506/22/1897 3011/25/1897 3013/24/1897
f 2405/627/261 3040/627/261 3039/626/261 2404/626/261
f 2406/628/1328 3041/628/1328 3040/627/1328 2405/627/1328
f 2409/629/1329 3044/629/1329 3041/628/1329 2406/628/1329
f 2407/630/1330 3042/630/1330 3044/629/1330 2409/629/1330
f 2408/631/1331 3043/631/1331 3042/630/1331 2407/630/1331
f 3182/754/769 3215/787/769 3043/631/769 2408/631/769
f 2404/633/261 3039/633/261 3049/640/261 2414/640/261
f 3217/788/751 3184/756/751 2410/636/751 3045/636/751
f 2411/637/1332 3046/637/1332 3045/636/1332 2410/636/1332
f 2412/638/1333 3047/638/1333 3046/637/1333 2411/637/1333
f 2413/639/1334 3048/639/1334 3047/638/1334 2412/638/1334
f 2414/640/1335 3049/640/1335 3048/639/1335 2413/639/1335
f 2419/641/261 3054/641/261 3055/647/261 2420/647/261
f 3218/790/755 3186/758/755 2415/643/755 3050/643/755
f 2416/644/1336 3051/644/1336 3050/643/1336 2415/643/1336
f 2417/645/1337 3052/645/1337 3051/644/1337 2416/644/1337
f 2418/646/1338 3053/646/1338 3052/645/1338 2417/645/1338
f 2420/647/1339 3055/647/1339 3053/646/1339 2418/646/1339
f 2424/649/261 3059/649/261 3054/641/261 2419/641/261
f 2425/650/1340 3060/650/1340 3059/649/1340 2424/649/1340
f 2423/651/1341 3058/651/1341 3060/650/1341 2425/650/1341
f 2422/652/1342 3057/652/1342 3058/651/1342 2423/651/1342
f 2421/653/1343 3056/653/1343 3057/652/1343 2422/652/1343
f 3189/761/773 3220/792/773 3056/653/773 2421/653/773
f 3222/794/759 3191/763/759 2427/657/759 3062/657/759
f 2426/658/1344 3061/658/1344 3062/657/1344 2427/657/1344
f 2430/659/1345 3065/659/1345 3061/658/1345 2426/658/1345
f 2431/660/1346 3066/660/1346 3065/659/1346 2430/659/1346
f 2428/661/1347 3063/661/1347 3066/660/1347 2431/660/1347
f 2429/662/261 3064/662/261 3063/661/261 2428/661/261
f 3225/797/763 3195/767/763 2435/666/763 3070/666/763
f 2436/667/1348 3071/667/1348 3070/666/1348 2435/666/1348
f 2434/668/2401 3069/668/2401 3071/667/2401 2436/667/2401
f 2437/669/1350 3072/669/1350 3069/668/1350 2434/668/1350
f 2432/670/1351 3067/670/1351 3072/669/1351 2437/669/1351
f 2433/671/261 3068/671/261 3067/670/261 2432/670/261
f 2440/673/261 3075/673/261 3068/671/261 2433/671/261
f 2441/674/1352 3076/674/1352 3075/673/1352 2440/673/1352
f 2442/675/1353 3077/675/1353 3076/674/1353 2441/674/1353
f 2438/676/1354 3073/676/1354 3077/675/1354 2442/675/1354
f 2439/677/1355 3074/677/1355 3073/676/1355 2438/676/1355
f 3198/769/749 3227/799/749 3074/677/749 2439/677/749
f 3228/800/767 3199/771/767 2446/680/767 3081/680/767
f 2447/681/1356 3082/681/1356 3081/680/1356 2446/680/1356
f 2445/682/1357 3080/682/1357 3082/681/1357 2447/681/1357
f 2448/683/1358 3083/683/1358 3080/682/1358 2445/682/1358
f 2443/684/1359 3078/684/1359 3083/683/1359 2448/683/1359
f 2444/685/261 3079/685/261 3078/684/261 2443/684/261
f 2451/687/261 3086/687/261 3079/685/261 2444/685/261
f 2452/688/1360 3087/688/1360 3086/687/1360 2451/687/1360
f 2453/689/1361 3088/689/1361 3087/688/1361 2452/688/1361
f 2449/690/1362 3084/690/1362 3088/689/1362 2453/689/1362
f 2450/691/1363 3085/691/1363 3084/690/1363 2449/690/1363
f 3201/773/753 3230/773/753 3085/691/753 2450/691/753
f 3231/802/771 3203/775/771 2457/694/771 3092/694/771
f 2458/695/1364 3093/695/1364 3092/694/1364 2457/694/1364
f 2456/696/1365 3091/696/1365 3093/695/1365 2458/695/1365
f 2459/697/1366 3094/697/1366 3091/696/1366 2456/696/1366
f 2454/698/1367 3089/698/1367 3094/697/1367 2459/697/1367
f 2455/699/261 3090/699/261 3089/698/261 2454/698/261
f 3204/777/757 3232/804/757 3098/707/757 2463/707/757
f 2460/703/261 3095/703/261 3090/699/261 2455/699/261
f 2461/704/1368 3096/704/1368 3095/703/1368 2460/703/1368
f 2464/705/1369 3099/705/1369 3096/704/1369 2461/704/1369
f 2462/706/1370 3097/706/1370 3099/705/1370 2464/705/1370
f 2463/707/1371 3098/707/1371 3097/706/1371 2462/706/1371
f 2469/708/261 3104/708/261 3105/714/261 2470/714/261
f 3234/805/745 3206/778/745 2465/710/745 3100/710/745
f 2466/711/1372 3101/711/1372 3100/710/1372 2465/710/1372
f 2467/712/1373 3102/712/1373 3101/711/1373 2466/711/1373
f 2468/713/1374 3103/713/1374 3102/712/1374 2467/712/1374
f 2470/714/1375 3105/714/1375 3103/713/1375 2468/713/1375
f 2471/716/261 3106/716/261 3104/708/261 2469/708/261
f 2472/717/1376 3107/717/1376 3106/716/1376 2471/716/1376
f 2475/718/1377 3110/718/1377 3107/717/1377 2472/717/1377
f 2473/719/1378 3108/719/1378 3110/718/1378 2475/718/1378
f 2474/720/1379 3109/720/1379 3108/719/1379 2473/719/1379
f 3208/780/761 3236/780/761 3109/720/761 2474/720/761
f 2480/722/261 3115/722/261 3116/728/261 2481/728/261
f 3237/807/747 3210/782/747 2476/724/747 3111/724/747
f 2477/725/1380 3112/725/1380 3111/724/1380 2476/724/1380
f 2478/726/2402 3113/726/2402 3112/725/2402 2477/725/2402
f 2479/727/1382 3114/727/1382 3113/726/1382 2478/726/1382
f 2481/728/1383 3116/728/1383 3114/727/1383 2479/727/1383
f 2482/729/261 3117/729/261 3115/722/261 2480/722/261
f 2483/730/1384 3118/730/1384 3117/729/1384 2482/729/1384
f 2486/731/1385 3121/731/1385 3118/730/1385 2483/730/1385
f 2484/732/1386 3119/732/1386 3121/731/1386 2486/731/1386
f 2485/733/1387 3120/733/1387 3119/732/1387 2484/732/1387
f 3212/783/765 3238/808/765 3120/733/765 2485/733/765
f 2490/735/261 3125/735/261 3064/662/261 2429/662/261
f 2491/736/1388 3126/736/1388 3125/735/1388 2490/735/1388
f 2489/737/1389 3124/737/1389 3126/736/1389 2491/736/1389
f 2488/738/1390 3123/738/1390 3124/737/1390 2489/737/1390
f 2487/739/1391 3122/739/1391 3123/738/1391 2488/738/1391
f 3213/785/743 3239/809/743 3122/739/743 2487/739/743
f 2308/581/2403 3133/744/2403 3131/743/2403 2402/577/2403
f 2311/587/2404 3135/571/2404 3132/745/2404 2371/582/2404
f 2296/621/2405 3128/747/2405 3144/746/2405 2341/618/2405
f 2341/618/2406 3144/746/2406 3143/748/2406 2338/615/2406
f 2338/615/2407 3143/748/2407 3142/742/2407 2335/613/2407
f 2335/613/2408 3142/742/2408 3141/741/2408 2332/610/2408
f 2332/610/2409 3141/741/2409 3140/616/2409 2329/606/2409
f 2329/606/2410 3140/616/2410 3139/611/2410 2326/603/2410
f 2326/603/2411 3139/611/2411 3138/604/2411 2323/599/2411
f 2323/599/2412 3138/604/2412 3137/589/2412 2320/595/2412
f 2320/595/2413 3137/589/2413 3136/578/2413 2317/591/2413
f 2317/591/2414 3136/578/2414 3134/570/2414 2314/588/2414
f 2314/588/2415 3134/570/2415 3135/571/2415 2311/587/2415
f 2371/582/2404 3132/745/2404 3133/744/2404 2308/581/2404
f 2402/577/2403 3131/743/2403 3130/749/2403 2305/573/2403
f 2305/573/2416 3130/749/2416 3129/750/2416 2302/569/2416
f 2302/569/2417 3129/750/2417 3127/751/2417 2299/565/2417
f 2299/565/2418 3127/751/2418 3128/752/2418 2296/564/2418
f 3165/751/2419 3146/624/2419 3145/625/2419 3166/752/2419
f 3167/750/2420 3147/596/2420 3146/624/2420 3165/751/2420
f 3168/749/2421 3148/597/2421 3147/596/2421 3167/750/2421
f 3149/743/1392 3150/566/1392 3148/597/1392 3168/749/1392
f 3151/745/1393 3152/583/1393 3153/567/1393 3169/744/1393
f 3170/570/2422 3155/619/2422 3154/584/2422 3171/571/2422
f 3172/578/2423 3156/574/2423 3155/619/2423 3170/570/2423
f 3173/589/1402 3157/575/1402 3156/574/1402 3172/578/1402
f 3174/604/1401 3158/607/1401 3157/575/1401 3173/589/1401
f 3175/611/1400 3159/608/1400 3158/607/1400 3174/604/1400
f 3176/616/2424 3160/702/2424 3159/608/2424 3175/611/2424
f 3177/741/1398 3161/592/1398 3160/702/1398 3176/616/1398
f 3178/742/1397 3162/593/1397 3161/592/1397 3177/741/1397
f 3179/748/1396 3163/622/1396 3162/593/1396 3178/742/1396
f 3180/746/1409 3164/600/1409 3163/622/1409 3179/748/1409
f 3166/747/1394 3145/601/1394 3164/600/1394 3180/746/1394
f 3171/571/1393 3154/584/1393 3152/583/1393 3151/745/1393
f 3169/744/1392 3153/567/1392 3150/566/1392 3149/743/1392
f 2295/625/1410 3145/625/1410 3146/624/1410 2297/624/1410
f 3132/745/2425 3151/745/2425 3169/744/2425 3133/744/2425
f 2324/608/1412 3159/608/1412 3160/702/1412 2327/702/1412
f 3133/744/2426 3169/744/2426 3149/743/2426 3131/743/2426
f 3131/743/2426 3149/743/2426 3168/749/2426 3130/749/2426
f 2303/597/1850 3148/597/1850 3150/566/1850 2403/566/1850
f 3135/571/2425 3171/571/2425 3151/745/2425 3132/745/2425
f 2333/593/1414 3162/593/1414 3163/622/1414 2336/622/1414
f 3130/749/1415 3168/749/1415 3167/750/1415 3129/750/1415
f 2309/584/1416 3154/584/1416 3155/619/1416 2312/619/1416
f 3128/747/2427 3166/747/2427 3180/746/2427 3144/746/2427
f 3129/750/2428 3167/750/2428 3165/751/2428 3127/751/2428
f 3144/746/2429 3180/746/2429 3179/748/2429 3143/748/2429
f 2318/575/1420 3157/575/1420 3158/607/1420 2321/607/1420
f 3127/751/2430 3165/751/2430 3166/752/2430 3128/752/2430
f 3143/748/1422 3179/748/1422 3178/742/1422 3142/742/1422
f 2297/624/1423 3146/624/1423 3147/596/1423 2300/596/1423
f 2327/702/1424 3160/702/1424 3161/592/1424 2330/592/1424
f 1665/810/2431 1670/813/2431 1672/812/2431 1667/811/2431
f 1670/813/2432 1674/815/2432 1676/814/2432 1672/812/2432
f 1674/815/2433 1678/817/2433 1679/816/2433 1676/814/2433
f 1678/817/2434 1681/819/2434 1683/818/2434 1679/816/2434
f 1681/819/2435 1685/821/2435 1687/820/2435 1683/818/2435
f 1685/821/2436 1689/823/2436 1691/822/2436 1687/820/2436
f 1689/823/2437 1692/825/2437 1695/824/2437 1691/822/2437
f 1692/825/2438 1697/827/2438 1698/826/2438 1695/824/2438
f 1697/827/2439 1700/829/2439 1702/828/2439 1698/826/2439
f 1700/829/2440 1704/831/2440 1706/830/2440 1702/828/2440
f 1695/824/2441 1724/824/2441 1722/822/2441 1691/822/2441
f 1704/831/2442 1708/833/2442 1710/832/2442 1706/830/2442
f 1708/833/2443 1665/835/2443 1667/834/2443 1710/832/2443
f 1678/817/2444 1763/817/2444 1764/819/2444 1681/819/2444
f 1715/814/2432 1738/814/2432 1734/812/2432 1711/812/2432
f 1691/822/2445 1722/822/2445 1720/820/2445 1687/820/2445
f 1687/820/2446 1720/820/2446 1719/818/2446 1683/818/2446
f 1683/818/2447 1719/818/2447 1717/816/2447 1679/816/2447
f 1667/834/2448 1714/834/2448 1732/832/2448 1710/832/2448
f 1672/812/2449 1711/812/2449 1714/811/2449 1667/811/2449
f 1679/816/2450 1717/816/2450 1715/814/2450 1676/814/2450
f 1710/832/2451 1732/832/2451 1731/830/2451 1706/830/2451
f 1676/814/2452 1715/814/2452 1711/812/2452 1672/812/2452
f 1706/830/2453 1731/830/2453 1729/828/2453 1702/828/2453
f 1702/828/2454 1729/828/2454 1727/826/2454 1698/826/2454
f 1698/826/2455 1727/826/2455 1724/824/2455 1695/824/2455
f 3188/836/262 3190/841/262 3191/840/262 1736/839/262 1734/838/262 3187/837/262
f 3213/842/262 3192/846/262 3193/845/262 3194/844/262 1755/843/262 1736/839/262
f 3201/847/262 3200/851/262 3202/850/262 1749/849/262 1751/848/262
f 1748/852/262 3204/856/262 3205/855/262 3206/854/262 1745/853/262
f 3208/857/262 3207/860/262 3209/859/262 1743/858/262 1745/853/262
f 3182/861/262 3181/865/262 3185/864/262 1738/863/262 1740/862/262
f 1753/866/262 3197/869/262 3196/868/262 3199/867/262 1751/848/262
f 1742/870/262 3211/873/262 3183/872/262 3184/871/262 1740/862/262
f 3185/864/262 3186/906/262 3218/905/262 3214/904/262 3215/903/262 3182/861/262 1740/862/262 3184/871/262 3217/902/262 3216/901/262 3238/900/262 3212/899/262 3211/873/262 1742/870/262 1743/858/262 3209/859/262 3210/898/262 3237/897/262 3235/896/262 3236/895/262 3208/857/262 1745/853/262 3206/854/262 3234/894/262 3233/893/262 3232/892/262 3204/856/262 1748/852/262 1749/849/262 3202/850/262 3203/891/262 3231/890/262 3229/889/262 3230/888/262 3201/847/262 1751/848/262 3199/867/262 3228/887/262 3226/886/262 3227/885/262 3198/884/262 3197/869/262 1753/866/262 1755/843/262 3194/844/262 3195/883/262 3225/882/262 3223/881/262 3224/880/262 3239/879/262 3213/842/262 1736/839/262 3191/840/262 3222/878/262 3221/877/262 3219/876/262 3220/875/262 3189/874/262 3187/837/262 1734/838/262 1738/863/262
f 1729/828/2439 1751/828/2439 1749/826/2439 1727/826/2439
f 1722/822/2436 1745/822/2436 1743/820/2436 1720/820/2436
f 1717/816/2433 1740/816/2433 1738/814/2433 1715/814/2433
f 1731/830/2440 1753/830/2440 1751/828/2440 1729/828/2440
f 1724/824/2437 1748/824/2437 1745/822/2437 1722/822/2437
f 1719/818/2434 1742/818/2434 1740/816/2434 1717/816/2434
f 1732/832/2442 1755/832/2442 1753/830/2442 1731/830/2442
f 1711/812/2431 1734/812/2431 1736/811/2431 1714/811/2431
f 1727/826/2438 1749/826/2438 1748/824/2438 1724/824/2438
f 1720/820/2435 1743/820/2435 1742/818/2435 1719/818/2435
f 1714/834/2443 1736/834/2443 1755/832/2443 1732/832/2443
f 1764/819/2435 1787/819/2435 1789/821/2435 1766/821/2435
f 1708/833/2456 1778/833/2456 1756/835/2456 1665/835/2456
f 1665/810/2457 1756/810/2457 1758/813/2457 1670/813/2457
f 1674/815/2458 1761/815/2458 1763/817/2458 1678/817/2458
f 1704/831/2459 1776/831/2459 1778/833/2459 1708/833/2459
f 1670/813/2460 1758/813/2460 1761/815/2460 1674/815/2460
f 1700/829/2461 1773/829/2461 1776/831/2461 1704/831/2461
f 1697/827/2462 1771/827/2462 1773/829/2462 1700/829/2462
f 1692/825/2463 1769/825/2463 1771/827/2463 1697/827/2463
f 1689/823/2464 1768/823/2464 1769/825/2464 1692/825/2464
f 1685/821/2465 1766/821/2465 1768/823/2465 1689/823/2465
f 1681/819/2466 1764/819/2466 1766/821/2466 1685/821/2466
f 1787/819/2467 3266/819/2467 3279/821/2467 1789/821/2467
f 1778/833/2443 1800/833/2443 1780/835/2443 1756/835/2443
f 1758/813/2432 1781/813/2432 1783/815/2432 1761/815/2432
f 1771/827/2439 1795/827/2439 1797/829/2439 1773/829/2439
f 1766/821/2436 1789/821/2436 1791/823/2436 1768/823/2436
f 1761/815/2433 1783/815/2433 1785/817/2433 1763/817/2433
f 1773/829/2440 1797/829/2440 1798/831/2440 1776/831/2440
f 1768/823/2437 1791/823/2437 1793/825/2437 1769/825/2437
f 1763/817/2434 1785/817/2434 1787/819/2434 1764/819/2434
f 1776/831/2442 1798/831/2442 1800/833/2442 1778/833/2442
f 1756/810/2431 1780/810/2431 1781/813/2431 1758/813/2431
f 1769/825/2438 1793/825/2438 1795/827/2438 1771/827/2438
f 1802/907/2468 3318/907/2468 3316/908/2468 1825/908/2468
f 1800/833/2469 3271/833/2469 3270/835/2469 1780/835/2469
f 1781/813/2470 3272/813/2470 3273/815/2470 1783/815/2470
f 1795/827/2471 3264/827/2471 3274/829/2471 1797/829/2471
f 1789/821/2472 3279/821/2472 3280/823/2472 1791/823/2472
f 1783/815/2473 3273/815/2473 3287/817/2473 1785/817/2473
f 1797/829/2474 3274/829/2474 3275/831/2474 1798/831/2474
f 1791/823/2475 3280/823/2475 3285/825/2475 1793/825/2475
f 1785/817/2476 3287/817/2476 3266/819/2476 1787/819/2476
f 1798/831/2477 3275/831/2477 3271/833/2477 1800/833/2477
f 1780/810/2478 3270/810/2478 3272/813/2478 1781/813/2478
f 1793/825/2479 3285/825/2479 3264/827/2479 1795/827/2479
f 3268/810/2480 1849/810/2480 1852/813/2480 3276/813/2480
f 3266/819/2435 3267/819/2435 3281/821/2435 3279/821/2435
f 1833/909/2481 3315/909/2481 3332/910/2481 1831/910/2481
f 1916/911/2482 3305/911/2482 3303/912/2482 1892/912/2482
f 3264/827/2439 3265/827/2439 3277/829/2439 3274/829/2439
f 1824/913/2483 3319/913/2483 3318/907/2483 1802/907/2483
f 3273/815/2433 3282/815/2433 3284/817/2433 3287/817/2433
f 1806/914/2484 3321/914/2484 3330/915/2484 1830/915/2484
f 3280/823/2437 3283/823/2437 3286/825/2437 3285/825/2437
f 1899/916/2485 3299/916/2485 3301/917/2485 1876/917/2485
f 3275/831/2442 3278/831/2442 3269/833/2442 3271/833/2442
f 3270/810/2431 3268/810/2431 3276/813/2431 3272/813/2431
f 1870/831/2486 3256/831/2486 3245/833/2486 1872/833/2486
f 3286/825/2487 1863/825/2487 1866/827/2487 3265/827/2487
f 3267/819/2488 1858/819/2488 1859/821/2488 3281/821/2488
f 3269/833/2489 1872/833/2489 1849/835/2489 3268/835/2489
f 3276/813/2490 1852/813/2490 1854/815/2490 3282/815/2490
f 3265/827/2491 1866/827/2491 1867/829/2491 3277/829/2491
f 3281/821/2492 1859/821/2492 1862/823/2492 3283/823/2492
f 3282/815/2493 1854/815/2493 1855/817/2493 3284/817/2493
f 3277/829/2494 1867/829/2494 1870/831/2494 3278/831/2494
f 3283/823/2495 1862/823/2495 1863/825/2495 3286/825/2495
f 3284/817/2496 1855/817/2496 1858/819/2496 3267/819/2496
f 3278/831/2497 1870/831/2497 1872/833/2497 3269/833/2497
f 1825/908/2498 3316/908/2498 3317/913/2498 1848/913/2498
f 1849/810/2499 3244/810/2499 3253/813/2499 1852/813/2499
f 1863/825/2500 3263/825/2500 3240/827/2500 1866/827/2500
f 1858/819/2501 3242/819/2501 3248/821/2501 1859/821/2501
f 1872/833/2502 3245/833/2502 3244/835/2502 1849/835/2502
f 1852/813/2503 3253/813/2503 3254/815/2503 1854/815/2503
f 1866/827/2504 3240/827/2504 3255/829/2504 1867/829/2504
f 1859/821/2505 3248/821/2505 3249/823/2505 1862/823/2505
f 1854/815/2506 3254/815/2506 3262/817/2506 1855/817/2506
f 1867/829/2507 3255/829/2507 3256/831/2507 1870/831/2507
f 1862/823/2508 3249/823/2508 3263/825/2508 1863/825/2508
f 1855/817/2509 3262/817/2509 3242/819/2509 1858/819/2509
f 3260/817/262 1927/817/262 1929/819/262 3243/819/262
f 3256/831/2442 3259/831/2442 3247/833/2442 3245/833/2442
f 3244/810/2431 3246/810/2431 3251/813/2431 3253/813/2431
f 1911/918/2510 3309/918/2510 3311/918/2510 1888/918/2510
f 3242/819/2435 3243/819/2435 3250/821/2435 3248/821/2435
f 1821/919/2511 3323/919/2511 3326/920/2511 1846/920/2511
f 1892/912/2512 3303/912/2512 3304/921/2512 1893/921/2512
f 3240/827/2439 3241/827/2439 3257/829/2439 3255/829/2439
f 1809/909/2513 3314/909/2513 3315/909/2513 1833/909/2513
f 3254/815/2433 3252/815/2433 3260/817/2433 3262/817/2433
f 1888/918/2514 3311/918/2514 3288/922/2514 1889/922/2514
f 3249/823/2437 3258/823/2437 3261/825/2437 3263/825/2437
f 1933/823/2437 1957/823/2437 1959/825/2437 1936/825/2437
f 3259/831/262 1942/831/262 1944/833/262 3247/833/262
f 3246/810/262 1922/810/262 1924/813/262 3251/813/262
f 3261/825/262 1936/825/262 1938/827/262 3241/827/262
f 3243/819/262 1929/819/262 1931/821/262 3250/821/262
f 3247/833/262 1944/833/262 1922/835/262 3246/835/262
f 3251/813/262 1924/813/262 1926/815/262 3252/815/262
f 3241/827/262 1938/827/262 1940/829/262 3257/829/262
f 3250/821/262 1931/821/262 1933/823/262 3258/823/262
f 3252/815/262 1926/815/262 1927/817/262 3260/817/262
f 3257/829/262 1940/829/262 1942/831/262 3259/831/262
f 3258/823/262 1933/823/262 1936/825/262 3261/825/262
f 1957/823/2515 1981/823/2515 1984/825/2515 1959/825/2515
f 1927/817/2434 1951/817/2434 1953/819/2434 1929/819/2434
f 1942/831/2442 1965/831/2442 1967/833/2442 1944/833/2442
f 1922/810/2431 1946/810/2431 1948/813/2431 1924/813/2431
f 1936/825/2438 1959/825/2438 1961/827/2438 1938/827/2438
f 1929/819/2435 1953/819/2435 1955/821/2435 1931/821/2435
f 1944/833/2443 1967/833/2443 1946/835/2443 1922/835/2443
f 1924/813/2432 1948/813/2432 1949/815/2432 1926/815/2432
f 1938/827/2439 1961/827/2439 1963/829/2439 1940/829/2439
f 1931/821/2436 1955/821/2436 1957/823/2436 1933/823/2436
f 1926/815/2433 1949/815/2433 1951/817/2433 1927/817/2433
f 1940/829/2440 1963/829/2440 1965/831/2440 1942/831/2440
f 1987/829/2440 2011/829/2440 2014/831/2440 1989/831/2440
f 1951/817/2516 1976/817/2516 1977/819/2516 1953/819/2516
f 1965/831/2517 1989/831/2517 1991/833/2517 1967/833/2517
f 1946/810/2518 1969/810/2518 1971/813/2518 1948/813/2518
f 1959/825/2519 1984/825/2519 1985/827/2519 1961/827/2519
f 1953/819/2520 1977/819/2520 1979/821/2520 1955/821/2520
f 1967/833/2521 1991/833/2521 1969/835/2521 1946/835/2521
f 1948/813/2522 1971/813/2522 1974/815/2522 1949/815/2522
f 1961/827/2523 1985/827/2523 1987/829/2523 1963/829/2523
f 1955/821/2524 1979/821/2524 1981/823/2524 1957/823/2524
f 1949/815/2525 1974/815/2525 1976/817/2525 1951/817/2525
f 1963/829/2526 1987/829/2526 1989/831/2526 1965/831/2526
f 2016/923/261 2014/934/261 2011/933/261 2010/932/261 2007/931/261 2006/930/261 2004/929/261 2002/928/261 2000/927/261 1998/926/261 1996/925/261 1994/924/261
f 1981/823/2437 2006/823/2437 2007/825/2437 1984/825/2437
f 1976/817/2434 2000/817/2434 2002/819/2434 1977/819/2434
f 1989/831/2442 2014/831/2442 2016/833/2442 1991/833/2442
f 1969/810/2431 1994/810/2431 1996/813/2431 1971/813/2431
f 1984/825/2438 2007/825/2438 2010/827/2438 1985/827/2438
f 1977/819/2435 2002/819/2435 2004/821/2435 1979/821/2435
f 1991/833/2443 2016/833/2443 1994/835/2443 1969/835/2443
f 1971/813/2432 1996/813/2432 1998/815/2432 1974/815/2432
f 1985/827/2439 2010/827/2439 2011/829/2439 1987/829/2439
f 1979/821/2436 2004/821/2436 2006/823/2436 1981/823/2436
f 1974/815/2433 1998/815/2433 2000/817/2433 1976/817/2433
f 1914/922/2438 3241/827/2438 3240/827/2438 1889/922/2438
f 1905/935/2434 3243/819/2434 3242/819/2434 1882/936/2434
f 1874/937/2443 3244/835/2443 3245/833/2443 1895/938/2443
f 1898/939/2443 3246/835/2443 3244/835/2443 1874/937/2443
f 1919/940/2443 3247/833/2443 3246/835/2443 1898/939/2443
f 1886/941/2436 3249/823/2436 3248/821/2436 1883/942/2436
f 1883/942/2436 3248/821/2436 3250/821/2436 1908/943/2436
f 1899/916/2432 3251/813/2432 3252/815/2432 1902/944/2432
f 1878/945/2432 3254/815/2432 3253/813/2432 1876/917/2432
f 1893/921/2440 3256/831/2440 3255/829/2440 1892/912/2440
f 1876/917/2432 3253/813/2432 3251/813/2432 1899/916/2432
f 1892/912/2440 3255/829/2440 3257/829/2440 1916/911/2440
f 1908/943/2436 3250/821/2436 3258/823/2436 1909/946/2436
f 1916/911/2440 3257/829/2440 3259/831/2440 1917/921/2440
f 1917/921/2440 3259/831/2440 3256/831/2440 1893/921/2440
f 1902/944/2432 3252/815/2432 3254/815/2432 1878/945/2432
f 1909/946/2436 3258/823/2436 3249/823/2436 1886/941/2436
f 1903/947/2434 3260/817/2434 3243/819/2434 1905/935/2434
f 1895/938/2443 3245/833/2443 3247/833/2443 1919/940/2443
f 1911/918/2438 3261/825/2438 3241/827/2438 1914/922/2438
f 1880/947/2434 3262/817/2434 3260/817/2434 1903/947/2434
f 1882/936/2434 3242/819/2434 3262/817/2434 1880/947/2434
f 1889/922/2438 3240/827/2438 3263/825/2438 1888/918/2438
f 1888/918/2438 3263/825/2438 3261/825/2438 1911/918/2438
f 1841/948/2438 3265/827/2438 3264/827/2438 1817/948/2438
f 1833/909/2434 3267/819/2434 3266/819/2434 1809/909/2434
f 1848/913/2443 3269/833/2443 3268/835/2443 1825/908/2443
f 1802/907/2443 3270/835/2443 3271/833/2443 1824/913/2443
f 1825/908/2443 3268/835/2443 3270/835/2443 1802/907/2443
f 1806/914/2432 3273/815/2432 3272/813/2432 1803/949/2432
f 1821/919/2440 3275/831/2440 3274/829/2440 1819/950/2440
f 1803/949/2432 3272/813/2432 3276/813/2432 1828/951/2432
f 1819/950/2440 3274/829/2440 3277/829/2440 1843/952/2440
f 1843/952/2440 3277/829/2440 3278/831/2440 1846/920/2440
f 1813/953/2436 3280/823/2436 3279/821/2436 1812/954/2436
f 1812/954/2436 3279/821/2436 3281/821/2436 1836/955/2436
f 1828/951/2432 3276/813/2432 3282/815/2432 1830/915/2432
f 1836/955/2436 3281/821/2436 3283/823/2436 1837/956/2436
f 1837/956/2436 3283/823/2436 3280/823/2436 1813/953/2436
f 1846/920/2440 3278/831/2440 3275/831/2440 1821/919/2440
f 1830/915/2432 3282/815/2432 3273/815/2432 1806/914/2432
f 1831/910/2434 3284/817/2434 3267/819/2434 1833/909/2434
f 1816/957/2438 3285/825/2438 3286/825/2438 1840/958/2438
f 1817/948/2438 3264/827/2438 3285/825/2438 1816/957/2438
f 1840/958/2438 3286/825/2438 3265/827/2438 1841/948/2438
f 1809/909/2434 3266/819/2434 3287/817/2434 1808/959/2434
f 1824/913/2443 3271/833/2443 3269/833/2443 1848/913/2443
f 1808/959/2434 3287/817/2434 3284/817/2434 1831/910/2434
f 3330/915/2439 3321/914/2439 3335/959/2439 3332/910/2439
f 3315/909/2442 3314/909/2442 3327/954/2442 3329/955/2442
f 3331/956/2431 3328/953/2431 3333/957/2431 3334/958/2431
f 3313/948/2433 3312/948/2433 3322/950/2433 3325/952/2433
f 1909/946/2527 3306/946/2527 3298/943/2527 1908/943/2527
f 1840/958/2528 3334/958/2528 3333/957/2528 1816/957/2528
f 1803/949/2529 3320/949/2529 3321/914/2529 1806/914/2529
f 1917/921/2530 3307/921/2530 3305/911/2530 1916/911/2530
f 1816/957/2531 3333/957/2531 3312/948/2531 1817/948/2531
f 1889/922/2532 3288/922/2532 3289/922/2532 1914/922/2532
f 1819/950/2533 3322/950/2533 3323/919/2533 1821/919/2533
f 1893/921/2534 3304/921/2534 3307/921/2534 1917/921/2534
f 1841/948/2535 3313/948/2535 3334/958/2535 1840/958/2535
f 1882/936/2536 3290/936/2536 3291/935/2536 1905/935/2536
f 1828/951/2537 3324/951/2537 3320/949/2537 1803/949/2537
f 1878/945/2538 3302/945/2538 3300/944/2538 1902/944/2538
f 1808/959/2539 3335/959/2539 3314/909/2539 1809/909/2539
f 1895/938/2540 3293/938/2540 3292/937/2540 1874/937/2540
f 1843/952/2541 3325/952/2541 3322/950/2541 1819/950/2541
f 1886/941/2542 3297/941/2542 3306/946/2542 1909/946/2542
f 1848/913/2543 3317/913/2543 3319/913/2543 1824/913/2543
f 1874/937/2544 3292/937/2544 3294/939/2544 1898/939/2544
f 1846/920/2545 3326/920/2545 3325/952/2545 1843/952/2545
f 1905/935/2546 3291/935/2546 3308/947/2546 1903/947/2546
f 1831/910/2547 3332/910/2547 3335/959/2547 1808/959/2547
f 1898/939/2548 3294/939/2548 3295/940/2548 1919/940/2548
f 1812/954/2549 3327/954/2549 3328/953/2549 1813/953/2549
f 1919/940/2550 3295/940/2550 3293/938/2550 1895/938/2550
f 1883/942/2551 3296/942/2551 3297/941/2551 1886/941/2551
f 1836/955/2552 3329/955/2552 3327/954/2552 1812/954/2552
f 1914/922/2553 3289/922/2553 3309/918/2553 1911/918/2553
f 1908/943/2554 3298/943/2554 3296/942/2554 1883/942/2554
f 1830/915/2555 3330/915/2555 3324/951/2555 1828/951/2555
f 1903/947/2556 3308/947/2556 3310/947/2556 1880/947/2556
f 1902/944/2557 3300/944/2557 3299/916/2557 1899/916/2557
f 1837/956/2558 3331/956/2558 3329/955/2558 1836/955/2558
f 1880/947/2559 3310/947/2559 3290/936/2559 1882/936/2559
f 1817/948/2560 3312/948/2560 3313/948/2560 1841/948/2560
f 1876/917/2561 3301/917/2561 3302/945/2561 1878/945/2561
f 1813/953/2562 3328/953/2562 3331/956/2562 1837/956/2562
f 3316/908/2437 3318/907/2437 3320/949/2437 3324/951/2437
f 3326/920/2435 3323/919/2435 3319/913/2435 3317/913/2435
f 3324/951/262 3336/951/262 3316/908/262
f 3331/956/262 3336/956/262 3329/955/262
f 3313/948/262 3336/948/262 3334/958/262
f 3315/909/262 3336/909/262 3332/910/262
f 3334/958/262 3336/958/262 3331/956/262
f 3332/910/262 3336/910/262 3330/915/262
f 3325/952/262 3336/952/262 3313/948/262
f 3330/915/262 3336/915/262 3324/951/262
f 3317/913/262 3336/913/262 3326/920/262
f 3316/908/262 3336/908/262 3317/913/262
f 3326/920/262 3336/920/262 3325/952/262
f 3329/955/262 3336/955/262 3315/909/262
f 3333/957/261 3337/957/261 3312/948/261
f 3322/950/261 3337/950/261 3323/919/261
f 3328/953/261 3337/953/261 3333/957/261
f 3319/913/261 3337/913/261 3318/907/261
f 3321/914/261 3337/914/261 3335/959/261
f 3327/954/261 3337/954/261 3328/953/261
f 3323/919/261 3337/919/261 3319/913/261
f 3312/948/261 3337/948/261 3322/950/261
f 3335/959/261 3337/959/261 3314/909/261
f 3314/909/261 3337/909/261 3327/954/261
f 3320/949/261 3337/949/261 3321/914/261
f 3318/907/261 3337/907/261 3320/949/261
f 3294/939/2437 3292/937/2437 3301/917/2437 3299/916/2437
f 3300/944/2439 3302/945/2439 3310/947/2439 3308/947/2439
f 3291/935/2442 3290/936/2442 3296/942/2442 3298/943/2442
f 3306/946/2431 3297/941/2431 3311/918/2431 3309/918/2431
f 3289/922/2433 3288/922/2433 3303/912/2433 3305/911/2433
f 3307/921/2435 3304/921/2435 3293/938/2435 3295/940/2435
f 3304/921/261 3338/921/261 3293/938/261
f 3310/947/261 3338/947/261 3290/936/261
f 3292/937/261 3338/937/261 3301/917/261
f 3301/917/261 3338/917/261 3302/945/261
f 3290/936/261 3338/936/261 3296/942/261
f 3311/918/261 3338/918/261 3288/922/261
f 3296/942/261 3338/942/261 3297/941/261
f 3288/922/261 3338/922/261 3303/912/261
f 3293/938/261 3338/938/261 3292/937/261
f 3303/912/261 3338/912/261 3304/921/261
f 3302/945/261 3338/945/261 3310/947/261
f 3297/941/261 3338/941/261 3311/918/261
f 3306/946/262 3339/946/262 3298/943/262
f 3308/947/262 3339/947/262 3300/944/262
f 3289/922/262 3339/922/262 3309/918/262
f 3309/918/262 3339/918/262 3306/946/262
f 3307/921/262 3339/921/262 3305/911/262
f 3295/940/262 3339/940/262 3307/921/262
f 3299/916/262 3339/916/262 3294/939/262
f 3291/935/262 3339/935/262 3308/947/262
f 3300/944/262 3339/944/262 3299/916/262
f 3294/939/262 3339/939/262 3295/940/262
f 3298/943/262 3339/943/262 3291/935/262
f 3305/911/262 3339/911/262 3289/922/262
f 3559/960/2563 3560/963/2563 3578/962/2563 3577/961/2563
f 3712/964/262 3767/967/262 3738/966/262 3688/965/262
f 3346/968/261 3362/971/261 3369/970/261 3356/969/261
f 3649/972/261 3651/979/261 3650/978/261 3640/977/261 3641/976/261 3643/975/261 3645/974/261 3653/973/261
f 3634/980/260 3642/987/260 3724/986/260 3725/985/260 3640/984/260 3633/983/260 3672/982/260 3673/981/260
f 3517/988/258 3599/995/258 3569/994/258 3512/993/258 3511/992/258 3563/991/258 3562/990/258 3509/989/258
f 3562/990/258 3584/998/258 3583/997/258 3561/996/258
f 3345/999/261 3346/968/261 3356/969/261 3355/1004/261 3354/1003/261 3351/1002/261 3342/1001/261 3348/1000/261
f 3738/966/262 3767/967/262 3768/1010/262 3766/1009/262 3770/1008/262 3743/1007/262 3742/1006/262 3739/1005/262
f 3899/1011/258 3898/1014/258 3878/1013/258 3879/1012/258
f 3422/1015/262 3423/1022/262 3424/1021/262 3388/1020/262 3387/1019/262 3391/1018/262 3384/1017/262 3416/1016/262
f 3404/1023/257 3408/1038/257 3416/1037/257 3384/1036/257 3371/1035/257 3372/1034/257 3376/1033/257 3377/1032/257 3378/1031/257 3412/1030/257 3413/1029/257 3414/1028/257 3415/1027/257 3407/1026/257 3406/1025/257 3405/1024/257
f 3738/1039/260 3739/1041/260 3726/1040/260 3725/985/260
f 3373/1042/260 3387/1045/260 3388/1044/260 3374/1043/260
f 3577/1046/262 3578/1051/262 3582/1050/262 3583/1049/262 3584/1048/262 3581/1047/262
f 3896/1052/262 3898/1057/262 3899/1056/262 3897/1055/262 3903/1054/262 3902/1053/262
f 3506/1058/261 3509/1063/261 3508/1062/261 3507/1061/261 3504/1060/261 3502/1059/261
f 3802/1064/261 3807/1069/261 3808/1068/261 3803/1067/261 3805/1066/261 3804/1065/261
f 3515/1070/261 3519/1073/261 3516/1072/261 3517/1071/261 3509/1063/261 3506/1058/261
f 3830/1074/262 3831/1077/262 3898/1057/262 3896/1052/262 3828/1076/262 3829/1075/262
f 3902/1053/259 3903/1054/259 3882/1079/259 3881/1078/259
f 3485/1080/262 3455/1081/262 3388/1020/262 3424/1021/262
f 3558/1082/257 3559/960/257 3577/961/257 3540/1095/257 3530/1094/257 3553/1093/257 3554/1092/257 3555/1091/257 3556/1090/257 3573/1089/257 3574/1088/257 3575/1087/257 3576/1086/257 3557/1085/257 3565/1084/257 3564/1083/257
f 3528/1096/257 3529/1111/257 3537/1110/257 3419/1109/257 3409/1108/257 3410/1107/257 3411/1106/257 3525/1105/257 3526/1104/257 3533/1103/257 3534/1102/257 3535/1101/257 3536/1100/257 3527/1099/257 3532/1098/257 3531/1097/257
f 3455/1081/257 3485/1080/257 3487/1080/257 3469/1081/257 3463/1081/257 3464/1114/257 3458/1113/257 3457/1112/257
f 3640/977/261 3650/978/261 3638/1116/261 3633/1115/261
f 3584/1048/262 3607/1120/262 3606/1119/262 3608/1118/262 3605/1117/262 3581/1047/262
f 3613/1121/262 3825/1126/262 3824/1125/262 3829/1075/262 3828/1076/262 3823/1124/262 3611/1123/262 3605/1117/262 3608/1118/262 3612/1122/262
f 3362/971/261 3365/1128/261 3370/1127/261 3369/970/261
f 3707/965/259 3717/964/259 3712/964/259 3688/965/259 3690/965/259 3691/1130/259 3704/1129/259 3703/965/259
f 3788/1131/261 3802/1064/261 3804/1065/261 3791/1134/261 3790/1133/261 3789/1132/261
f 3784/1135/261 3788/1131/261 3789/1132/261 3785/1140/261 3786/1139/261 3522/1138/261 3521/1137/261 3519/1073/261 3515/1070/261 3520/1136/261
f 3804/1141/258 3878/1013/258 3877/1147/258 3812/1146/258 3794/1145/258 3820/1144/258 3819/1143/258 3791/1142/258
f 3786/1148/258 3818/1155/258 3814/1154/258 3793/1153/258 3524/1152/258 3601/1151/258 3600/1150/258 3522/1149/258
f 3346/1156/260 3374/1043/260 3375/1162/260 3347/1161/260 3363/1160/260 3440/1159/260 3442/1158/260 3362/1157/260
f 3629/1115/261 3632/1115/261 3630/1163/261 3628/1163/261
f 3719/964/2564 3717/964/2564 3707/965/2564 3709/965/2564
f 3520/1136/261 3515/1070/261 3369/970/261 3370/1127/261
f 3802/1064/261 3788/1131/261 3638/1116/261 3650/978/261
f 3823/1124/262 3828/1076/262 3712/964/262 3711/1164/262
f 3581/1047/262 3605/1117/262 3485/1080/262 3424/1021/262
f 3859/1165/259 3902/1053/259 3881/1078/259 3880/1178/259 3886/1177/259 3887/1176/259 3876/1175/259 3895/1174/259 3894/1173/259 3893/1172/259 3892/1171/259 3875/1170/259 3874/1169/259 3873/1168/259 3872/1167/259 3847/1166/259
f 3773/1179/259 3856/1194/259 3846/1193/259 3845/1192/259 3848/1191/259 3849/1190/259 3844/1189/259 3853/1188/259 3852/1187/259 3851/1186/259 3850/1185/259 3843/1184/259 3842/1183/259 3761/1182/259 3760/1181/259 3759/1180/259
f 3828/1076/262 3896/1052/262 3767/967/262 3712/964/262
f 3515/1070/261 3506/1058/261 3356/969/261 3369/970/261
f 3799/1195/261 3807/1069/261 3802/1064/261 3650/978/261 3651/979/261 3652/1200/261 3655/1199/261 3797/1198/261 3795/1197/261 3796/1196/261
f 3355/1004/261 3356/969/261 3506/1058/261 3502/1059/261 3498/1206/261 3500/1205/261 3499/1204/261 3496/1203/261 3353/1202/261 3357/1201/261
f 3767/967/262 3896/1052/262 3902/1053/262 3859/1165/262 3855/1209/262 3854/1208/262 3856/1194/262 3773/1179/262 3769/1207/262 3768/1010/262
f 3540/1210/262 3577/1046/262 3581/1047/262 3424/1021/262 3423/1022/262 3425/1215/262 3419/1214/262 3537/1213/262 3543/1212/262 3544/1211/262
f 3478/1216/2565 3476/1216/2565 3466/1081/2565 3470/1081/2565
f 3714/1164/262 3718/964/262 3708/965/262 3699/1217/262
f 3486/1218/258 3491/1219/258 3487/1080/258 3485/1080/258
f 3718/964/2566 3720/964/2566 3710/965/2566 3708/965/2566
f 3487/1080/2567 3489/1080/2567 3465/1081/2567 3469/1081/2567
f 3720/964/2568 3718/964/2568 3714/1164/2568 3716/1164/2568
f 3490/1080/2569 3488/1080/2569 3470/1081/2569 3466/1081/2569
f 3489/1080/257 3490/1080/257 3466/1081/257 3465/1081/257
f 3720/964/259 3719/964/259 3709/965/259 3710/965/259
f 3493/1218/258 3494/1218/258 3490/1080/258 3489/1080/258
f 3710/1220/260 3709/1220/260 3695/1221/260 3697/1221/260
f 3351/1222/257 3408/1038/257 3404/1023/257 3349/1225/257 3343/1224/257 3372/1034/257 3371/1035/257 3342/1223/257
f 3491/1219/2570 3493/1218/2570 3489/1080/2570 3487/1080/2570
f 3709/1220/2571 3707/1220/2571 3698/1221/2571 3695/1221/2571
f 3657/1226/259 3801/1227/259 3845/1192/259 3846/1193/259 3797/1198/259 3655/1199/259 3759/1180/259 3760/1181/259
f 3799/1195/259 3847/1166/259 3872/1167/259 3811/1229/259 3813/1228/259 3880/1178/259 3881/1078/259 3807/1069/259
f 3648/1230/259 3754/1235/259 3758/1234/259 3653/973/259 3645/974/259 3727/1233/259 3728/1232/259 3647/1231/259
f 3388/1044/260 3455/1246/260 3442/1158/260 3440/1159/260 3446/1245/260 3382/1244/260 3383/1243/260 3403/1242/260 3402/1241/260 3401/1240/260 3400/1239/260 3381/1238/260 3380/1237/260 3379/1236/260 3375/1162/260 3374/1043/260
f 3814/1154/258 3818/1155/258 3825/1258/258 3613/1257/258 3600/1150/258 3601/1151/258 3602/1256/258 3603/1255/258 3604/1254/258 3624/1253/258 3625/1252/258 3626/1251/258 3822/1250/258 3815/1249/258 3817/1248/258 3816/1247/258
f 3877/1147/258 3878/1013/258 3898/1014/258 3831/1269/258 3819/1143/258 3820/1144/258 3821/1268/258 3870/1267/258 3871/1266/258 3888/1265/258 3889/1264/258 3890/1263/258 3891/1262/258 3885/1261/258 3884/1260/258 3883/1259/258
f 3502/1270/257 3559/960/257 3558/1082/257 3514/1273/257 3513/1272/257 3553/1093/257 3530/1094/257 3498/1271/257
f 3496/1274/257 3529/1111/257 3528/1096/257 3501/1277/257 3358/1276/257 3410/1107/257 3409/1108/257 3353/1275/257
f 3492/1218/262 3714/1164/262 3699/1217/262 3478/1216/262
f 3881/1078/259 3882/1079/259 3808/1068/259 3807/1069/259
f 3345/1278/260 3373/1042/260 3374/1043/260 3346/1156/260
f 3725/985/260 3726/1040/260 3641/1279/260 3640/984/260
f 3879/1012/258 3878/1013/258 3804/1141/258 3805/1280/258
f 3509/989/258 3562/990/258 3561/996/258 3508/1281/258
f 3569/994/258 3599/995/258 3607/1292/258 3584/998/258 3562/990/258 3563/991/258 3566/1291/258 3567/1290/258 3568/1289/258 3595/1288/258 3596/1287/258 3597/1286/258 3598/1285/258 3572/1284/258 3571/1283/258 3570/1282/258
f 3688/1220/260 3738/1039/260 3725/985/260 3724/986/260 3729/1302/260 3730/1301/260 3723/1300/260 3737/1299/260 3736/1298/260 3735/1297/260 3734/1296/260 3722/1295/260 3721/1294/260 3676/1293/260 3673/981/260 3672/982/260
f 3560/963/2563 3559/960/2563 3502/1270/2563 3504/1303/2563
f 3662/1304/260 3664/982/260 3629/983/260 3628/1305/260
f 3441/1306/257 3434/1158/257 3359/1157/257 3361/1157/257
f 3664/982/259 3671/1307/259 3632/983/259 3629/983/259
f 3665/1308/262 3670/1158/262 3443/1309/262
f 3674/1307/262 3438/982/262 3439/1304/262 3675/1304/262
f 3662/1304/260 3666/1304/260 3438/982/260 3664/982/260
f 3769/1310/257 3777/4/257 3776/3/257 3766/1312/257 3768/1311/257
f 3774/1313/258 3781/1319/258 3777/4/258 3769/1310/258 3773/1318/258 3759/1317/258 3655/1316/258 3656/7/258 3783/6/258 3782/1315/258 3775/1314/258
f 3782/1315/258 3783/6/258 3777/4/258 3781/1319/258
f 3780/8/259 3783/6/259 3656/7/259 3654/9/259
f 3766/1320/260 3776/10/260 3778/1327/260 3771/1326/260 3772/1325/260 3779/1324/260 3780/8/260 3654/9/260 3653/1323/260 3758/1322/260 3770/1321/260
f 3776/10/260 3780/8/260 3779/1324/260 3778/1327/260
f 3654/9/261 3656/7/261 3655/1330/261 3652/12/261 3651/1329/261 3649/13/261 3653/1328/261
f 3783/6/262 3780/8/262 3776/15/262 3777/14/262
f 3395/4/257 3392/3/257 3340/2/257 3341/5/257
f 3385/1331/258 3393/1338/258 3395/4/258 3341/5/258 3342/1337/258 3371/1336/258 3384/1335/258 3391/1334/258 3399/6/258 3394/1333/258 3386/1332/258
f 3394/1333/258 3399/6/258 3395/4/258 3393/1338/258
f 3398/8/259 3399/6/259 3397/1340/259 3396/1339/259
f 3390/1341/259 3397/1340/259 3399/6/259 3391/1334/259 3387/1345/259 3373/1344/259 3345/1343/259 3344/9/259 3398/8/259 3396/1339/259 3389/1342/259
f 3392/10/260 3398/8/260 3344/9/260 3340/11/260
f 3340/13/261 3344/9/261 3345/1343/261 3348/7/261 3342/1346/261 3341/12/261
f 3399/6/262 3398/8/262 3392/15/262 3395/14/262
f 3431/4/257 3428/3/257 3350/2/257 3352/5/257
f 3420/1331/258 3429/1338/258 3431/4/258 3352/5/258 3353/1350/258 3409/1349/258 3419/1348/258 3425/1334/258 3433/6/258 3430/1347/258 3421/1332/258
f 3430/1347/258 3433/6/258 3431/4/258 3429/1338/258
f 3422/1351/259 3432/8/259 3433/6/259 3425/1334/259 3423/1352/259
f 3350/11/260 3428/10/260 3426/1359/260 3417/1358/260 3418/1357/260 3427/1356/260 3432/8/260 3422/1351/260 3416/1355/260 3408/1354/260 3351/1353/260
f 3428/10/260 3432/8/260 3427/1356/260 3426/1359/260
f 3351/1360/261 3354/9/261 3355/1362/261 3357/7/261 3353/1361/261 3352/12/261 3350/13/261
f 3433/6/262 3432/8/262 3428/15/262 3431/14/262
f 3550/4/257 3547/3/257 3495/2/257 3497/5/257
f 3541/1331/258 3548/1338/258 3550/4/258 3497/5/258 3498/1350/258 3530/1349/258 3540/1348/258 3544/1334/258 3552/6/258 3549/1347/258 3542/1332/258
f 3552/6/258 3550/4/258 3548/1338/258 3549/1347/258
f 3551/8/259 3552/6/259 3544/1334/259 3543/1351/259
f 3495/11/260 3547/10/260 3545/1359/260 3538/1358/260 3539/1357/260 3546/1356/260 3551/8/260 3543/1351/260 3537/1355/260 3529/1354/260 3496/1353/260
f 3547/10/260 3551/8/260 3546/1356/260 3545/1359/260
f 3496/1360/261 3499/9/261 3500/7/261 3498/1361/261 3497/12/261 3495/13/261
f 3547/15/262 3550/14/262 3552/6/262 3551/8/262
f 3590/4/257 3589/3/257 3503/2/257 3505/5/257
f 3594/6/258 3590/4/258 3505/5/258 3510/7/258
f 3591/1363/259 3593/8/259 3594/6/259 3510/7/259 3508/1368/259 3561/1367/259 3583/1366/259 3586/1365/259 3592/1364/259
f 3582/1351/259 3593/8/259 3591/1363/259 3585/1369/259 3586/1365/259 3583/1366/259
f 3503/11/260 3589/10/260 3587/1375/260 3579/1358/260 3580/1374/260 3588/1373/260 3593/8/260 3582/1351/260 3578/1372/260 3560/1371/260 3504/1370/260
f 3589/10/260 3593/8/260 3588/1373/260 3587/1375/260
f 3504/1376/261 3507/9/261 3508/1368/261 3510/7/261 3505/12/261 3503/13/261
f 3594/6/262 3593/8/262 3589/15/262 3590/14/262
f 3739/1377/257 3742/1310/257 3749/4/257 3747/1383/257 3741/1382/257 3740/1381/257 3746/1380/257 3748/3/257 3639/2/257 3641/1379/257 3726/1378/257
f 3747/1383/257 3749/4/257 3748/3/257 3746/1380/257
f 3744/1384/258 3751/1390/258 3749/4/258 3742/1310/258 3743/1389/258 3727/1388/258 3645/1387/258 3646/7/258 3753/6/258 3752/1386/258 3745/1385/258
f 3752/1386/258 3753/6/258 3749/4/258 3751/1390/258
f 3750/8/259 3753/6/259 3646/7/259 3644/9/259
f 3748/10/260 3750/8/260 3644/9/260 3639/11/260
f 3644/9/261 3646/7/261 3645/1392/261 3643/12/261 3641/1391/261 3639/13/261
f 3753/6/262 3750/8/262 3748/15/262 3749/14/262
f 3863/4/257 3862/3/257 3854/1312/257 3855/1310/257
f 3869/6/258 3863/4/258 3867/1394/258 3868/1393/258
f 3860/1395/258 3867/1394/258 3863/4/258 3855/1310/258 3859/1397/258 3847/1396/258 3799/1316/258 3800/7/258 3869/6/258 3868/1393/258 3861/1385/258
f 3866/8/259 3869/6/259 3800/7/259 3798/9/259
f 3854/1320/260 3862/10/260 3864/1402/260 3857/1401/260 3858/1325/260 3865/1400/260 3866/8/260 3798/9/260 3797/1323/260 3846/1399/260 3856/1398/260
f 3862/10/260 3866/8/260 3865/1400/260 3864/1402/260
f 3798/9/261 3800/7/261 3799/1404/261 3796/12/261 3795/13/261 3797/1403/261
f 3862/15/262 3863/14/262 3869/6/262 3866/8/262
f 3805/1405/257 3806/5/257 3909/4/257 3908/3/257 3906/1410/257 3907/1409/257 3901/1408/257 3899/1407/257 3879/1406/257
f 3899/1407/257 3901/1408/257 3900/1411/257 3906/1410/257 3908/3/257 3897/1312/257
f 3913/6/258 3909/4/258 3806/5/258 3810/7/258
f 3912/8/259 3913/6/259 3810/7/259 3809/9/259
f 3897/1320/260 3908/10/260 3910/1418/260 3904/1417/260 3905/1416/260 3911/1415/260 3912/8/260 3809/9/260 3808/1414/260 3882/1413/260 3903/1412/260
f 3908/10/260 3912/8/260 3911/1415/260 3910/1418/260
f 3803/13/261 3808/1420/261 3809/9/261 3810/7/261 3806/12/261 3805/1419/261
f 3913/6/262 3912/8/262 3908/15/262 3909/14/262
f 3786/1405/257 3787/5/257 3837/4/257 3836/3/257 3834/1423/257 3835/1422/257 3827/1421/257 3825/1407/257 3818/1406/257
f 3825/1407/257 3827/1421/257 3826/1424/257 3834/1423/257 3836/3/257 3824/1312/257
f 3841/6/258 3837/4/258 3787/5/258 3792/7/258
f 3838/1425/259 3840/8/259 3841/6/259 3792/7/259 3791/1368/259 3819/1367/259 3831/1366/259 3833/1427/259 3839/1426/259
f 3830/1351/259 3840/8/259 3838/1425/259 3832/1428/259 3833/1427/259 3831/1366/259
f 3824/1320/260 3836/10/260 3840/8/260 3830/1351/260 3829/1429/260
f 3785/13/261 3789/1430/261 3790/9/261 3791/1368/261 3792/7/261 3787/12/261 3786/1419/261
f 3841/6/262 3840/8/262 3836/15/262 3837/14/262
f 3517/1405/257 3518/5/257 3619/4/257 3618/3/257 3616/1433/257 3617/1432/257 3610/1431/257 3607/1407/257 3599/1406/257
f 3607/1407/257 3610/1431/257 3609/1434/257 3616/1433/257 3618/3/257 3606/1312/257
f 3623/6/258 3619/4/258 3518/5/258 3523/7/258
f 3620/1435/259 3622/8/259 3623/6/259 3523/7/259 3522/1368/259 3600/1367/259 3613/1366/259 3615/1437/259 3621/1436/259
f 3612/1351/259 3622/8/259 3620/1435/259 3614/1438/259 3615/1437/259 3613/1366/259
f 3606/1320/260 3618/10/260 3622/8/260 3612/1351/260 3608/1439/260
f 3516/13/261 3519/1440/261 3521/9/261 3522/1368/261 3523/7/261 3518/12/261 3517/1419/261
f 3623/6/262 3622/8/262 3618/15/262 3619/14/262
f 3435/1308/260 3434/1158/260 3670/1158/260 3665/1308/260
f 3436/1306/262 3667/1309/262 3443/1309/262 3670/1158/262
f 3435/1308/260 3665/1308/260 3666/1304/260 3662/1304/260
f 3366/1441/260 3627/1443/260 3628/1305/260 3360/1442/260
f 3435/1308/260 3662/1304/260 3628/1305/260 3627/1443/260 3635/1453/260 3636/1452/260 3660/1451/260 3658/1450/260 3659/1449/260 3449/1448/260 3448/1447/260 3447/1446/260 3368/1445/260 3367/1444/260 3366/1441/260 3360/1442/260
f 3669/1304/260 3445/1308/260 3459/1454/260 3477/1454/260 3698/1221/260 3687/1221/260
f 3695/1221/2571 3698/1221/2571 3477/1454/2571 3474/1454/2571
f 3717/964/2570 3719/964/2570 3715/1164/2570 3713/1164/2570
f 3697/1221/260 3695/1221/260 3474/1454/260 3476/1454/260
f 3719/964/258 3720/964/258 3716/1164/258 3715/1164/258
f 3716/1164/2568 3714/1164/2568 3492/1218/2568 3494/1218/2568
f 3631/1163/261 3633/1115/261 3638/1116/261 3637/1455/261
f 3712/964/258 3717/964/258 3713/1164/258 3711/1164/258
f 3450/11/260 3479/1456/260 3480/1457/260 3481/1458/260 3482/1459/260 3483/1460/260 3484/1461/260 3680/1461/260 3681/1460/260 3679/1459/260 3682/1458/260 3678/1457/260 3677/1456/260 3661/11/260
f 3708/965/2565 3710/965/2565 3697/1217/2565 3699/1217/2565
f 3611/1123/262 3823/1124/262 3711/1164/262 3486/1218/262
f 3788/1131/261 3784/1135/261 3637/1455/261 3638/1116/261
f 3492/1218/262 3478/1216/262 3470/1081/262 3488/1080/262
f 3628/1163/261 3630/1163/261 3364/1128/261 3360/1128/261
f 3360/1128/261 3364/1128/261 3361/1462/261 3359/971/261
f 3605/1117/262 3611/1123/262 3486/1218/262 3485/1080/262
f 3365/1128/261 3631/1163/261 3637/1455/261 3370/1127/261
f 3494/1218/2568 3492/1218/2568 3488/1080/2568 3490/1080/2568
f 3476/1454/260 3474/1454/260 3465/1246/260 3466/1246/260
f 3474/1454/2571 3477/1454/2571 3469/1246/2571 3465/1246/2571
f 3434/1158/260 3435/1308/260 3360/1442/260 3359/1157/260
f 3437/1309/259 3443/1309/259 3667/1309/259 3444/1309/259
f 3674/1307/2572 3675/1304/2572 3683/1221/2572 3685/1220/2572
f 3668/1304/257 3675/1304/257 3439/1304/257 3663/1304/257
f 3668/1304/262 3663/1304/262 3437/1309/262 3444/1309/262
f 3713/1164/2570 3715/1164/2570 3493/1218/2570 3491/1219/2570
f 3715/1164/258 3716/1164/258 3494/1218/258 3493/1218/258
f 3711/1164/258 3713/1164/258 3491/1219/258 3486/1218/258
f 3699/1217/2565 3697/1217/2565 3476/1216/2565 3478/1216/2565
f 3370/1127/261 3637/1455/261 3784/1135/261 3520/1136/261
f 3364/1128/261 3365/1128/261 3362/971/261 3361/1462/261
f 3630/1163/261 3631/1163/261 3365/1128/261 3364/1128/261
f 3663/1304/258 3439/1304/258 3443/1309/258 3437/1309/258
f 3441/1306/257 3436/1306/257 3670/1158/257 3434/1158/257
f 3664/982/259 3438/982/259 3674/1307/259 3671/1307/259
f 3671/1307/259 3672/982/259 3633/983/259 3632/983/259
f 3442/1158/257 3441/1306/257 3361/1157/257 3362/1157/257
f 3632/1115/261 3633/1115/261 3631/1163/261 3630/1163/261
f 3707/1220/262 3706/1220/262 3696/1221/262 3698/1221/262
f 3477/1454/262 3475/1454/262 3468/1246/262 3469/1246/262
f 3684/1221/2573 3692/1221/2573 3700/1220/2573 3686/1220/2573
f 3702/1220/2574 3700/1220/2574 3692/1221/2574 3693/1221/2574
f 3705/1220/2575 3702/1220/2575 3693/1221/2575 3694/1221/2575
f 3452/1463/2573 3460/1463/2573 3471/1454/2573 3454/1454/2573
f 3472/1454/2574 3471/1454/2574 3460/1463/2574 3462/1463/2574
f 3473/1454/2575 3472/1454/2575 3462/1463/2575 3467/1246/2575
f 3686/1220/260 3685/1220/260 3683/1221/260 3684/1221/260
f 3706/1220/2576 3705/1220/2576 3694/1221/2576 3696/1221/2576
f 3705/965/259 3706/965/259 3707/965/259 3703/965/259 3701/1465/259 3689/1464/259 3690/965/259 3688/965/259 3685/965/259 3686/965/259 3700/965/259 3702/965/259
f 3463/1081/257 3469/1081/257 3468/1468/257 3467/1468/257 3462/1467/257 3460/1112/257 3452/1081/257 3451/1081/257 3455/1081/257 3457/1112/257 3456/1467/257 3461/1466/257
f 3475/1454/2576 3473/1454/2576 3467/1246/2576 3468/1246/2576
f 3454/1454/260 3453/1454/260 3451/1246/260 3452/1463/260
f 3687/1221/257 3698/1221/257 3696/1221/257 3694/1221/257 3693/1221/257 3692/1221/257 3684/1221/257 3683/1221/257
f 3473/1454/259 3475/1454/259 3477/1454/259 3459/1454/259 3453/1454/259 3454/1454/259 3471/1454/259 3472/1454/259
f 3701/1469/260 3746/1472/260 3740/1471/260 3689/1470/260
f 3741/1473/258 3747/1476/258 3704/1475/258 3691/1474/258
f 3704/1477/262 3747/1481/262 3746/1480/262 3701/1479/262 3703/1478/262
f 3689/1482/261 3740/1486/261 3741/1485/261 3691/1484/261 3690/1483/261
f 3396/1487/260 3461/1490/260 3456/1489/260 3389/1488/260
f 3458/1491/258 3464/1494/258 3397/1493/258 3390/1492/258
f 3397/1495/262 3464/1499/262 3463/1498/262 3461/1497/262 3396/1496/262
f 3389/1500/261 3456/1504/261 3457/1503/261 3458/1502/261 3390/1501/261
f 3752/1505/259 3779/1508/259 3772/1507/259 3745/1506/259
f 3868/1509/259 3911/1512/259 3905/1511/259 3861/1510/259
f 3782/1513/259 3865/1516/259 3858/1515/259 3775/1514/259
f 3904/1517/257 3910/1520/257 3867/1519/257 3860/1518/257
f 3857/1521/257 3864/1524/257 3781/1523/257 3774/1522/257
f 3771/1525/257 3778/1528/257 3751/1527/257 3744/1526/257
f 3864/1529/262 3865/1532/262 3782/1531/262 3781/1530/262
f 3910/1533/262 3911/1536/262 3868/1535/262 3867/1534/262
f 3778/1537/262 3779/1540/262 3752/1539/262 3751/1538/262
f 3745/1541/261 3772/1544/261 3771/1543/261 3744/1542/261
f 3775/1545/261 3858/1548/261 3857/1547/261 3774/1546/261
f 3861/1549/261 3905/1552/261 3904/1551/261 3860/1550/261
f 3394/1553/259 3427/1556/259 3418/1555/259 3386/1554/259
f 3549/1557/259 3588/1560/259 3580/1559/259 3542/1558/259
f 3430/1561/259 3546/1564/259 3539/1563/259 3421/1562/259
f 3417/1565/257 3426/1568/257 3393/1567/257 3385/1566/257
f 3579/1569/257 3587/1572/257 3548/1571/257 3541/1570/257
f 3538/1573/257 3545/1576/257 3429/1575/257 3420/1574/257
f 3426/1577/262 3427/1580/262 3394/1579/262 3393/1578/262
f 3545/1581/262 3546/1584/262 3430/1583/262 3429/1582/262
f 3587/1585/262 3588/1588/262 3549/1587/262 3548/1586/262
f 3386/1589/261 3418/1592/261 3417/1591/261 3385/1590/261
f 3542/1593/261 3580/1596/261 3579/1595/261 3541/1594/261
f 3421/1597/261 3539/1600/261 3538/1599/261 3420/1598/261
f 3610/1601/258 3617/1604/258 3592/1603/258 3586/1602/258
f 3827/1605/258 3835/1608/258 3621/1607/258 3615/1606/258
f 3901/1609/258 3907/1612/258 3839/1611/258 3833/1610/258
f 3838/1613/260 3906/1616/260 3900/1615/260 3832/1614/260
f 3620/1617/260 3834/1620/260 3826/1619/260 3614/1618/260
f 3591/1621/260 3616/1624/260 3609/1623/260 3585/1622/260
f 3621/1625/262 3835/1628/262 3834/1627/262 3620/1626/262
f 3907/1629/262 3906/1632/262 3838/1631/262 3839/1630/262
f 3592/1633/262 3617/1636/262 3616/1635/262 3591/1634/262
f 3609/1637/261 3610/1640/261 3586/1639/261 3585/1638/261
f 3900/1641/261 3901/1644/261 3833/1643/261 3832/1642/261
f 3826/1645/261 3827/1648/261 3615/1647/261 3614/1646/261
f 3743/1007/259 3770/1008/259 3758/1234/259 3754/1235/259 3755/1658/259 3756/1657/259 3757/1656/259 3765/1655/259 3764/1654/259 3763/1653/259 3762/1652/259 3733/1651/259 3732/1650/259 3731/1649/259 3728/1232/259 3727/1233/259
f 3915/1659/2577 4227/1662/2577 4226/1661/2577 3927/1660/2577
f 4227/1663/2438 3915/5/2438 3917/1665/2438 4228/1664/2438
f 4229/1666/2578 3925/1461/2578 3935/1668/2578 4230/1667/2578
f 3927/11/2435 4226/1671/2435 4231/1670/2435 3929/1669/2435
f 4232/1672/2579 3919/1458/2579 3921/1459/2579 4233/1673/2579
f 4233/1673/2580 3921/1459/2580 3923/1460/2580 4234/1674/2580
f 3931/1675/2581 4236/1677/2581 4235/1673/2581 3937/1676/2581
f 4237/1678/2582 3933/1679/2582 3937/1676/2582 4235/1673/2582
f 4234/1674/2583 3923/1460/2583 3925/1461/2583 4229/1666/2583
f 4228/1680/2584 3917/1457/2584 3919/1458/2584 4232/1672/2584
f 3929/1669/2585 4231/1670/2585 4236/1677/2585 3931/1675/2585
f 3933/1679/2586 4237/1678/2586 4230/1667/2586 3935/1668/2586
f 3930/1681/2587 4392/1681/2587 4391/1682/2587 3936/1682/2587
f 3927/1660/261 3627/1684/261 3366/1683/261 3915/1659/261
f 3367/1685/257 3917/1665/257 3915/5/257 3366/5/257
f 3367/1686/2588 3368/1688/2588 3919/1687/2588 3917/1665/2588
f 3368/1689/2589 3447/1691/2589 3921/1690/2589 3919/1687/2589
f 3447/1692/2590 3448/1695/2590 3923/1694/2590 3921/1693/2590
f 3448/1695/2591 3449/1697/2591 3925/1696/2591 3923/1694/2591
f 3449/1697/262 3659/1698/262 3935/1668/262 3925/1696/262
f 3929/1699/259 3635/1699/259 3627/9/259 3927/1660/259
f 3636/1700/2592 3635/1701/2592 3929/1669/2592 3931/1675/2592
f 3931/1675/2593 3937/1676/2593 3660/1702/2593 3636/1700/2593
f 3659/1698/2594 3658/1703/2594 3933/1679/2594 3935/1668/2594
f 3658/1703/2595 3660/1702/2595 3937/1676/2595 3933/1679/2595
f 4274/1704/2596 4009/1707/2596 4011/1706/2596 4275/1705/2596
f 4009/5/2438 4274/1709/2438 4276/1708/2438 4033/1685/2438
f 4059/1710/2597 4278/1713/2597 4277/1712/2597 4061/1711/2597
f 4275/1714/2442 4011/9/2442 4041/1716/2442 4279/1715/2442
f 4035/1717/2598 4281/1720/2598 4280/1719/2598 4037/1718/2598
f 4037/1721/2599 4280/1724/2599 4282/1723/2599 4057/1722/2599
f 4039/1725/2600 4284/1728/2600 4283/1727/2600 4043/1726/2600
f 4284/1728/2601 4039/1725/2601 4063/1730/2601 4285/1729/2601
f 4057/1722/2602 4282/1723/2602 4278/1713/2602 4059/1710/2602
f 4033/1731/2603 4276/1732/2603 4281/1720/2603 4035/1717/2603
f 4279/1715/2604 4041/1716/2604 4043/1726/2604 4283/1727/2604
f 4061/1711/2605 4277/1712/2605 4285/1729/2605 4063/1730/2605
f 4286/1733/2596 3939/1707/2596 3943/1706/2596 4287/1734/2596
f 3939/5/2438 4286/1736/2438 4288/1735/2438 3949/1685/2438
f 3983/1710/2597 4290/1738/2597 4289/1737/2597 3985/1711/2597
f 4287/1739/2442 3943/9/2442 3973/1716/2442 4291/1740/2442
f 3951/1741/2598 4293/1744/2598 4292/1743/2598 3953/1742/2598
f 3953/1721/2599 4292/1746/2599 4294/1745/2599 3981/1722/2599
f 4295/1747/2600 3975/1726/2600 3977/1725/2600 4296/1728/2600
f 4296/1728/2601 3977/1725/2601 3987/1730/2601 4297/1748/2601
f 3981/1722/2602 4294/1745/2602 4290/1738/2602 3983/1710/2602
f 3949/1749/2603 4288/1750/2603 4293/1744/2603 3951/1741/2603
f 4291/1740/2604 3973/1716/2604 3975/1726/2604 4295/1747/2604
f 3985/1711/2606 4289/1737/2606 4297/1748/2606 3987/1730/2606
f 4298/1733/2596 3945/1707/2596 4003/1706/2596 4299/1751/2596
f 3945/5/2438 4298/1709/2438 4300/1708/2438 3979/1685/2438
f 4027/1710/2597 4302/1753/2597 4301/1737/2597 4029/1752/2597
f 4299/1714/2442 4003/9/2442 4021/1716/2442 4303/1754/2442
f 4015/1741/2598 4305/1755/2598 4304/1719/2598 4017/1742/2598
f 4017/1721/2599 4304/1756/2599 4306/1723/2599 4025/1722/2599
f 4019/1725/2600 4308/1728/2600 4307/1747/2600 4023/1726/2600
f 4308/1728/2601 4019/1725/2601 4031/1730/2601 4309/1729/2601
f 4025/1722/2602 4306/1723/2602 4302/1753/2602 4027/1710/2602
f 3979/1749/2603 4300/1757/2603 4305/1755/2603 4015/1741/2603
f 4303/1754/2604 4021/1716/2604 4023/1726/2604 4307/1747/2604
f 4029/1752/2605 4301/1737/2605 4309/1729/2605 4031/1730/2605
f 4085/1758/2607 4239/1761/2607 4238/1760/2607 4087/1759/2607
f 4239/1762/2438 4085/5/2438 4097/1764/2438 4240/1763/2438
f 4241/1765/2578 4127/1461/2578 4129/1767/2578 4242/1766/2578
f 4087/11/2435 4238/1769/2435 4243/1768/2435 4115/1669/2435
f 4244/1770/2608 4109/1458/2608 4111/1459/2608 4245/1771/2608
f 4245/1771/2609 4111/1459/2609 4125/1460/2609 4246/1772/2609
f 4247/1773/2610 4113/1776/2610 4117/1775/2610 4248/1774/2610
f 4113/1776/2611 4247/1773/2611 4249/1778/2611 4131/1777/2611
f 4246/1772/2612 4125/1460/2612 4127/1461/2612 4241/1765/2612
f 4240/1779/2613 4097/1457/2613 4109/1458/2613 4244/1770/2613
f 4115/1669/2614 4243/1768/2614 4248/1774/2614 4117/1775/2614
f 4242/1766/2615 4129/1767/2615 4131/1777/2615 4249/1778/2615
f 3941/1758/2607 4251/1780/2607 4250/1760/2607 3947/1759/2607
f 4251/1762/2438 3941/5/2438 3955/1782/2438 4252/1781/2438
f 4253/1766/2578 3967/1461/2578 3969/1767/2578 4254/1783/2578
f 3947/11/2435 4250/1784/2435 4255/1768/2435 3989/1669/2435
f 4256/1785/2608 3957/1458/2608 3959/1459/2608 4257/1773/2608
f 4257/1773/2609 3959/1459/2609 3965/1460/2609 4258/1786/2609
f 3961/1787/2610 4260/1789/2610 4259/1788/2610 3963/1776/2610
f 3963/1776/2611 4259/1788/2611 4261/1790/2611 3971/1777/2611
f 4258/1786/2612 3965/1460/2612 3967/1461/2612 4253/1766/2612
f 4252/1791/2613 3955/1457/2613 3957/1458/2613 4256/1785/2613
f 4260/1789/2614 3961/1787/2614 3989/1669/2614 4255/1768/2614
f 4254/1783/2615 3969/1767/2615 3971/1777/2615 4261/1790/2615
f 4155/1758/2616 4311/1780/2616 4310/1760/2616 4159/1759/2616
f 4311/1709/2435 4155/5/2435 4193/1793/2435 4312/1792/2435
f 4313/1794/2617 4221/1461/2617 4223/1767/2617 4314/1795/2617
f 4159/11/2432 4310/1797/2432 4315/1796/2432 4207/1669/2432
f 4316/1798/2618 4195/1458/2618 4197/1459/2618 4317/1799/2618
f 4317/1799/2619 4197/1459/2619 4219/1460/2619 4318/1800/2619
f 4319/1801/2620 4199/1803/2620 4209/1775/2620 4320/1802/2620
f 4199/1803/2621 4319/1801/2621 4321/1804/2621 4225/1777/2621
f 4318/1800/2622 4219/1460/2622 4221/1461/2622 4313/1794/2622
f 4312/1805/2623 4193/1457/2623 4195/1458/2623 4316/1798/2623
f 4207/1669/2624 4315/1796/2624 4320/1802/2624 4209/1775/2624
f 4314/1795/2625 4223/1767/2625 4225/1777/2625 4321/1804/2625
f 4089/1758/2616 4323/1780/2616 4322/1806/2616 4091/1759/2616
f 4323/1736/2435 4089/5/2435 4119/1808/2435 4324/1807/2435
f 4325/1809/2617 4143/1461/2617 4145/1767/2617 4326/1810/2617
f 4091/11/2432 4322/1812/2432 4327/1811/2432 4133/1669/2432
f 4328/1813/2618 4121/1458/2618 4123/1459/2618 4329/1814/2618
f 4329/1814/2619 4123/1459/2619 4141/1460/2619 4330/1815/2619
f 4135/1775/2620 4332/1813/2620 4331/1816/2620 4137/1803/2620
f 4137/1803/2621 4331/1816/2621 4333/1817/2621 4147/1777/2621
f 4330/1815/2622 4141/1460/2622 4143/1461/2622 4325/1809/2622
f 4324/1818/2623 4119/1457/2623 4121/1458/2623 4328/1813/2623
f 4133/1669/2624 4327/1811/2624 4332/1813/2624 4135/1775/2624
f 4326/1810/2625 4145/1767/2625 4147/1777/2625 4333/1817/2625
f 4093/1758/2616 4335/1780/2616 4334/1806/2616 4153/1759/2616
f 4335/1709/2435 4093/5/2435 4139/1819/2435 4336/1792/2435
f 4337/1820/2617 4183/1461/2617 4185/1767/2617 4338/1795/2617
f 4153/11/2432 4334/1797/2432 4339/1821/2432 4177/1669/2432
f 4340/1822/2618 4171/1458/2618 4173/1459/2618 4341/1801/2618
f 4341/1801/2619 4173/1459/2619 4181/1460/2619 4342/1823/2619
f 4343/1801/2620 4175/1803/2620 4179/1775/2620 4344/1822/2620
f 4175/1803/2621 4343/1801/2621 4345/1800/2621 4187/1777/2621
f 4342/1823/2622 4181/1460/2622 4183/1461/2622 4337/1820/2622
f 4336/1824/2623 4139/1457/2623 4171/1458/2623 4340/1822/2623
f 4177/1669/2624 4339/1821/2624 4344/1822/2624 4179/1775/2624
f 4338/1795/2625 4185/1767/2625 4187/1777/2625 4345/1800/2625
f 4346/1733/2626 4151/1826/2626 4157/1825/2626 4347/1705/2626
f 4151/5/2442 4346/1709/2442 4348/1708/2442 4167/1685/2442
f 4213/1827/2627 4350/1713/2627 4349/1737/2627 4215/1828/2627
f 4347/1714/2432 4157/9/2432 4201/1829/2432 4351/1715/2432
f 4189/1830/2628 4353/1720/2628 4352/1832/2628 4191/1831/2628
f 4191/1833/2629 4352/1724/2629 4354/1723/2629 4211/1834/2629
f 4355/1835/2630 4203/1838/2630 4205/1837/2630 4356/1836/2630
f 4356/1836/2631 4205/1837/2631 4217/1839/2631 4357/1729/2631
f 4211/1834/2632 4354/1723/2632 4350/1713/2632 4213/1827/2632
f 4167/1840/2633 4348/1841/2633 4353/1720/2633 4189/1830/2633
f 4351/1715/2634 4201/1829/2634 4203/1838/2634 4355/1835/2634
f 4215/1828/2635 4349/1737/2635 4357/1729/2635 4217/1839/2635
f 4358/1733/2626 4005/1844/2626 4007/1843/2626 4359/1842/2626
f 4005/5/2442 4358/1736/2442 4360/1845/2442 4045/1685/2442
f 4067/1827/2627 4362/1713/2627 4361/1737/2627 4069/1828/2627
f 4359/1739/2432 4007/9/2432 4051/1829/2432 4363/1740/2432
f 4047/1846/2628 4365/1849/2628 4364/1848/2628 4049/1847/2628
f 4049/1850/2629 4364/1724/2629 4366/1852/2629 4065/1851/2629
f 4367/1853/2630 4053/1855/2630 4055/1854/2630 4368/1728/2630
f 4368/1728/2631 4055/1854/2631 4071/1839/2631 4369/1729/2631
f 4065/1851/2632 4366/1852/2632 4362/1713/2632 4067/1827/2632
f 4045/1856/2633 4360/1857/2633 4365/1849/2633 4047/1846/2633
f 4363/1740/2634 4051/1829/2634 4053/1855/2634 4367/1853/2634
f 4069/1828/2635 4361/1737/2635 4369/1729/2635 4071/1839/2635
f 4370/1733/2626 4013/1826/2626 4149/1825/2626 4371/1705/2626
f 4013/5/2442 4370/1709/2442 4372/1708/2442 4073/1685/2442
f 4081/1858/2627 4374/1713/2627 4373/1737/2627 4083/1859/2627
f 4371/1714/2432 4149/9/2432 4163/1860/2432 4375/1754/2432
f 4075/1830/2628 4377/1863/2628 4376/1862/2628 4077/1861/2628
f 4077/1833/2629 4376/1756/2629 4378/1864/2629 4079/1851/2629
f 4161/1837/2630 4380/1728/2630 4379/1853/2630 4165/1838/2630
f 4380/1728/2631 4161/1837/2631 4169/1839/2631 4381/1729/2631
f 4079/1851/2632 4378/1864/2632 4374/1713/2632 4081/1858/2632
f 4073/1865/2633 4372/1866/2633 4377/1863/2633 4075/1830/2633
f 4083/1859/2635 4373/1737/2635 4381/1729/2635 4169/1839/2635
f 4375/1754/2634 4163/1860/2634 4165/1838/2634 4379/1853/2634
f 4262/1867/2442 4094/11/2442 4099/1457/2442 4263/1868/2442
f 4264/1869/2627 3990/11/2627 4094/11/2627 4262/1867/2627
f 3990/11/2432 4264/1869/2432 4265/1870/2432 3992/1457/2432
f 3992/1457/2636 4265/1870/2636 4266/1871/2636 3994/1458/2636
f 3994/1458/2637 4266/1871/2637 4267/1872/2637 3996/1459/2637
f 3996/1459/2638 4267/1872/2638 4268/1873/2638 3998/1460/2638
f 3998/1460/2639 4268/1873/2639 4269/1875/2639 4000/1874/2639
f 4000/1874/2626 4269/1875/2626 4270/1876/2626 4102/1461/2626
f 4102/1461/2640 4270/1876/2640 4271/1877/2640 4104/1460/2640
f 4272/1878/2641 4100/1459/2641 4104/1460/2641 4271/1877/2641
f 4100/1459/2642 4272/1878/2642 4273/1871/2642 4106/1458/2642
f 4263/1868/2643 4099/1457/2643 4106/1458/2643 4273/1871/2643
f 3939/5/260 3949/1685/260 3376/1685/260 3372/1879/260 3343/5/260
f 3349/1880/261 3943/1706/261 3939/1707/261 3343/1881/261
f 3950/1882/2644 4521/1882/2644 4520/1883/2644 3952/1883/2644
f 3988/1884/2645 4411/1884/2645 4416/1885/2645 3960/1885/2645
f 3947/1759/261 3363/1887/261 3347/1886/261 3941/1758/261
f 3375/1888/257 3379/1685/257 3955/1782/257 3941/5/257 3347/5/257
f 3404/1889/258 3405/1699/258 3973/1716/258 3943/9/258 3349/9/258
f 3945/5/260 3979/1685/260 3411/1685/260 3410/1890/260 3358/5/260
f 3501/1880/261 4003/1706/261 3945/1707/261 3358/1881/261
f 4016/1891/2646 4532/1891/2646 4534/1892/2646 4024/1892/2646
f 3947/1759/259 3989/1699/259 3446/1699/259 3440/1893/259 3363/9/259
f 3949/1749/2647 3951/1741/2647 3377/1895/2647 3376/1894/2647
f 3378/1896/2648 3377/1895/2648 3951/1741/2648 3953/1742/2648
f 3412/1897/2649 3378/1898/2649 3953/1721/2649 3981/1722/2649
f 3379/1899/2650 3380/1901/2650 3957/1900/2650 3955/1782/2650
f 3380/1901/2651 3381/1903/2651 3959/1902/2651 3957/1900/2651
f 3381/1904/2652 3400/1907/2652 3965/1906/2652 3959/1905/2652
f 3383/1908/2653 3382/1909/2653 3961/1787/2653 3963/1776/2653
f 3382/1909/2654 3446/1910/2654 3989/1669/2654 3961/1787/2654
f 3403/1911/2655 3383/1908/2655 3963/1776/2655 3971/1777/2655
f 3400/1907/2656 3401/1913/2656 3967/1912/2656 3965/1906/2656
f 3401/1913/262 3402/1914/262 3969/1767/262 3967/1912/262
f 3402/1914/2657 3403/1911/2657 3971/1777/2657 3969/1767/2657
f 3405/1915/2658 3406/1916/2658 3975/1726/2658 3973/1716/2658
f 3406/1916/2659 3407/1917/2659 3977/1725/2659 3975/1726/2659
f 3977/1725/2660 3407/1917/2660 3415/1918/2660 3987/1730/2660
f 3979/1749/2647 4015/1741/2647 3525/1920/2647 3411/1919/2647
f 3413/1921/2661 3412/1897/2661 3981/1722/2661 3983/1710/2661
f 3985/1711/262 3414/1922/262 3413/1921/262 3983/1710/262
f 3415/1918/2662 3414/1922/2662 3985/1711/2662 3987/1730/2662
f 3661/11/262 4094/11/262 3990/11/262 3450/11/262
f 4107/1923/2592 4429/1923/2592 4419/1924/2592 4098/1924/2592
f 3990/11/259 3992/1457/259 3480/1457/259 3479/1456/259 3450/11/259
f 3994/1458/2663 3481/1458/2663 3480/1457/2663 3992/1457/2663
f 3996/1459/2664 3482/1459/2664 3481/1458/2664 3994/1458/2664
f 3998/1460/2665 3483/1460/2665 3482/1459/2665 3996/1459/2665
f 4000/1874/2666 3484/1461/2666 3483/1460/2666 3998/1460/2666
f 4102/1461/261 3680/1461/261 3484/1461/261 4000/1874/261
f 3528/1925/258 3531/1699/258 4021/1716/258 4003/9/258 3501/9/258
f 4005/5/257 4045/1685/257 3566/1685/257 3563/1879/257 3511/5/257
f 3511/1926/261 3512/1927/261 4007/1843/261 4005/1844/261
f 4012/1928/259 4490/1928/259 4492/1929/259 4072/1929/259
f 3512/9/259 3569/1889/259 3570/1699/259 4051/1829/259 4007/9/259
f 4009/5/260 4033/1685/260 3554/1685/260 3553/1890/260 3513/5/260
f 3514/1880/261 4011/1706/261 4009/1707/261 3513/1881/261
f 4058/1930/261 4506/1930/261 4505/1931/261 4060/1931/261
f 3558/1925/258 3564/1699/258 4041/1716/258 4011/9/258 3514/9/258
f 4013/5/257 4073/1685/257 3602/1685/257 3601/1890/257 3524/5/257
f 3793/1932/261 4149/1825/261 4013/1826/261 3524/1933/261
f 4214/1934/2667 4469/1934/2667 4477/1935/2667 4216/1935/2667
f 3526/1896/2648 3525/1936/2648 4015/1741/2648 4017/1742/2648
f 3533/1897/2649 3526/1937/2649 4017/1721/2649 4025/1722/2649
f 3532/1938/2659 3527/1917/2659 4019/1725/2659 4023/1726/2659
f 3527/1917/2660 3536/1939/2660 4031/1730/2660 4019/1725/2660
f 3531/1940/2658 3532/1938/2658 4023/1726/2658 4021/1716/2658
f 3534/1921/2661 3533/1897/2661 4025/1722/2661 4027/1710/2661
f 4029/1752/262 3535/1941/262 3534/1921/262 4027/1710/262
f 3536/1939/2662 3535/1941/2662 4029/1752/2662 4031/1730/2662
f 4033/1731/2647 4035/1717/2647 3555/1943/2647 3554/1942/2647
f 3556/1944/2648 3555/1945/2648 4035/1717/2648 4037/1718/2648
f 3573/1897/2649 3556/1937/2649 4037/1721/2649 4057/1722/2649
f 3565/1916/2659 3557/1917/2659 4039/1725/2659 4043/1726/2659
f 3557/1917/2660 3576/1939/2660 4063/1730/2660 4039/1725/2660
f 3564/1915/2658 3565/1916/2658 4043/1726/2658 4041/1716/2658
f 4047/1846/2650 3567/1947/2650 3566/1946/2650 4045/1856/2650
f 4049/1847/2651 3568/1949/2651 3567/1948/2651 4047/1846/2651
f 3568/1950/2652 4049/1850/2652 4065/1851/2652 3595/1951/2652
f 3571/1952/2654 4053/1855/2654 4051/1829/2654 3570/1953/2654
f 3572/1954/2653 4055/1854/2653 4053/1855/2653 3571/1952/2653
f 3598/1955/2655 4071/1839/2655 4055/1854/2655 3572/1954/2655
f 4057/1722/2661 4059/1710/2661 3574/1921/2661 3573/1897/2661
f 4061/1711/262 3575/1922/262 3574/1921/262 4059/1710/262
f 4061/1711/2662 4063/1730/2662 3576/1939/2662 3575/1922/2662
f 4065/1851/2656 4067/1827/2656 3596/1956/2656 3595/1951/2656
f 4067/1827/262 4069/1828/262 3597/1957/262 3596/1956/262
f 4069/1828/2657 4071/1839/2657 3598/1955/2657 3597/1957/2657
f 4075/1830/2650 3603/1959/2650 3602/1958/2650 4073/1865/2650
f 4077/1861/2651 3604/1961/2651 3603/1960/2651 4075/1830/2651
f 4079/1851/2652 3624/1963/2652 3604/1962/2652 4077/1833/2652
f 4079/1851/2656 4081/1858/2656 3625/1964/2656 3624/1963/2656
f 4081/1858/262 4083/1859/262 3626/1965/262 3625/1964/262
f 4083/1859/2657 4169/1839/2657 3822/1955/2657 3626/1965/2657
f 4126/1966/2668 4397/1966/2668 4402/1967/2668 4124/1967/2668
f 4087/1759/261 3642/1887/261 3634/1886/261 4085/1758/261
f 3673/1888/257 3676/1685/257 4097/1764/257 4085/5/257 3634/5/257
f 4087/1759/259 4115/1699/259 3729/1699/259 3724/1893/259 3642/9/259
f 4142/1968/2669 4445/1968/2669 4450/1969/2669 4140/1969/2669
f 4089/1758/261 4091/1759/261 3648/1971/261 3647/1970/261
f 3647/5/260 3728/1879/260 3731/1685/260 4119/1808/260 4089/5/260
f 4091/1759/258 4133/1699/258 3755/1699/258 3754/1889/258 3648/9/258
f 4170/1972/2670 4460/1972/2670 4456/1973/2670 4138/1973/2670
f 4093/1758/261 4153/1759/261 3801/1971/261 3657/1970/261
f 3657/5/260 3760/1890/260 3761/1685/260 4139/1819/260 4093/5/260
f 4094/11/257 3661/11/257 3677/1456/257 3678/1457/257 4099/1457/257
f 3676/1974/2650 3721/1976/2650 4109/1975/2650 4097/1764/2650
f 3682/1458/2671 4106/1458/2671 4099/1457/2671 3678/1457/2671
f 4100/1459/2672 3679/1459/2672 3681/1460/2672 4104/1460/2672
f 4106/1458/2587 3682/1458/2587 3679/1459/2587 4100/1459/2587
f 4104/1460/2673 3681/1460/2673 3680/1461/2673 4102/1461/2673
f 3721/1977/2651 3722/1979/2651 4111/1978/2651 4109/1975/2651
f 3722/1980/2652 3734/1907/2652 4125/1906/2652 4111/1905/2652
f 3737/1981/2655 3723/1908/2655 4113/1776/2655 4131/1777/2655
f 3723/1908/2653 3730/1982/2653 4117/1775/2653 4113/1776/2653
f 3730/1982/2654 3729/1983/2654 4115/1669/2654 4117/1775/2654
f 3732/1984/2647 4121/1986/2647 4119/1808/2647 3731/1985/2647
f 3733/1987/2648 4123/1988/2648 4121/1986/2648 3732/1984/2648
f 3762/1989/2649 4141/1906/2649 4123/1991/2649 3733/1990/2649
f 3734/1907/2656 3735/1992/2656 4127/1912/2656 4125/1906/2656
f 3735/1992/262 3736/1914/262 4129/1767/262 4127/1912/262
f 3736/1914/2657 3737/1981/2657 4131/1777/2657 4129/1767/2657
f 4135/1775/2658 3756/1994/2658 3755/1993/2658 4133/1669/2658
f 4137/1803/2659 3757/1995/2659 3756/1994/2659 4135/1775/2659
f 3757/1995/2660 4137/1803/2660 4147/1777/2660 3765/1996/2660
f 3842/1997/2647 4171/1999/2647 4139/1819/2647 3761/1998/2647
f 3763/2000/2661 4143/2001/2661 4141/1906/2661 3762/1989/2661
f 4145/1767/262 4143/2001/262 3763/2000/262 3764/2002/262
f 3765/1996/2662 4147/1777/2662 4145/1767/2662 3764/2002/2662
f 3793/9/259 3814/1925/259 3816/1699/259 4163/1860/259 4149/9/259
f 4151/5/257 4167/1685/257 3821/1685/257 3820/1890/257 3794/5/257
f 3812/1932/261 4157/1825/261 4151/1826/261 3794/1933/261
f 4148/2003/262 4491/2003/262 4490/1928/262 4012/1928/262
f 4153/1759/258 4177/1699/258 3848/1699/258 3845/1925/258 3801/9/258
f 4208/2004/2674 4440/2004/2674 4439/2005/2674 4198/2005/2674
f 4155/1758/261 4159/1759/261 3813/1971/261 3811/1970/261
f 3811/5/260 3872/1890/260 3873/1685/260 4193/1793/260 4155/5/260
f 3812/9/259 3877/1925/259 3883/1699/259 4201/1829/259 4157/9/259
f 4159/1759/258 4207/1699/258 3886/1699/258 3880/1925/258 3813/9/258
f 3822/1955/2655 4169/1839/2655 4161/1837/2655 3815/2006/2655
f 3815/2006/2653 4161/1837/2653 4165/1838/2653 3817/2007/2653
f 3817/2008/2654 4165/1838/2654 4163/1860/2654 3816/2009/2654
f 4189/1830/2650 3870/2011/2650 3821/2010/2650 4167/1840/2650
f 3843/2012/2648 4173/2013/2648 4171/1999/2648 3842/1997/2648
f 3850/1989/2649 4181/1906/2649 4173/1693/2649 3843/2014/2649
f 3844/1995/2660 4175/1803/2660 4187/1777/2660 3853/1996/2660
f 4175/1803/2659 3844/1995/2659 3849/1994/2659 4179/1775/2659
f 4179/1775/2658 3849/1994/2658 3848/1993/2658 4177/1669/2658
f 3851/2015/2661 4183/2001/2661 4181/1906/2661 3850/1989/2661
f 3851/2015/262 3852/2002/262 4185/1767/262 4183/2001/262
f 3853/1996/2662 4187/1777/2662 4185/1767/2662 3852/2002/2662
f 4191/1831/2651 3871/2017/2651 3870/2016/2651 4189/1830/2651
f 4211/1834/2652 3888/2019/2652 3871/2018/2652 4191/1833/2652
f 3874/2020/2647 4195/2022/2647 4193/1793/2647 3873/2021/2647
f 3875/2023/2648 4197/2024/2648 4195/2022/2648 3874/2020/2648
f 3892/1989/2649 4219/1906/2649 4197/1693/2649 3875/2014/2649
f 3876/1995/2660 4199/1803/2660 4225/1777/2660 3895/1996/2660
f 4199/1803/2659 3876/1995/2659 3887/1994/2659 4209/1775/2659
f 3884/2025/2654 4203/1838/2654 4201/1829/2654 3883/2026/2654
f 3885/2006/2653 4205/1837/2653 4203/1838/2653 3884/2025/2653
f 3891/1955/2655 4217/1839/2655 4205/1837/2655 3885/2006/2655
f 4209/1775/2658 3887/1994/2658 3886/1993/2658 4207/1669/2658
f 4211/1834/2656 4213/1827/2656 3889/2027/2656 3888/2019/2656
f 4213/1827/262 4215/1828/262 3890/1957/262 3889/2027/262
f 4215/1828/2657 4217/1839/2657 3891/1955/2657 3890/1957/2657
f 3893/2000/2661 4221/2001/2661 4219/1906/2661 3892/1989/2661
f 4223/1767/262 4221/2001/262 3893/2000/262 3894/2002/262
f 3895/1996/2662 4225/1777/2662 4223/1767/2662 3894/2002/2662
f 3926/2028/260 4226/1671/260 4227/2030/260 3914/2029/260
f 3914/2029/2675 4227/2030/2675 4228/1680/2675 3916/2031/2675
f 3924/2032/260 4229/1666/260 4230/1667/260 3934/2033/260
f 3928/2034/260 4231/1670/260 4226/1671/260 3926/2028/260
f 3918/2035/260 4232/1672/260 4233/1673/260 3920/2036/260
f 3920/2036/260 4233/1673/260 4234/1674/260 3922/2037/260
f 3936/1682/260 4235/1673/260 4236/1677/260 3930/1681/260
f 3932/2038/260 4237/1678/260 4235/1673/260 3936/1682/260
f 3922/2037/260 4234/1674/260 4229/1666/260 3924/2032/260
f 3916/2031/260 4228/1680/260 4232/1672/260 3918/2035/260
f 3930/1681/2675 4236/1677/2675 4231/1670/2675 3928/2034/2675
f 3934/2033/260 4230/1667/260 4237/1678/260 3932/2038/260
f 4086/2039/260 4238/1769/260 4239/2041/260 4084/2040/260
f 4084/2040/260 4239/2041/260 4240/1779/260 4096/2042/260
f 4126/1966/260 4241/1765/260 4242/1766/260 4128/1966/260
f 4114/1884/260 4243/1768/260 4238/1769/260 4086/2039/260
f 4108/2043/260 4244/1770/260 4245/1771/260 4110/2044/260
f 4110/2044/260 4245/1771/260 4246/1772/260 4124/1967/260
f 4112/2045/260 4247/1773/260 4248/1774/260 4116/2046/260
f 4130/2047/260 4249/1778/260 4247/1773/260 4112/2045/260
f 4124/1967/260 4246/1772/260 4241/1765/260 4126/1966/260
f 4096/2042/260 4240/1779/260 4244/1770/260 4108/2043/260
f 4116/2046/260 4248/1774/260 4243/1768/260 4114/1884/260
f 4128/1966/260 4242/1766/260 4249/1778/260 4130/2047/260
f 3946/2048/260 4250/1784/260 4251/2041/260 3940/2049/260
f 3940/2049/260 4251/2041/260 4252/1791/260 3954/2050/260
f 3966/2051/260 4253/1766/260 4254/1783/260 3968/1966/260
f 3988/1884/260 4255/1768/260 4250/1784/260 3946/2048/260
f 3956/2052/260 4256/1785/260 4257/1773/260 3958/2053/260
f 3958/2053/260 4257/1773/260 4258/1786/260 3964/2054/260
f 3962/2055/260 4259/1788/260 4260/1789/260 3960/1885/260
f 3970/2056/260 4261/1790/260 4259/1788/260 3962/2055/260
f 3964/2054/2675 4258/1786/2675 4253/1766/2675 3966/2051/2675
f 3954/2050/260 4252/1791/260 4256/1785/260 3956/2052/260
f 3960/1885/260 4260/1789/260 4255/1768/260 3988/1884/260
f 3968/1966/260 4254/1783/260 4261/1790/260 3970/2056/260
f 4095/2057/258 4262/1867/258 4263/1868/258 4098/1924/258
f 3991/2058/258 4264/1869/258 4262/1867/258 4095/2057/258
f 3993/2059/258 4265/1870/258 4264/1869/258 3991/2058/258
f 3995/2060/2676 4266/1871/2676 4265/1870/2676 3993/2059/2676
f 3997/2061/258 4267/1872/258 4266/1871/258 3995/2060/258
f 3999/2062/258 4268/1873/258 4267/1872/258 3997/2061/258
f 4001/2063/258 4269/1875/258 4268/1873/258 3999/2062/258
f 4103/2063/258 4270/1876/258 4269/1875/258 4001/2063/258
f 4105/2064/258 4271/1877/258 4270/1876/258 4103/2063/258
f 4101/2065/258 4272/1878/258 4271/1877/258 4105/2064/258
f 4107/1923/258 4273/1871/258 4272/1878/258 4101/2065/258
f 4098/1924/258 4263/1868/258 4273/1871/258 4107/1923/258
f 4008/2066/257 4274/2068/257 4275/1705/257 4010/2067/257
f 4032/2069/257 4276/1732/257 4274/2068/257 4008/2066/257
f 4060/1931/2563 4277/2071/2563 4278/2070/2563 4058/1930/2563
f 4010/2067/257 4275/1705/257 4279/2073/257 4040/2072/257
f 4036/1891/257 4280/1719/257 4281/1720/257 4034/2074/257
f 4056/2075/257 4282/2076/257 4280/1719/257 4036/1891/257
f 4042/2077/257 4283/2080/257 4284/2079/257 4038/2078/257
f 4038/2078/257 4284/2079/257 4285/2082/257 4062/2081/257
f 4058/1930/257 4278/2070/257 4282/2076/257 4056/2075/257
f 4034/2074/257 4281/1720/257 4276/1732/257 4032/2069/257
f 4040/2072/257 4279/2073/257 4283/2080/257 4042/2077/257
f 4062/2081/257 4285/2082/257 4277/2071/257 4060/1931/257
f 3938/2083/257 4286/2085/257 4287/1734/257 3942/2084/257
f 3948/2086/257 4288/1750/257 4286/2085/257 3938/2083/257
f 3984/2087/257 4289/2090/257 4290/2089/257 3982/2088/257
f 3942/2084/257 4287/1734/257 4291/2092/257 3972/2091/257
f 3952/1883/257 4292/1743/257 4293/1744/257 3950/1882/257
f 3980/2093/257 4294/2094/257 4292/1743/257 3952/1883/257
f 3974/2095/257 4295/2098/257 4296/2097/257 3976/2096/257
f 3976/2096/257 4296/2097/257 4297/2100/257 3986/2099/257
f 3982/2088/257 4290/2089/257 4294/2094/257 3980/2093/257
f 3950/1882/257 4293/1744/257 4288/1750/257 3948/2086/257
f 3972/2091/257 4291/2092/257 4295/2098/257 3974/2095/257
f 3986/2099/257 4297/2100/257 4289/2090/257 3984/2087/257
f 3944/2101/257 4298/2103/257 4299/1751/257 4002/2102/257
f 3978/2104/257 4300/1757/257 4298/2103/257 3944/2101/257
f 4028/2105/257 4301/2071/257 4302/2070/257 4026/2106/257
f 4002/2102/257 4299/1751/257 4303/1732/257 4020/2107/257
f 4016/1891/257 4304/1719/257 4305/1755/257 4014/2074/257
f 4024/1892/257 4306/2108/257 4304/1719/257 4016/1891/257
f 4022/2109/257 4307/2111/257 4308/1719/257 4018/2110/257
f 4018/2110/257 4308/1719/257 4309/2082/257 4030/2112/257
f 4026/2106/257 4302/2070/257 4306/2108/257 4024/1892/257
f 4014/2074/257 4305/1755/257 4300/1757/257 3978/2104/257
f 4020/2107/257 4303/1732/257 4307/2111/257 4022/2109/257
f 4030/2112/257 4309/2082/257 4301/2071/257 4028/2105/257
f 4158/2113/259 4310/1797/259 4311/2115/259 4154/2114/259
f 4154/2114/259 4311/2115/259 4312/1805/259 4192/2116/259
f 4220/2117/2677 4313/1794/2677 4314/1795/2677 4222/2118/2677
f 4206/2119/259 4315/1796/259 4310/1797/259 4158/2113/259
f 4194/2120/259 4316/1798/259 4317/1799/259 4196/2121/259
f 4196/2121/259 4317/1799/259 4318/1800/259 4218/2122/259
f 4198/2005/259 4319/1801/259 4320/1802/259 4208/2004/259
f 4224/2123/259 4321/1804/259 4319/1801/259 4198/2005/259
f 4218/2122/259 4318/1800/259 4313/1794/259 4220/2117/259
f 4192/2116/259 4312/1805/259 4316/1798/259 4194/2120/259
f 4208/2004/259 4320/1802/259 4315/1796/259 4206/2119/259
f 4222/2118/259 4314/1795/259 4321/1804/259 4224/2123/259
f 4090/2124/259 4322/1812/259 4323/2126/259 4088/2125/259
f 4088/2125/259 4323/2126/259 4324/1818/259 4118/2127/259
f 4142/1968/259 4325/1809/259 4326/1810/259 4144/2128/259
f 4132/2129/259 4327/1811/259 4322/1812/259 4090/2124/259
f 4120/2130/259 4328/1813/259 4329/1814/259 4122/2131/259
f 4122/2131/259 4329/1814/259 4330/1815/259 4140/1969/259
f 4136/2132/259 4331/1816/259 4332/1813/259 4134/2133/259
f 4146/2134/259 4333/1817/259 4331/1816/259 4136/2132/259
f 4140/1969/259 4330/1815/259 4325/1809/259 4142/1968/259
f 4118/2127/259 4324/1818/259 4328/1813/259 4120/2130/259
f 4134/2133/259 4332/1813/259 4327/1811/259 4132/2129/259
f 4144/2128/259 4326/1810/259 4333/1817/259 4146/2134/259
f 4152/2135/259 4334/1797/259 4335/2137/259 4092/2136/259
f 4092/2136/259 4335/2137/259 4336/1824/259 4138/1973/259
f 4182/2138/259 4337/1820/259 4338/1795/259 4184/2138/259
f 4176/2139/259 4339/1821/259 4334/1797/259 4152/2135/259
f 4170/1972/259 4340/1822/259 4341/1801/259 4172/2140/259
f 4172/2140/259 4341/1801/259 4342/1823/259 4180/2141/259
f 4174/2121/259 4343/1801/259 4344/1822/259 4178/2142/259
f 4186/2143/259 4345/1800/259 4343/1801/259 4174/2121/259
f 4180/2141/259 4342/1823/259 4337/1820/259 4182/2138/259
f 4138/1973/259 4336/1824/259 4340/1822/259 4170/1972/259
f 4178/2142/259 4344/1822/259 4339/1821/259 4176/2139/259
f 4184/2138/259 4338/1795/259 4345/1800/259 4186/2143/259
f 4150/2144/258 4346/2146/258 4347/1705/258 4156/2145/258
f 4166/2147/2676 4348/1841/2676 4346/2146/2676 4150/2144/2676
f 4214/1934/258 4349/2149/258 4350/2070/258 4212/2148/258
f 4156/2145/258 4347/1705/258 4351/1757/258 4200/2150/258
f 4190/2151/2676 4352/1832/2676 4353/1720/2676 4188/2152/2676
f 4210/2153/258 4354/2082/258 4352/1832/258 4190/2151/258
f 4202/2154/258 4355/2111/258 4356/2156/258 4204/2155/258
f 4204/2155/258 4356/2156/258 4357/2157/258 4216/1935/258
f 4212/2148/2676 4350/2070/2676 4354/2082/2676 4210/2153/2676
f 4188/2152/258 4353/1720/258 4348/1841/258 4166/2147/258
f 4200/2150/258 4351/1757/258 4355/2111/258 4202/2154/258
f 4216/1935/258 4357/2157/258 4349/2149/258 4214/1934/258
f 4004/2158/258 4358/2085/258 4359/1842/258 4006/2159/258
f 4044/2160/258 4360/1857/258 4358/2085/258 4004/2158/258
f 4068/2161/258 4361/2164/258 4362/2163/258 4066/2162/258
f 4006/2159/2676 4359/1842/2676 4363/2166/2676 4050/2165/2676
f 4048/2167/258 4364/1848/258 4365/1849/258 4046/2168/258
f 4064/2169/258 4366/2170/258 4364/1848/258 4048/2167/258
f 4052/2171/2676 4367/2173/2676 4368/1743/2676 4054/2172/2676
f 4054/2172/258 4368/1743/258 4369/2094/258 4070/2174/258
f 4066/2162/2676 4362/2163/2676 4366/2170/2676 4064/2169/2676
f 4046/2168/258 4365/1849/258 4360/1857/258 4044/2160/258
f 4050/2165/2676 4363/2166/2676 4367/2173/2676 4052/2171/2676
f 4070/2174/258 4369/2094/258 4361/2164/258 4068/2161/258
f 4012/1928/258 4370/2175/258 4371/1705/258 4148/2003/258
f 4072/1929/258 4372/1866/258 4370/2175/258 4012/1928/258
f 4082/2176/258 4373/2179/258 4374/2178/258 4080/2177/258
f 4148/2003/258 4371/1705/258 4375/2181/258 4162/2180/258
f 4076/2182/2676 4376/1862/2676 4377/1863/2676 4074/2183/2676
f 4078/2184/2676 4378/2185/2676 4376/1862/2676 4076/2182/2676
f 4164/2186/258 4379/2189/258 4380/2188/258 4160/2187/258
f 4160/2187/258 4380/2188/258 4381/2191/258 4168/2190/258
f 4080/2177/258 4374/2178/258 4378/2185/258 4078/2184/258
f 4074/2183/258 4377/1863/258 4372/1866/258 4072/1929/258
f 4168/2190/258 4381/2191/258 4373/2179/258 4082/2176/258
f 4162/2180/258 4375/2181/258 4379/2189/258 4164/2186/258
f 4385/2032/260 4386/2033/260 4393/2038/260 4391/1682/260 4392/1681/260 4387/2034/260 4382/2028/260 4383/2029/260 4384/2031/260 4388/2035/260 4389/2036/260 4390/2037/260
f 4409/2051/260 4410/1966/260 4417/2056/260 4415/2055/260 4416/1885/260 4411/1884/260 4406/2048/260 4407/2049/260 4408/2050/260 4412/2052/260 4413/2053/260 4414/2054/260
f 4418/2057/258 4419/1924/258 4429/1923/258 4428/2065/258 4427/2064/258 4426/2063/258 4425/2063/258 4424/2062/258 4423/2061/258 4422/2060/258 4421/2059/258 4420/2058/258
f 4397/1966/260 4398/1966/260 4405/2047/260 4403/2045/260 4404/2046/260 4399/1884/260 4394/2039/260 4395/2040/260 4396/2042/260 4400/2043/260 4401/2044/260 4402/1967/260
f 4108/2043/2678 4400/2043/2678 4396/2042/2678 4096/2042/2678
f 3970/2056/2667 4417/2056/2667 4410/1966/2667 3968/1966/2667
f 3936/1682/2672 4391/1682/2672 4393/2038/2672 3932/2038/2672
f 4114/1884/2645 4399/1884/2645 4404/2046/2645 4116/2046/2645
f 4098/1924/259 4419/1924/259 4418/2057/259 4095/2057/259
f 3924/2032/2666 4385/2032/2666 4390/2037/2666 3922/2037/2666
f 4130/2047/2667 4405/2047/2667 4398/1966/2667 4128/1966/2667
f 4095/2057/261 4418/2057/261 4420/2058/261 3991/2058/261
f 3918/2035/2663 4388/2035/2663 4384/2031/2663 3916/2031/2663
f 3940/2049/262 4407/2049/262 4406/2048/262 3946/2048/262
f 3991/2058/257 4420/2058/257 4421/2059/257 3993/2059/257
f 3928/2034/2671 4387/2034/2671 4392/1681/2671 3930/1681/2671
f 3954/2050/259 4408/2050/259 4407/2049/259 3940/2049/259
f 4084/2040/262 4395/2040/262 4394/2039/262 4086/2039/262
f 3993/2059/2588 4421/2059/2588 4422/2060/2588 3995/2060/2588
f 3932/2038/2673 4393/2038/2673 4386/2033/2673 3934/2033/2673
f 3968/1966/261 4410/1966/261 4409/2051/261 3966/2051/261
f 4096/2042/259 4396/2042/259 4395/2040/259 4084/2040/259
f 3995/2060/2589 4422/2060/2589 4423/2061/2589 3997/2061/2589
f 3946/2048/257 4406/2048/257 4411/1884/257 3988/1884/257
f 4128/1966/261 4398/1966/261 4397/1966/261 4126/1966/261
f 3997/2061/2590 4423/2061/2590 4424/2062/2590 3999/2062/2590
f 3958/2053/2679 4413/2053/2679 4412/2052/2679 3956/2052/2679
f 3914/2029/262 4383/2029/262 4382/2028/262 3926/2028/262
f 4086/2039/257 4394/2039/257 4399/1884/257 4114/1884/257
f 3999/2062/2591 4424/2062/2591 4425/2063/2591 4001/2063/2591
f 3964/2054/2680 4414/2054/2680 4413/2053/2680 3958/2053/2680
f 3916/2031/259 4384/2031/259 4383/2029/259 3914/2029/259
f 4110/2044/2679 4401/2044/2679 4400/2043/2679 4108/2043/2679
f 4001/2063/262 4425/2063/262 4426/2063/262 4103/2063/262
f 3960/1885/2681 4416/1885/2681 4415/2055/2681 3962/2055/2681
f 3934/2033/261 4386/2033/261 4385/2032/261 3924/2032/261
f 4124/1967/2680 4402/1967/2680 4401/2044/2680 4110/2044/2680
f 4103/2063/2594 4426/2063/2594 4427/2064/2594 4105/2064/2594
f 3962/2055/2682 4415/2055/2682 4417/2056/2682 3970/2056/2682
f 3926/2028/257 4382/2028/257 4387/2034/257 3928/2034/257
f 4116/2046/2681 4404/2046/2681 4403/2045/2681 4112/2045/2681
f 4105/2064/2595 4427/2064/2595 4428/2065/2595 4101/2065/2595
f 3966/2051/2668 4409/2051/2668 4414/2054/2668 3964/2054/2668
f 3920/2036/2664 4389/2036/2664 4388/2035/2664 3918/2035/2664
f 4112/2045/2682 4403/2045/2682 4405/2047/2682 4130/2047/2682
f 4101/2065/2593 4428/2065/2593 4429/1923/2593 4107/1923/2593
f 3956/2052/2678 4412/2052/2678 4408/2050/2678 3954/2050/2678
f 3922/2037/2665 4390/2037/2665 4389/2036/2665 3920/2036/2665
f 4445/1968/259 4446/2128/259 4453/2134/259 4451/2132/259 4452/2133/259 4447/2129/259 4442/2124/259 4443/2125/259 4444/2127/259 4448/2130/259 4449/2131/259 4450/1969/259
f 4457/2138/259 4458/2138/259 4465/2143/259 4463/2121/259 4464/2142/259 4459/2139/259 4454/2135/259 4455/2136/259 4456/1973/259 4460/1972/259 4461/2140/259 4462/2141/259
f 4433/2117/259 4434/2118/259 4441/2123/259 4439/2005/259 4440/2004/259 4435/2119/259 4430/2113/259 4431/2114/259 4432/2116/259 4436/2120/259 4437/2121/259 4438/2122/259
f 4198/2005/2683 4439/2005/2683 4441/2123/2683 4224/2123/2683
f 4176/2139/2684 4459/2139/2684 4464/2142/2684 4178/2142/2684
f 4120/2130/2670 4448/2130/2670 4444/2127/2670 4118/2127/2670
f 4220/2117/2669 4433/2117/2669 4438/2122/2669 4218/2122/2669
f 4186/2143/2685 4465/2143/2685 4458/2138/2685 4184/2138/2685
f 4132/2129/2684 4447/2129/2684 4452/2133/2684 4134/2133/2684
f 4194/2120/2670 4436/2120/2670 4432/2116/2670 4192/2116/2670
f 4146/2134/2685 4453/2134/2685 4446/2128/2685 4144/2128/2685
f 4206/2119/2684 4435/2119/2684 4440/2004/2684 4208/2004/2684
f 4092/2136/262 4455/2136/262 4454/2135/262 4152/2135/262
f 4224/2123/2685 4441/2123/2685 4434/2118/2685 4222/2118/2685
f 4138/1973/258 4456/1973/258 4455/2136/258 4092/2136/258
f 4088/2125/262 4443/2125/262 4442/2124/262 4090/2124/262
f 4184/2138/261 4458/2138/261 4457/2138/261 4182/2138/261
f 4118/2127/258 4444/2127/258 4443/2125/258 4088/2125/258
f 4154/2114/262 4431/2114/262 4430/2113/262 4158/2113/262
f 4152/2135/260 4454/2135/260 4459/2139/260 4176/2139/260
f 4144/2128/261 4446/2128/261 4445/1968/261 4142/1968/261
f 4192/2116/258 4432/2116/258 4431/2114/258 4154/2114/258
f 4172/2140/2644 4461/2140/2644 4460/1972/2644 4170/1972/2644
f 4090/2124/260 4442/2124/260 4447/2129/260 4132/2129/260
f 4222/2118/261 4434/2118/261 4433/2117/261 4220/2117/261
f 4180/2141/2646 4462/2141/2646 4461/2140/2646 4172/2140/2646
f 4122/2131/2644 4449/2131/2644 4448/2130/2644 4120/2130/2644
f 4158/2113/260 4430/2113/260 4435/2119/260 4206/2119/260
f 4178/2142/2674 4464/2142/2674 4463/2121/2674 4174/2121/2674
f 4140/1969/2646 4450/1969/2646 4449/2131/2646 4122/2131/2646
f 4196/2121/2644 4437/2121/2644 4436/2120/2644 4194/2120/2644
f 4174/2121/2683 4463/2121/2683 4465/2143/2683 4186/2143/2683
f 4134/2133/2674 4452/2133/2674 4451/2132/2674 4136/2132/2674
f 4218/2122/2646 4438/2122/2646 4437/2121/2646 4196/2121/2646
f 4182/2138/2669 4457/2138/2669 4462/2141/2669 4180/2141/2669
f 4136/2132/2683 4451/2132/2683 4453/2134/2683 4146/2134/2683
f 4488/2172/258 4489/2174/258 4481/2161/258 4482/2162/258 4486/2169/258 4484/2167/258 4485/2168/258 4480/2160/258 4478/2158/258 4479/2159/258 4483/2165/258 4487/2171/258
f 4490/1928/258 4491/2003/258 4495/2180/258 4499/2186/258 4500/2187/258 4501/2190/258 4493/2176/258 4494/2177/258 4498/2184/258 4496/2182/258 4497/2183/258 4492/1929/258
f 4476/2155/258 4477/1935/258 4469/1934/258 4470/2148/258 4474/2153/258 4472/2151/258 4473/2152/258 4468/2147/258 4466/2144/258 4467/2145/258 4471/2150/258 4475/2154/258
f 4006/2159/262 4479/2159/262 4478/2158/262 4004/2158/262
f 4080/2177/261 4494/2177/261 4493/2176/261 4082/2176/261
f 4004/2158/259 4478/2158/259 4480/2160/259 4044/2160/259
f 4156/2145/262 4467/2145/262 4466/2144/262 4150/2144/262
f 4162/2180/257 4495/2180/257 4491/2003/257 4148/2003/257
f 4066/2162/261 4482/2162/261 4481/2161/261 4068/2161/261
f 4150/2144/259 4466/2144/259 4468/2147/259 4166/2147/259
f 4074/2183/2679 4497/2183/2679 4496/2182/2679 4076/2182/2679
f 4050/2165/257 4483/2165/257 4479/2159/257 4006/2159/257
f 4212/2148/261 4470/2148/261 4469/1934/261 4214/1934/261
f 4076/2182/2680 4496/2182/2680 4498/2184/2680 4078/2184/2680
f 4046/2168/2679 4485/2168/2679 4484/2167/2679 4048/2167/2679
f 4200/2150/257 4471/2150/257 4467/2145/257 4156/2145/257
f 4160/2187/2681 4500/2187/2681 4499/2186/2681 4164/2186/2681
f 4048/2167/2680 4484/2167/2680 4486/2169/2680 4064/2169/2680
f 4188/2152/2679 4473/2152/2679 4472/2151/2679 4190/2151/2679
f 4168/2190/2682 4501/2190/2682 4500/2187/2682 4160/2187/2682
f 4054/2172/2681 4488/2172/2681 4487/2171/2681 4052/2171/2681
f 4190/2151/2680 4472/2151/2680 4474/2153/2680 4210/2153/2680
f 4078/2184/2668 4498/2184/2668 4494/2177/2668 4080/2177/2668
f 4070/2174/2682 4489/2174/2682 4488/2172/2682 4054/2172/2682
f 4204/2155/2681 4476/2155/2681 4475/2154/2681 4202/2154/2681
f 4072/1929/2678 4492/1929/2678 4497/2183/2678 4074/2183/2678
f 4064/2169/2668 4486/2169/2668 4482/2162/2668 4066/2162/2668
f 4216/1935/2682 4477/1935/2682 4476/2155/2682 4204/2155/2682
f 4082/2176/2667 4493/2176/2667 4501/2190/2667 4168/2190/2667
f 4044/2160/2678 4480/2160/2678 4485/2168/2678 4046/2168/2678
f 4210/2153/2668 4474/2153/2668 4470/2148/2668 4212/2148/2668
f 4164/2186/2645 4499/2186/2645 4495/2180/2645 4162/2180/2645
f 4052/2171/2645 4487/2171/2645 4483/2165/2645 4050/2165/2645
f 4166/2147/2678 4468/2147/2678 4473/2152/2678 4188/2152/2678
f 4068/2161/2667 4481/2161/2667 4489/2174/2667 4070/2174/2667
f 4202/2154/2645 4475/2154/2645 4471/2150/2645 4200/2150/2645
f 4524/2096/257 4525/2099/257 4517/2087/257 4518/2088/257 4522/2093/257 4520/1883/257 4521/1882/257 4516/2086/257 4514/2083/257 4515/2084/257 4519/2091/257 4523/2095/257
f 4536/2110/257 4537/2112/257 4529/2105/257 4530/2106/257 4534/1892/257 4532/1891/257 4533/2074/257 4528/2104/257 4526/2101/257 4527/2102/257 4531/2107/257 4535/2109/257
f 4512/2078/257 4513/2081/257 4505/1931/257 4506/1930/257 4510/2075/257 4508/1891/257 4509/2074/257 4504/2069/257 4502/2066/257 4503/2067/257 4507/2072/257 4511/2077/257
f 4040/2072/260 4507/2072/260 4503/2067/260 4010/2067/260
f 4018/2110/2674 4536/2110/2674 4535/2109/2674 4022/2109/2674
f 3952/1883/2646 4520/1883/2646 4522/2093/2646 3980/2093/2646
f 4034/2074/2644 4509/2074/2644 4508/1891/2644 4036/1891/2644
f 4030/2112/2683 4537/2112/2683 4536/2110/2683 4018/2110/2683
f 3976/2096/2674 4524/2096/2674 4523/2095/2674 3974/2095/2674
f 4036/1891/2646 4508/1891/2646 4510/2075/2646 4056/2075/2646
f 4024/1892/2669 4534/1892/2669 4530/2106/2669 4026/2106/2669
f 3986/2099/2683 4525/2099/2683 4524/2096/2683 3976/2096/2683
f 4038/2078/2674 4512/2078/2674 4511/2077/2674 4042/2077/2674
f 3978/2104/2670 4528/2104/2670 4533/2074/2670 4014/2074/2670
f 3980/2093/2669 4522/2093/2669 4518/2088/2669 3982/2088/2669
f 4062/2081/2683 4513/2081/2683 4512/2078/2683 4038/2078/2683
f 4022/2109/2684 4535/2109/2684 4531/2107/2684 4020/2107/2684
f 3948/2086/2670 4516/2086/2670 4521/1882/2670 3950/1882/2670
f 4056/2075/2669 4510/2075/2669 4506/1930/2669 4058/1930/2669
f 4028/2105/2685 4529/2105/2685 4537/2112/2685 4030/2112/2685
f 3974/2095/2684 4523/2095/2684 4519/2091/2684 3972/2091/2684
f 4032/2069/2670 4504/2069/2670 4509/2074/2670 4034/2074/2670
f 3984/2087/2685 4517/2087/2685 4525/2099/2685 3986/2099/2685
f 4042/2077/2684 4511/2077/2684 4507/2072/2684 4040/2072/2684
f 4002/2102/262 4527/2102/262 4526/2101/262 3944/2101/262
f 4060/1931/2685 4505/1931/2685 4513/2081/2685 4062/2081/2685
f 3944/2101/258 4526/2101/258 4528/2104/258 3978/2104/258
f 3942/2084/262 4515/2084/262 4514/2083/262 3938/2083/262
f 4026/2106/261 4530/2106/261 4529/2105/261 4028/2105/261
f 3938/2083/258 4514/2083/258 4516/2086/258 3948/2086/258
f 4010/2067/262 4503/2067/262 4502/2066/262 4008/2066/262
f 4020/2107/260 4531/2107/260 4527/2102/260 4002/2102/260
f 3982/2088/261 4518/2088/261 4517/2087/261 3984/2087/261
f 4008/2066/258 4502/2066/258 4504/2069/258 4032/2069/258
f 4014/2074/2644 4533/2074/2644 4532/1891/2644 4016/1891/2644
f 3972/2091/260 4519/2091/260 4515/2084/260 3942/2084/260
f 3445/1308/262 3669/1304/262 3668/1304/262 3444/1309/262
f 3667/1309/2686 3436/1306/2686 3451/1246/2686 3453/1454/2686
f 3436/1306/257 3442/1158/257 3455/1081/257 3451/1246/257
f 3672/982/259 3671/1307/259 3674/1307/259
f 3441/1306/257 3442/1158/257 3436/1306/257
f 3688/965/259 3672/982/259 3674/1307/259 3685/965/259
f 3439/1304/262 3666/1304/262 3665/1308/262 3443/1309/262
f 3438/982/262 3666/1304/262 3439/1304/262
f 3675/1304/257 3669/1304/257 3687/1221/257 3683/1221/257
f 3445/1308/259 3667/1309/259 3453/1454/259 3459/1454/259
f 3444/1309/259 3667/1309/259 3445/1308/259
f 3668/1304/257 3669/1304/257 3675/1304/257
